[{"rt":2311,"url":"external-consent.html","trial_type":"external-html","trial_index":0,"time_elapsed":2335,"internal_node_id":"0.0-0.0","score":0.9431818181818182,"early_termination":false},{"rt":12243,"responses":"{\"Q0\":\"NA\",\"Q1\":\"NA\",\"Q2\":\"NA\"}","trial_type":"survey-text","trial_index":1,"time_elapsed":14580,"internal_node_id":"0.0-1.0","score":0.9431818181818182,"early_termination":false},{"success":true,"trial_type":"fullscreen","trial_index":2,"time_elapsed":17363,"internal_node_id":"0.0-2.0","score":0.9431818181818182,"early_termination":false},{"results":[{"id":"train-images","loop_number":1,"shape":"test2","outlier_type":"NA","choice":5,"outlierPosition":5,"success":true,"majorityOfMostRegularShapes":true,"rt":4758,"rot1":25,"rot2":-25,"rot3":5,"rot4":-15,"rot5":-5,"rot6":15,"dil1":1.125,"dil2":0.975,"dil3":1.075,"dil4":1.025,"dil5":0.925,"dil6":0.875,"rots":[25,-25,5,-15,-5,15],"dils":[1.125,0.975,1.075,1.025,0.925,0.875],"possible_pos":[0,1,2,3,4,5]},{"id":"train-images","loop_number":1,"shape":"test8","outlier_type":"NA","choice":2,"outlierPosition":2,"success":true,"majorityOfMostRegularShapes":false,"rt":1181,"rot1":5,"rot2":-25,"rot3":15,"rot4":-15,"rot5":25,"rot6":-5,"dil1":0.975,"dil2":0.875,"dil3":0.925,"dil4":1.075,"dil5":1.025,"dil6":1.125,"rots":[5,-25,15,-15,25,-5],"dils":[0.975,0.875,0.925,1.075,1.025,1.125],"possible_pos":[0,1,2,3,4,5]},{"id":"train-images","loop_number":1,"shape":"test10","outlier_type":"NA","choice":1,"outlierPosition":1,"success":true,"majorityOfMostRegularShapes":true,"rt":1208,"rot1":-5,"rot2":5,"rot3":15,"rot4":25,"rot5":-15,"rot6":-25,"dil1":0.975,"dil2":0.925,"dil3":1.125,"dil4":0.875,"dil5":1.025,"dil6":1.075,"rots":[-5,5,15,25,-15,-25],"dils":[0.975,0.925,1.125,0.875,1.025,1.075],"possible_pos":[0,1,2,3,4,5]},{"id":"train-images","loop_number":1,"shape":"test2","outlier_type":"NA","choice":0,"outlierPosition":0,"success":true,"majorityOfMostRegularShapes":false,"rt":1162,"rot1":5,"rot2":-5,"rot3":-25,"rot4":25,"rot5":15,"rot6":-15,"dil1":0.975,"dil2":0.925,"dil3":1.075,"dil4":1.025,"dil5":1.125,"dil6":0.875,"rots":[5,-5,-25,25,15,-15],"dils":[0.975,0.925,1.075,1.025,1.125,0.875],"possible_pos":[0,1,2,3,4,5]},{"id":"train-images","loop_number":1,"shape":"test7","outlier_type":"NA","choice":4,"outlierPosition":4,"success":true,"majorityOfMostRegularShapes":false,"rt":1464,"rot1":5,"rot2":-15,"rot3":-5,"rot4":-25,"rot5":25,"rot6":15,"dil1":0.925,"dil2":1.125,"dil3":0.975,"dil4":1.025,"dil5":0.875,"dil6":1.075,"rots":[5,-15,-5,-25,25,15],"dils":[0.925,1.125,0.975,1.025,0.875,1.075],"possible_pos":[0,1,2,3,4,5]},{"id":"train-images","loop_number":1,"shape":"test1","outlier_type":"NA","choice":4,"outlierPosition":4,"success":true,"majorityOfMostRegularShapes":true,"rt":869,"rot1":-25,"rot2":25,"rot3":-5,"rot4":-15,"rot5":15,"rot6":5,"dil1":1.075,"dil2":0.975,"dil3":0.875,"dil4":0.925,"dil5":1.125,"dil6":1.025,"rots":[-25,25,-5,-15,15,5],"dils":[1.075,0.975,0.875,0.925,1.125,1.025],"possible_pos":[0,1,2,3,4,5]},{"id":"train-images","loop_number":1,"shape":"test9","outlier_type":"NA","choice":2,"outlierPosition":2,"success":true,"majorityOfMostRegularShapes":true,"rt":1091,"rot1":25,"rot2":-25,"rot3":5,"rot4":-5,"rot5":-15,"rot6":15,"dil1":1.075,"dil2":0.925,"dil3":0.975,"dil4":1.025,"dil5":1.125,"dil6":0.875,"rots":[25,-25,5,-5,-15,15],"dils":[1.075,0.925,0.975,1.025,1.125,0.875],"possible_pos":[0,1,2,3,4,5]},{"id":"train-images","loop_number":1,"shape":"test6","outlier_type":"NA","choice":1,"outlierPosition":1,"success":true,"majorityOfMostRegularShapes":true,"rt":1810,"rot1":5,"rot2":-25,"rot3":25,"rot4":-15,"rot5":-5,"rot6":15,"dil1":0.925,"dil2":0.975,"dil3":1.125,"dil4":1.025,"dil5":1.075,"dil6":0.875,"rots":[5,-25,25,-15,-5,15],"dils":[0.925,0.975,1.125,1.025,1.075,0.875],"possible_pos":[0,1,2,3,4,5]},{"id":"train-images","loop_number":1,"shape":"test5","outlier_type":"NA","choice":3,"outlierPosition":3,"success":true,"majorityOfMostRegularShapes":true,"rt":1285,"rot1":-25,"rot2":-5,"rot3":25,"rot4":-15,"rot5":15,"rot6":5,"dil1":0.925,"dil2":1.075,"dil3":0.975,"dil4":1.125,"dil5":1.025,"dil6":0.875,"rots":[-25,-5,25,-15,15,5],"dils":[0.925,1.075,0.975,1.125,1.025,0.875],"possible_pos":[0,1,2,3,4,5]},{"id":"train-images","loop_number":1,"shape":"test4","outlier_type":"NA","choice":1,"outlierPosition":0,"success":false,"majorityOfMostRegularShapes":false,"rt":1819,"rot1":-5,"rot2":15,"rot3":5,"rot4":25,"rot5":-25,"rot6":-15,"dil1":1.025,"dil2":0.875,"dil3":0.975,"dil4":1.075,"dil5":1.125,"dil6":0.925,"rots":[-5,15,5,25,-25,-15],"dils":[1.025,0.875,0.975,1.075,1.125,0.925],"possible_pos":[0,1,2,3,4,5]},{"id":"train-images","loop_number":1,"shape":"test3","outlier_type":"NA","choice":3,"outlierPosition":3,"success":true,"majorityOfMostRegularShapes":false,"rt":1497,"rot1":-15,"rot2":25,"rot3":5,"rot4":-25,"rot5":15,"rot6":-5,"dil1":1.075,"dil2":0.975,"dil3":1.125,"dil4":0.925,"dil5":0.875,"dil6":1.025,"rots":[-15,25,5,-25,15,-5],"dils":[1.075,0.975,1.125,0.925,0.875,1.025],"possible_pos":[0,1,2,3,4,5]},{"id":"train-images","loop_number":1,"shape":"test4","outlier_type":"NA","choice":1,"outlierPosition":1,"success":true,"majorityOfMostRegularShapes":true,"rt":1602,"rot1":15,"rot2":-15,"rot3":-5,"rot4":25,"rot5":5,"rot6":-25,"dil1":1.125,"dil2":1.075,"dil3":0.925,"dil4":0.975,"dil5":1.025,"dil6":0.875,"rots":[15,-15,-5,25,5,-25],"dils":[1.125,1.075,0.925,0.975,1.025,0.875],"possible_pos":[0,1,2,3,4,5]},{"id":"train-images","loop_number":1,"shape":"test3","outlier_type":"NA","choice":3,"outlierPosition":3,"success":true,"majorityOfMostRegularShapes":true,"rt":1385,"rot1":-25,"rot2":15,"rot3":-15,"rot4":-5,"rot5":25,"rot6":5,"dil1":1.025,"dil2":1.075,"dil3":0.925,"dil4":1.125,"dil5":0.875,"dil6":0.975,"rots":[-25,15,-15,-5,25,5],"dils":[1.025,1.075,0.925,1.125,0.875,0.975],"possible_pos":[0,1,2,3,4,5]},{"id":"train-images","loop_number":1,"shape":"test10","outlier_type":"NA","choice":5,"outlierPosition":5,"success":true,"majorityOfMostRegularShapes":false,"rt":1230,"rot1":15,"rot2":25,"rot3":-15,"rot4":5,"rot5":-25,"rot6":-5,"dil1":1.075,"dil2":0.875,"dil3":0.925,"dil4":0.975,"dil5":1.125,"dil6":1.025,"rots":[15,25,-15,5,-25,-5],"dils":[1.075,0.875,0.925,0.975,1.125,1.025],"possible_pos":[0,1,2,3,4,5]},{"id":"train-images","loop_number":1,"shape":"test6","outlier_type":"NA","choice":5,"outlierPosition":5,"success":true,"majorityOfMostRegularShapes":false,"rt":4217,"rot1":15,"rot2":-25,"rot3":5,"rot4":25,"rot5":-5,"rot6":-15,"dil1":1.125,"dil2":1.025,"dil3":1.075,"dil4":0.975,"dil5":0.925,"dil6":0.875,"rots":[15,-25,5,25,-5,-15],"dils":[1.125,1.025,1.075,0.975,0.925,0.875],"possible_pos":[0,1,2,3,4,5]},{"id":"train-images","loop_number":1,"shape":"test8","outlier_type":"NA","choice":1,"outlierPosition":1,"success":true,"majorityOfMostRegularShapes":true,"rt":1713,"rot1":5,"rot2":15,"rot3":-5,"rot4":-25,"rot5":25,"rot6":-15,"dil1":1.025,"dil2":0.875,"dil3":1.125,"dil4":1.075,"dil5":0.925,"dil6":0.975,"rots":[5,15,-5,-25,25,-15],"dils":[1.025,0.875,1.125,1.075,0.925,0.975],"possible_pos":[0,1,2,3,4,5]},{"id":"train-images","loop_number":1,"shape":"test5","outlier_type":"NA","choice":2,"outlierPosition":2,"success":true,"majorityOfMostRegularShapes":false,"rt":1345,"rot1":-5,"rot2":-15,"rot3":25,"rot4":5,"rot5":-25,"rot6":15,"dil1":0.975,"dil2":0.875,"dil3":1.125,"dil4":1.075,"dil5":0.925,"dil6":1.025,"rots":[-5,-15,25,5,-25,15],"dils":[0.975,0.875,1.125,1.075,0.925,1.025],"possible_pos":[0,1,2,3,4,5]},{"id":"train-images","loop_number":1,"shape":"test7","outlier_type":"NA","choice":5,"outlierPosition":5,"success":true,"majorityOfMostRegularShapes":true,"rt":1199,"rot1":15,"rot2":-25,"rot3":-15,"rot4":5,"rot5":-5,"rot6":25,"dil1":1.075,"dil2":1.025,"dil3":1.125,"dil4":0.875,"dil5":0.975,"dil6":0.925,"rots":[15,-25,-15,5,-5,25],"dils":[1.075,1.025,1.125,0.875,0.975,0.925],"possible_pos":[0,1,2,3,4,5]},{"id":"train-images","loop_number":1,"shape":"test1","outlier_type":"NA","choice":5,"outlierPosition":5,"success":true,"majorityOfMostRegularShapes":false,"rt":789,"rot1":5,"rot2":-25,"rot3":-5,"rot4":-15,"rot5":25,"rot6":15,"dil1":1.125,"dil2":0.925,"dil3":0.875,"dil4":0.975,"dil5":1.075,"dil6":1.025,"rots":[5,-25,-5,-15,25,15],"dils":[1.125,0.925,0.875,0.975,1.075,1.025],"possible_pos":[0,1,2,3,4,5]},{"id":"train-images","loop_number":1,"shape":"test9","outlier_type":"NA","choice":2,"outlierPosition":2,"success":true,"majorityOfMostRegularShapes":false,"rt":1191,"rot1":5,"rot2":25,"rot3":-25,"rot4":15,"rot5":-5,"rot6":-15,"dil1":1.125,"dil2":0.975,"dil3":1.075,"dil4":0.875,"dil5":0.925,"dil6":1.025,"rots":[5,25,-25,15,-5,-15],"dils":[1.125,0.975,1.075,0.875,0.925,1.025],"possible_pos":[0,1,2,3,4,5]}],"trial_type":"oddball-grid-image","trial_index":3,"time_elapsed":196835,"internal_node_id":"0.0-3.0","score":0.9431818181818182,"early_termination":false},{"results":[{"id":"gen2","loop_number":1,"shape":2,"outlier_type":"NA","choice":2,"outlierPosition":2,"success":true,"majorityOfMostRegularShapes":false,"rt":855,"rot1":25,"rot2":15,"rot3":-25,"rot4":5,"rot5":-5,"rot6":-15,"dil1":0.975,"dil2":0.875,"dil3":1.025,"dil4":0.925,"dil5":1.125,"dil6":1.075,"rots":[25,15,-25,5,-5,-15],"dils":[0.975,0.875,1.025,0.925,1.125,1.075]},{"id":"gen2","loop_number":1,"shape":1,"outlier_type":"NA","choice":1,"outlierPosition":1,"success":true,"majorityOfMostRegularShapes":true,"rt":863,"rot1":-15,"rot2":-5,"rot3":-25,"rot4":25,"rot5":5,"rot6":15,"dil1":0.875,"dil2":0.925,"dil3":0.975,"dil4":1.075,"dil5":1.125,"dil6":1.025,"rots":[-15,-5,-25,25,5,15],"dils":[0.875,0.925,0.975,1.075,1.125,1.025]},{"id":"gen2","loop_number":1,"shape":0,"outlier_type":"NA","choice":5,"outlierPosition":5,"success":true,"majorityOfMostRegularShapes":true,"rt":2269,"rot1":5,"rot2":25,"rot3":-15,"rot4":15,"rot5":-5,"rot6":-25,"dil1":1.025,"dil2":0.925,"dil3":0.875,"dil4":1.075,"dil5":0.975,"dil6":1.125,"rots":[5,25,-15,15,-5,-25],"dils":[1.025,0.925,0.875,1.075,0.975,1.125]},{"id":"gen2","loop_number":1,"shape":2,"outlier_type":"NA","choice":3,"outlierPosition":3,"success":true,"majorityOfMostRegularShapes":true,"rt":1677,"rot1":-25,"rot2":5,"rot3":-5,"rot4":-15,"rot5":15,"rot6":25,"dil1":0.925,"dil2":1.025,"dil3":0.875,"dil4":0.975,"dil5":1.075,"dil6":1.125,"rots":[-25,5,-5,-15,15,25],"dils":[0.925,1.025,0.875,0.975,1.075,1.125]},{"id":"gen2","loop_number":1,"shape":1,"outlier_type":"NA","choice":3,"outlierPosition":3,"success":true,"majorityOfMostRegularShapes":true,"rt":1013,"rot1":15,"rot2":25,"rot3":-25,"rot4":-15,"rot5":5,"rot6":-5,"dil1":0.925,"dil2":1.125,"dil3":0.875,"dil4":1.025,"dil5":0.975,"dil6":1.075,"rots":[15,25,-25,-15,5,-5],"dils":[0.925,1.125,0.875,1.025,0.975,1.075]},{"id":"gen2","loop_number":1,"shape":2,"outlier_type":"NA","choice":2,"outlierPosition":2,"success":true,"majorityOfMostRegularShapes":false,"rt":969,"rot1":5,"rot2":15,"rot3":25,"rot4":-5,"rot5":-15,"rot6":-25,"dil1":0.875,"dil2":1.125,"dil3":0.925,"dil4":0.975,"dil5":1.075,"dil6":1.025,"rots":[5,15,25,-5,-15,-25],"dils":[0.875,1.125,0.925,0.975,1.075,1.025]},{"id":"gen2","loop_number":1,"shape":0,"outlier_type":"NA","choice":4,"outlierPosition":4,"success":true,"majorityOfMostRegularShapes":true,"rt":1430,"rot1":15,"rot2":5,"rot3":25,"rot4":-15,"rot5":-5,"rot6":-25,"dil1":1.075,"dil2":0.925,"dil3":1.025,"dil4":0.975,"dil5":1.125,"dil6":0.875,"rots":[15,5,25,-15,-5,-25],"dils":[1.075,0.925,1.025,0.975,1.125,0.875]},{"id":"gen2","loop_number":1,"shape":1,"outlier_type":"NA","choice":0,"outlierPosition":0,"success":true,"majorityOfMostRegularShapes":true,"rt":1198,"rot1":-5,"rot2":5,"rot3":-15,"rot4":25,"rot5":-25,"rot6":15,"dil1":1.025,"dil2":0.925,"dil3":0.875,"dil4":1.125,"dil5":0.975,"dil6":1.075,"rots":[-5,5,-15,25,-25,15],"dils":[1.025,0.925,0.875,1.125,0.975,1.075]},{"id":"gen2","loop_number":1,"shape":0,"outlier_type":"NA","choice":1,"outlierPosition":1,"success":true,"majorityOfMostRegularShapes":false,"rt":1704,"rot1":-25,"rot2":5,"rot3":15,"rot4":25,"rot5":-15,"rot6":-5,"dil1":1.125,"dil2":0.875,"dil3":0.975,"dil4":1.025,"dil5":0.925,"dil6":1.075,"rots":[-25,5,15,25,-15,-5],"dils":[1.125,0.875,0.975,1.025,0.925,1.075]},{"id":"gen2","loop_number":1,"shape":1,"outlier_type":"NA","choice":4,"outlierPosition":4,"success":true,"majorityOfMostRegularShapes":false,"rt":1111,"rot1":5,"rot2":-5,"rot3":-25,"rot4":15,"rot5":-15,"rot6":25,"dil1":1.125,"dil2":1.025,"dil3":0.975,"dil4":1.075,"dil5":0.925,"dil6":0.875,"rots":[5,-5,-25,15,-15,25],"dils":[1.125,1.025,0.975,1.075,0.925,0.875]},{"id":"gen2","loop_number":1,"shape":0,"outlier_type":"NA","choice":3,"outlierPosition":3,"success":true,"majorityOfMostRegularShapes":false,"rt":2595,"rot1":5,"rot2":15,"rot3":-15,"rot4":-5,"rot5":-25,"rot6":25,"dil1":0.925,"dil2":1.025,"dil3":1.125,"dil4":0.975,"dil5":1.075,"dil6":0.875,"rots":[5,15,-15,-5,-25,25],"dils":[0.925,1.025,1.125,0.975,1.075,0.875]},{"id":"gen2","loop_number":1,"shape":2,"outlier_type":"NA","choice":1,"outlierPosition":1,"success":true,"majorityOfMostRegularShapes":true,"rt":1351,"rot1":25,"rot2":-25,"rot3":5,"rot4":15,"rot5":-5,"rot6":-15,"dil1":0.925,"dil2":1.075,"dil3":0.875,"dil4":1.125,"dil5":1.025,"dil6":0.975,"rots":[25,-25,5,15,-5,-15],"dils":[0.925,1.075,0.875,1.125,1.025,0.975]},{"id":"gen2","loop_number":1,"shape":1,"outlier_type":"NA","choice":5,"outlierPosition":5,"success":true,"majorityOfMostRegularShapes":false,"rt":1127,"rot1":25,"rot2":5,"rot3":-25,"rot4":15,"rot5":-5,"rot6":-15,"dil1":0.875,"dil2":0.925,"dil3":1.125,"dil4":1.075,"dil5":0.975,"dil6":1.025,"rots":[25,5,-25,15,-5,-15],"dils":[0.875,0.925,1.125,1.075,0.975,1.025]},{"id":"gen2","loop_number":1,"shape":0,"outlier_type":"NA","choice":5,"outlierPosition":5,"success":true,"majorityOfMostRegularShapes":true,"rt":1367,"rot1":-25,"rot2":-5,"rot3":25,"rot4":15,"rot5":5,"rot6":-15,"dil1":1.075,"dil2":0.925,"dil3":0.975,"dil4":0.875,"dil5":1.025,"dil6":1.125,"rots":[-25,-5,25,15,5,-15],"dils":[1.075,0.925,0.975,0.875,1.025,1.125]},{"id":"gen2","loop_number":1,"shape":2,"outlier_type":"NA","choice":1,"outlierPosition":1,"success":true,"majorityOfMostRegularShapes":false,"rt":1692,"rot1":-25,"rot2":5,"rot3":15,"rot4":25,"rot5":-15,"rot6":-5,"dil1":0.925,"dil2":1.075,"dil3":0.875,"dil4":0.975,"dil5":1.025,"dil6":1.125,"rots":[-25,5,15,25,-15,-5],"dils":[0.925,1.075,0.875,0.975,1.025,1.125]},{"id":"gen2","loop_number":1,"shape":0,"outlier_type":"NA","choice":2,"outlierPosition":2,"success":true,"majorityOfMostRegularShapes":false,"rt":1452,"rot1":-15,"rot2":-5,"rot3":15,"rot4":25,"rot5":5,"rot6":-25,"dil1":0.975,"dil2":0.925,"dil3":1.125,"dil4":0.875,"dil5":1.025,"dil6":1.075,"rots":[-15,-5,15,25,5,-25],"dils":[0.975,0.925,1.125,0.875,1.025,1.075]},{"id":"gen2","loop_number":1,"shape":2,"outlier_type":"NA","choice":2,"outlierPosition":2,"success":true,"majorityOfMostRegularShapes":true,"rt":1215,"rot1":25,"rot2":5,"rot3":-15,"rot4":-25,"rot5":-5,"rot6":15,"dil1":0.975,"dil2":1.025,"dil3":0.925,"dil4":1.125,"dil5":0.875,"dil6":1.075,"rots":[25,5,-15,-25,-5,15],"dils":[0.975,1.025,0.925,1.125,0.875,1.075]},{"id":"gen2","loop_number":1,"shape":1,"outlier_type":"NA","choice":5,"outlierPosition":5,"success":true,"majorityOfMostRegularShapes":false,"rt":914,"rot1":25,"rot2":-15,"rot3":5,"rot4":-25,"rot5":15,"rot6":-5,"dil1":1.125,"dil2":0.875,"dil3":0.925,"dil4":1.025,"dil5":0.975,"dil6":1.075,"rots":[25,-15,5,-25,15,-5],"dils":[1.125,0.875,0.925,1.025,0.975,1.075]}],"trial_type":"oddball-grid-easy","trial_index":4,"time_elapsed":249580,"internal_node_id":"0.0-4.0","score":0.9431818181818182,"early_termination":false},{"results":[{"id":"test","shape":"kite","outlier_type":2,"choice":5,"outlierPosition":3,"success":false,"majorityOfMostRegularShapes":true,"rt":5474,"rot1":15,"rot2":-15,"rot3":-5,"rot4":25,"rot5":5,"rot6":-25,"dil1":1.025,"dil2":0.875,"dil3":0.925,"dil4":1.075,"dil5":0.975,"dil6":1.125,"rots":[15,-15,-5,25,5,-25],"dils":[1.025,0.875,0.925,1.075,0.975,1.125]},{"id":"test","shape":"rectangle","outlier_type":3,"choice":2,"outlierPosition":2,"success":true,"majorityOfMostRegularShapes":false,"rt":4402,"rot1":-5,"rot2":-15,"rot3":5,"rot4":15,"rot5":25,"rot6":-25,"dil1":1.075,"dil2":0.875,"dil3":1.125,"dil4":1.025,"dil5":0.925,"dil6":0.975,"rots":[-5,-15,5,15,25,-25],"dils":[1.075,0.875,1.125,1.025,0.925,0.975]},{"id":"test","shape":"hinge","outlier_type":2,"choice":1,"outlierPosition":1,"success":true,"majorityOfMostRegularShapes":true,"rt":7036,"rot1":-5,"rot2":-15,"rot3":5,"rot4":15,"rot5":-25,"rot6":25,"dil1":0.975,"dil2":0.925,"dil3":1.025,"dil4":0.875,"dil5":1.075,"dil6":1.125,"rots":[-5,-15,5,15,-25,25],"dils":[0.975,0.925,1.025,0.875,1.075,1.125]},{"id":"test","shape":"kite","outlier_type":3,"choice":2,"outlierPosition":2,"success":true,"majorityOfMostRegularShapes":true,"rt":7460,"rot1":25,"rot2":15,"rot3":-25,"rot4":-15,"rot5":5,"rot6":-5,"dil1":1.025,"dil2":1.125,"dil3":0.975,"dil4":0.875,"dil5":1.075,"dil6":0.925,"rots":[25,15,-25,-15,5,-5],"dils":[1.025,1.125,0.975,0.875,1.075,0.925]},{"id":"test","shape":"trapezoid","outlier_type":3,"choice":5,"outlierPosition":5,"success":true,"majorityOfMostRegularShapes":false,"rt":3129,"rot1":-15,"rot2":15,"rot3":25,"rot4":-25,"rot5":5,"rot6":-5,"dil1":1.125,"dil2":0.975,"dil3":0.925,"dil4":1.075,"dil5":0.875,"dil6":1.025,"rots":[-15,15,25,-25,5,-5],"dils":[1.125,0.975,0.925,1.075,0.875,1.025]},{"id":"test","shape":"parallelogram","outlier_type":2,"choice":4,"outlierPosition":4,"success":true,"majorityOfMostRegularShapes":true,"rt":8687,"rot1":-5,"rot2":-15,"rot3":25,"rot4":-25,"rot5":5,"rot6":15,"dil1":1.075,"dil2":0.975,"dil3":1.125,"dil4":0.925,"dil5":1.025,"dil6":0.875,"rots":[-5,-15,25,-25,5,15],"dils":[1.075,0.975,1.125,0.925,1.025,0.875]},{"id":"test","shape":"hinge","outlier_type":0,"choice":4,"outlierPosition":4,"success":true,"majorityOfMostRegularShapes":false,"rt":10103,"rot1":25,"rot2":15,"rot3":5,"rot4":-5,"rot5":-15,"rot6":-25,"dil1":1.075,"dil2":1.025,"dil3":0.875,"dil4":0.975,"dil5":0.925,"dil6":1.125,"rots":[25,15,5,-5,-15,-25],"dils":[1.075,1.025,0.875,0.975,0.925,1.125]},{"id":"test","shape":"losange","outlier_type":1,"choice":1,"outlierPosition":1,"success":true,"majorityOfMostRegularShapes":false,"rt":6712,"rot1":25,"rot2":-5,"rot3":15,"rot4":5,"rot5":-15,"rot6":-25,"dil1":1.025,"dil2":1.125,"dil3":0.975,"dil4":0.875,"dil5":1.075,"dil6":0.925,"rots":[25,-5,15,5,-15,-25],"dils":[1.025,1.125,0.975,0.875,1.075,0.925]},{"id":"test","shape":"parallelogram","outlier_type":2,"choice":2,"outlierPosition":2,"success":true,"majorityOfMostRegularShapes":false,"rt":5645,"rot1":5,"rot2":-15,"rot3":-25,"rot4":15,"rot5":25,"rot6":-5,"dil1":1.025,"dil2":1.125,"dil3":0.875,"dil4":0.975,"dil5":1.075,"dil6":0.925,"rots":[5,-15,-25,15,25,-5],"dils":[1.025,1.125,0.875,0.975,1.075,0.925]},{"id":"test","shape":"kite","outlier_type":1,"choice":5,"outlierPosition":5,"success":true,"majorityOfMostRegularShapes":false,"rt":11106,"rot1":25,"rot2":-15,"rot3":15,"rot4":-25,"rot5":-5,"rot6":5,"dil1":1.025,"dil2":1.075,"dil3":1.125,"dil4":0.875,"dil5":0.975,"dil6":0.925,"rots":[25,-15,15,-25,-5,5],"dils":[1.025,1.075,1.125,0.875,0.975,0.925]},{"id":"test","shape":"rustedHinge","outlier_type":1,"choice":0,"outlierPosition":0,"success":true,"majorityOfMostRegularShapes":true,"rt":8088,"rot1":-25,"rot2":-15,"rot3":-5,"rot4":5,"rot5":25,"rot6":15,"dil1":0.975,"dil2":1.075,"dil3":1.125,"dil4":0.925,"dil5":1.025,"dil6":0.875,"rots":[-25,-15,-5,5,25,15],"dils":[0.975,1.075,1.125,0.925,1.025,0.875]},{"id":"test","shape":"trapezoid","outlier_type":0,"choice":4,"outlierPosition":4,"success":true,"majorityOfMostRegularShapes":false,"rt":16808,"rot1":-5,"rot2":-15,"rot3":25,"rot4":-25,"rot5":5,"rot6":15,"dil1":1.125,"dil2":0.925,"dil3":1.075,"dil4":0.975,"dil5":1.025,"dil6":0.875,"rots":[-5,-15,25,-25,5,15],"dils":[1.125,0.925,1.075,0.975,1.025,0.875]},{"id":"test","shape":"random","outlier_type":1,"choice":3,"outlierPosition":3,"success":true,"majorityOfMostRegularShapes":false,"rt":9930,"rot1":-25,"rot2":5,"rot3":-5,"rot4":-15,"rot5":15,"rot6":25,"dil1":0.875,"dil2":0.925,"dil3":1.125,"dil4":1.075,"dil5":0.975,"dil6":1.025,"rots":[-25,5,-5,-15,15,25],"dils":[0.875,0.925,1.125,1.075,0.975,1.025]},{"id":"test","shape":"hinge","outlier_type":2,"choice":5,"outlierPosition":5,"success":true,"majorityOfMostRegularShapes":false,"rt":6619,"rot1":5,"rot2":15,"rot3":25,"rot4":-25,"rot5":-5,"rot6":-15,"dil1":0.975,"dil2":1.125,"dil3":1.075,"dil4":0.875,"dil5":0.925,"dil6":1.025,"rots":[5,15,25,-25,-5,-15],"dils":[0.975,1.125,1.075,0.875,0.925,1.025]},{"id":"test","shape":"rectangle","outlier_type":1,"choice":2,"outlierPosition":2,"success":true,"majorityOfMostRegularShapes":true,"rt":4053,"rot1":-15,"rot2":5,"rot3":-5,"rot4":-25,"rot5":15,"rot6":25,"dil1":1.125,"dil2":0.925,"dil3":1.075,"dil4":0.975,"dil5":0.875,"dil6":1.025,"rots":[-15,5,-5,-25,15,25],"dils":[1.125,0.925,1.075,0.975,0.875,1.025]},{"id":"test","shape":"rustedHinge","outlier_type":3,"choice":2,"outlierPosition":2,"success":true,"majorityOfMostRegularShapes":true,"rt":11029,"rot1":25,"rot2":15,"rot3":-5,"rot4":-25,"rot5":5,"rot6":-15,"dil1":0.875,"dil2":1.125,"dil3":0.925,"dil4":0.975,"dil5":1.075,"dil6":1.025,"rots":[25,15,-5,-25,5,-15],"dils":[0.875,1.125,0.925,0.975,1.075,1.025]},{"id":"test","shape":"hinge","outlier_type":1,"choice":0,"outlierPosition":0,"success":true,"majorityOfMostRegularShapes":false,"rt":10536,"rot1":5,"rot2":15,"rot3":-25,"rot4":-15,"rot5":25,"rot6":-5,"dil1":1.075,"dil2":1.025,"dil3":0.975,"dil4":0.925,"dil5":1.125,"dil6":0.875,"rots":[5,15,-25,-15,25,-5],"dils":[1.075,1.025,0.975,0.925,1.125,0.875]},{"id":"test","shape":"isoTrapezoid","outlier_type":3,"choice":0,"outlierPosition":0,"success":true,"majorityOfMostRegularShapes":true,"rt":12255,"rot1":25,"rot2":-15,"rot3":-5,"rot4":-25,"rot5":15,"rot6":5,"dil1":1.075,"dil2":0.925,"dil3":0.975,"dil4":1.125,"dil5":0.875,"dil6":1.025,"rots":[25,-15,-5,-25,15,5],"dils":[1.075,0.925,0.975,1.125,0.875,1.025]},{"id":"test","shape":"rectangle","outlier_type":0,"choice":4,"outlierPosition":4,"success":true,"majorityOfMostRegularShapes":false,"rt":3057,"rot1":25,"rot2":5,"rot3":-5,"rot4":15,"rot5":-15,"rot6":-25,"dil1":1.025,"dil2":0.875,"dil3":0.975,"dil4":0.925,"dil5":1.125,"dil6":1.075,"rots":[25,5,-5,15,-15,-25],"dils":[1.025,0.875,0.975,0.925,1.125,1.075]},{"id":"test","shape":"rustedHinge","outlier_type":3,"choice":3,"outlierPosition":3,"success":true,"majorityOfMostRegularShapes":false,"rt":13963,"rot1":15,"rot2":25,"rot3":5,"rot4":-25,"rot5":-5,"rot6":-15,"dil1":0.875,"dil2":1.025,"dil3":0.925,"dil4":1.075,"dil5":1.125,"dil6":0.975,"rots":[15,25,5,-25,-5,-15],"dils":[0.875,1.025,0.925,1.075,1.125,0.975]},{"id":"test","shape":"rectangle","outlier_type":2,"choice":3,"outlierPosition":3,"success":true,"majorityOfMostRegularShapes":false,"rt":3145,"rot1":-15,"rot2":-5,"rot3":5,"rot4":-25,"rot5":15,"rot6":25,"dil1":0.975,"dil2":1.075,"dil3":1.125,"dil4":0.925,"dil5":1.025,"dil6":0.875,"rots":[-15,-5,5,-25,15,25],"dils":[0.975,1.075,1.125,0.925,1.025,0.875]},{"id":"test","shape":"square","outlier_type":3,"choice":1,"outlierPosition":1,"success":true,"majorityOfMostRegularShapes":true,"rt":4383,"rot1":15,"rot2":-5,"rot3":5,"rot4":25,"rot5":-25,"rot6":-15,"dil1":0.875,"dil2":0.925,"dil3":1.025,"dil4":1.125,"dil5":1.075,"dil6":0.975,"rots":[15,-5,5,25,-25,-15],"dils":[0.875,0.925,1.025,1.125,1.075,0.975]},{"id":"test","shape":"hinge","outlier_type":1,"choice":5,"outlierPosition":5,"success":true,"majorityOfMostRegularShapes":true,"rt":9012,"rot1":-5,"rot2":15,"rot3":-25,"rot4":5,"rot5":25,"rot6":-15,"dil1":1.025,"dil2":0.925,"dil3":0.975,"dil4":0.875,"dil5":1.075,"dil6":1.125,"rots":[-5,15,-25,5,25,-15],"dils":[1.025,0.925,0.975,0.875,1.075,1.125]},{"id":"test","shape":"square","outlier_type":0,"choice":5,"outlierPosition":5,"success":true,"majorityOfMostRegularShapes":true,"rt":4725,"rot1":15,"rot2":5,"rot3":-15,"rot4":-25,"rot5":25,"rot6":-5,"dil1":0.875,"dil2":1.125,"dil3":1.075,"dil4":0.925,"dil5":1.025,"dil6":0.975,"rots":[15,5,-15,-25,25,-5],"dils":[0.875,1.125,1.075,0.925,1.025,0.975]},{"id":"test","shape":"isoTrapezoid","outlier_type":1,"choice":3,"outlierPosition":3,"success":true,"majorityOfMostRegularShapes":false,"rt":4450,"rot1":-5,"rot2":5,"rot3":15,"rot4":25,"rot5":-25,"rot6":-15,"dil1":0.875,"dil2":1.025,"dil3":0.975,"dil4":1.125,"dil5":0.925,"dil6":1.075,"rots":[-5,5,15,25,-25,-15],"dils":[0.875,1.025,0.975,1.125,0.925,1.075]},{"id":"test","shape":"trapezoid","outlier_type":3,"choice":5,"outlierPosition":5,"success":true,"majorityOfMostRegularShapes":true,"rt":7036,"rot1":15,"rot2":5,"rot3":-25,"rot4":-5,"rot5":-15,"rot6":25,"dil1":0.875,"dil2":0.975,"dil3":0.925,"dil4":1.125,"dil5":1.025,"dil6":1.075,"rots":[15,5,-25,-5,-15,25],"dils":[0.875,0.975,0.925,1.125,1.025,1.075]},{"id":"test","shape":"isoTrapezoid","outlier_type":2,"choice":3,"outlierPosition":3,"success":true,"majorityOfMostRegularShapes":false,"rt":6100,"rot1":-15,"rot2":5,"rot3":25,"rot4":15,"rot5":-25,"rot6":-5,"dil1":1.075,"dil2":1.025,"dil3":1.125,"dil4":0.875,"dil5":0.975,"dil6":0.925,"rots":[-15,5,25,15,-25,-5],"dils":[1.075,1.025,1.125,0.875,0.975,0.925]},{"id":"test","shape":"losange","outlier_type":1,"choice":5,"outlierPosition":5,"success":true,"majorityOfMostRegularShapes":true,"rt":2968,"rot1":-25,"rot2":25,"rot3":-5,"rot4":15,"rot5":-15,"rot6":5,"dil1":0.975,"dil2":1.025,"dil3":0.875,"dil4":1.075,"dil5":0.925,"dil6":1.125,"rots":[-25,25,-5,15,-15,5],"dils":[0.975,1.025,0.875,1.075,0.925,1.125]},{"id":"test","shape":"kite","outlier_type":0,"choice":1,"outlierPosition":1,"success":true,"majorityOfMostRegularShapes":true,"rt":7231,"rot1":-15,"rot2":5,"rot3":-25,"rot4":25,"rot5":15,"rot6":-5,"dil1":1.025,"dil2":0.875,"dil3":0.975,"dil4":0.925,"dil5":1.075,"dil6":1.125,"rots":[-15,5,-25,25,15,-5],"dils":[1.025,0.875,0.975,0.925,1.075,1.125]},{"id":"test","shape":"rectangle","outlier_type":2,"choice":0,"outlierPosition":0,"success":true,"majorityOfMostRegularShapes":true,"rt":3702,"rot1":-25,"rot2":15,"rot3":5,"rot4":-5,"rot5":-15,"rot6":25,"dil1":0.975,"dil2":1.125,"dil3":1.075,"dil4":0.925,"dil5":0.875,"dil6":1.025,"rots":[-25,15,5,-5,-15,25],"dils":[0.975,1.125,1.075,0.925,0.875,1.025]},{"id":"test","shape":"parallelogram","outlier_type":3,"choice":5,"outlierPosition":5,"success":true,"majorityOfMostRegularShapes":false,"rt":12542,"rot1":25,"rot2":15,"rot3":-5,"rot4":-25,"rot5":-15,"rot6":5,"dil1":0.875,"dil2":0.925,"dil3":1.075,"dil4":1.125,"dil5":0.975,"dil6":1.025,"rots":[25,15,-5,-25,-15,5],"dils":[0.875,0.925,1.075,1.125,0.975,1.025]},{"id":"test","shape":"square","outlier_type":2,"choice":4,"outlierPosition":4,"success":true,"majorityOfMostRegularShapes":true,"rt":3110,"rot1":-5,"rot2":15,"rot3":25,"rot4":-25,"rot5":-15,"rot6":5,"dil1":0.875,"dil2":0.925,"dil3":1.075,"dil4":1.125,"dil5":0.975,"dil6":1.025,"rots":[-5,15,25,-25,-15,5],"dils":[0.875,0.925,1.075,1.125,0.975,1.025]},{"id":"test","shape":"trapezoid","outlier_type":2,"choice":4,"outlierPosition":4,"success":true,"majorityOfMostRegularShapes":false,"rt":8234,"rot1":-15,"rot2":25,"rot3":-5,"rot4":-25,"rot5":5,"rot6":15,"dil1":1.025,"dil2":0.875,"dil3":1.075,"dil4":0.925,"dil5":0.975,"dil6":1.125,"rots":[-15,25,-5,-25,5,15],"dils":[1.025,0.875,1.075,0.925,0.975,1.125]},{"id":"test","shape":"random","outlier_type":0,"choice":5,"outlierPosition":0,"success":false,"majorityOfMostRegularShapes":false,"rt":58391,"rot1":-5,"rot2":15,"rot3":-25,"rot4":25,"rot5":5,"rot6":-15,"dil1":1.125,"dil2":1.075,"dil3":0.975,"dil4":0.925,"dil5":1.025,"dil6":0.875,"rots":[-5,15,-25,25,5,-15],"dils":[1.125,1.075,0.975,0.925,1.025,0.875]},{"id":"test","shape":"kite","outlier_type":3,"choice":0,"outlierPosition":0,"success":true,"majorityOfMostRegularShapes":false,"rt":12977,"rot1":25,"rot2":15,"rot3":5,"rot4":-25,"rot5":-15,"rot6":-5,"dil1":1.025,"dil2":0.875,"dil3":0.975,"dil4":1.125,"dil5":1.075,"dil6":0.925,"rots":[25,15,5,-25,-15,-5],"dils":[1.025,0.875,0.975,1.125,1.075,0.925]},{"id":"test","shape":"random","outlier_type":1,"choice":0,"outlierPosition":0,"success":true,"majorityOfMostRegularShapes":true,"rt":15122,"rot1":25,"rot2":15,"rot3":-5,"rot4":-15,"rot5":5,"rot6":-25,"dil1":0.925,"dil2":1.075,"dil3":1.125,"dil4":1.025,"dil5":0.875,"dil6":0.975,"rots":[25,15,-5,-15,5,-25],"dils":[0.925,1.075,1.125,1.025,0.875,0.975]},{"id":"test","shape":"rectangle","outlier_type":0,"choice":3,"outlierPosition":3,"success":true,"majorityOfMostRegularShapes":true,"rt":3336,"rot1":-25,"rot2":-15,"rot3":15,"rot4":-5,"rot5":25,"rot6":5,"dil1":0.975,"dil2":1.125,"dil3":0.875,"dil4":1.075,"dil5":1.025,"dil6":0.925,"rots":[-25,-15,15,-5,25,5],"dils":[0.975,1.125,0.875,1.075,1.025,0.925]},{"id":"test","shape":"trapezoid","outlier_type":2,"choice":0,"outlierPosition":3,"success":false,"majorityOfMostRegularShapes":true,"rt":16834,"rot1":-25,"rot2":15,"rot3":5,"rot4":25,"rot5":-5,"rot6":-15,"dil1":1.075,"dil2":1.125,"dil3":0.925,"dil4":0.975,"dil5":0.875,"dil6":1.025,"rots":[-25,15,5,25,-5,-15],"dils":[1.075,1.125,0.925,0.975,0.875,1.025]},{"id":"test","shape":"rustedHinge","outlier_type":1,"choice":3,"outlierPosition":3,"success":true,"majorityOfMostRegularShapes":false,"rt":8982,"rot1":-25,"rot2":25,"rot3":-15,"rot4":-5,"rot5":5,"rot6":15,"dil1":1.125,"dil2":1.075,"dil3":0.925,"dil4":0.975,"dil5":1.025,"dil6":0.875,"rots":[-25,25,-15,-5,5,15],"dils":[1.125,1.075,0.925,0.975,1.025,0.875]},{"id":"test","shape":"losange","outlier_type":2,"choice":0,"outlierPosition":0,"success":true,"majorityOfMostRegularShapes":false,"rt":5188,"rot1":15,"rot2":-5,"rot3":5,"rot4":-15,"rot5":-25,"rot6":25,"dil1":0.975,"dil2":1.075,"dil3":0.875,"dil4":0.925,"dil5":1.025,"dil6":1.125,"rots":[15,-5,5,-15,-25,25],"dils":[0.975,1.075,0.875,0.925,1.025,1.125]},{"id":"test","shape":"rightKite","outlier_type":1,"choice":3,"outlierPosition":3,"success":true,"majorityOfMostRegularShapes":true,"rt":9379,"rot1":15,"rot2":25,"rot3":-5,"rot4":5,"rot5":-25,"rot6":-15,"dil1":1.125,"dil2":1.075,"dil3":0.925,"dil4":1.025,"dil5":0.875,"dil6":0.975,"rots":[15,25,-5,5,-25,-15],"dils":[1.125,1.075,0.925,1.025,0.875,0.975]},{"id":"test","shape":"rustedHinge","outlier_type":0,"choice":2,"outlierPosition":2,"success":true,"majorityOfMostRegularShapes":true,"rt":10518,"rot1":-5,"rot2":25,"rot3":-25,"rot4":-15,"rot5":15,"rot6":5,"dil1":1.025,"dil2":0.975,"dil3":1.075,"dil4":1.125,"dil5":0.875,"dil6":0.925,"rots":[-5,25,-25,-15,15,5],"dils":[1.025,0.975,1.075,1.125,0.875,0.925]},{"id":"test","shape":"trapezoid","outlier_type":1,"choice":0,"outlierPosition":0,"success":true,"majorityOfMostRegularShapes":false,"rt":18048,"rot1":-5,"rot2":25,"rot3":-25,"rot4":15,"rot5":5,"rot6":-15,"dil1":1.025,"dil2":0.925,"dil3":1.125,"dil4":1.075,"dil5":0.975,"dil6":0.875,"rots":[-5,25,-25,15,5,-15],"dils":[1.025,0.925,1.125,1.075,0.975,0.875]},{"id":"test","shape":"losange","outlier_type":0,"choice":1,"outlierPosition":1,"success":true,"majorityOfMostRegularShapes":false,"rt":33439,"rot1":-5,"rot2":15,"rot3":5,"rot4":25,"rot5":-25,"rot6":-15,"dil1":0.925,"dil2":1.125,"dil3":0.975,"dil4":1.025,"dil5":1.075,"dil6":0.875,"rots":[-5,15,5,25,-25,-15],"dils":[0.925,1.125,0.975,1.025,1.075,0.875]},{"id":"test","shape":"random","outlier_type":3,"choice":3,"outlierPosition":3,"success":true,"majorityOfMostRegularShapes":true,"rt":19665,"rot1":25,"rot2":-15,"rot3":-5,"rot4":-25,"rot5":15,"rot6":5,"dil1":1.075,"dil2":1.025,"dil3":1.125,"dil4":0.975,"dil5":0.875,"dil6":0.925,"rots":[25,-15,-5,-25,15,5],"dils":[1.075,1.025,1.125,0.975,0.875,0.925]},{"id":"test","shape":"parallelogram","outlier_type":0,"choice":1,"outlierPosition":1,"success":true,"majorityOfMostRegularShapes":false,"rt":11399,"rot1":-15,"rot2":5,"rot3":-5,"rot4":-25,"rot5":25,"rot6":15,"dil1":1.075,"dil2":1.025,"dil3":0.975,"dil4":0.875,"dil5":1.125,"dil6":0.925,"rots":[-15,5,-5,-25,25,15],"dils":[1.075,1.025,0.975,0.875,1.125,0.925]},{"id":"test","shape":"rightKite","outlier_type":3,"choice":3,"outlierPosition":3,"success":true,"majorityOfMostRegularShapes":true,"rt":10326,"rot1":-15,"rot2":-25,"rot3":25,"rot4":5,"rot5":15,"rot6":-5,"dil1":0.875,"dil2":0.925,"dil3":1.075,"dil4":1.025,"dil5":1.125,"dil6":0.975,"rots":[-15,-25,25,5,15,-5],"dils":[0.875,0.925,1.075,1.025,1.125,0.975]},{"id":"test","shape":"rustedHinge","outlier_type":2,"choice":5,"outlierPosition":5,"success":true,"majorityOfMostRegularShapes":true,"rt":10175,"rot1":-5,"rot2":15,"rot3":-25,"rot4":5,"rot5":-15,"rot6":25,"dil1":0.975,"dil2":1.025,"dil3":1.125,"dil4":0.875,"dil5":1.075,"dil6":0.925,"rots":[-5,15,-25,5,-15,25],"dils":[0.975,1.025,1.125,0.875,1.075,0.925]},{"id":"test","shape":"losange","outlier_type":0,"choice":3,"outlierPosition":3,"success":true,"majorityOfMostRegularShapes":true,"rt":5192,"rot1":5,"rot2":-5,"rot3":15,"rot4":25,"rot5":-25,"rot6":-15,"dil1":1.125,"dil2":0.875,"dil3":1.075,"dil4":1.025,"dil5":0.925,"dil6":0.975,"rots":[5,-5,15,25,-25,-15],"dils":[1.125,0.875,1.075,1.025,0.925,0.975]},{"id":"test","shape":"rightKite","outlier_type":3,"choice":5,"outlierPosition":5,"success":true,"majorityOfMostRegularShapes":false,"rt":7122,"rot1":25,"rot2":-5,"rot3":-15,"rot4":5,"rot5":15,"rot6":-25,"dil1":0.975,"dil2":1.075,"dil3":1.125,"dil4":1.025,"dil5":0.925,"dil6":0.875,"rots":[25,-5,-15,5,15,-25],"dils":[0.975,1.075,1.125,1.025,0.925,0.875]},{"id":"test","shape":"parallelogram","outlier_type":0,"choice":0,"outlierPosition":0,"success":true,"majorityOfMostRegularShapes":true,"rt":14885,"rot1":15,"rot2":5,"rot3":-15,"rot4":-25,"rot5":25,"rot6":-5,"dil1":0.925,"dil2":1.025,"dil3":1.075,"dil4":1.125,"dil5":0.875,"dil6":0.975,"rots":[15,5,-15,-25,25,-5],"dils":[0.925,1.025,1.075,1.125,0.875,0.975]},{"id":"test","shape":"isoTrapezoid","outlier_type":3,"choice":3,"outlierPosition":3,"success":true,"majorityOfMostRegularShapes":false,"rt":6558,"rot1":5,"rot2":-15,"rot3":25,"rot4":15,"rot5":-5,"rot6":-25,"dil1":1.125,"dil2":0.975,"dil3":0.875,"dil4":0.925,"dil5":1.075,"dil6":1.025,"rots":[5,-15,25,15,-5,-25],"dils":[1.125,0.975,0.875,0.925,1.075,1.025]},{"id":"test","shape":"square","outlier_type":0,"choice":5,"outlierPosition":5,"success":true,"majorityOfMostRegularShapes":false,"rt":5160,"rot1":-15,"rot2":5,"rot3":-25,"rot4":-5,"rot5":15,"rot6":25,"dil1":1.025,"dil2":0.925,"dil3":0.975,"dil4":1.125,"dil5":1.075,"dil6":0.875,"rots":[-15,5,-25,-5,15,25],"dils":[1.025,0.925,0.975,1.125,1.075,0.875]},{"id":"test","shape":"rectangle","outlier_type":3,"choice":5,"outlierPosition":5,"success":true,"majorityOfMostRegularShapes":true,"rt":3643,"rot1":-25,"rot2":5,"rot3":25,"rot4":-5,"rot5":-15,"rot6":15,"dil1":0.875,"dil2":0.925,"dil3":1.125,"dil4":0.975,"dil5":1.075,"dil6":1.025,"rots":[-25,5,25,-5,-15,15],"dils":[0.875,0.925,1.125,0.975,1.075,1.025]},{"id":"test","shape":"trapezoid","outlier_type":1,"choice":1,"outlierPosition":1,"success":true,"majorityOfMostRegularShapes":true,"rt":3946,"rot1":5,"rot2":-25,"rot3":15,"rot4":25,"rot5":-5,"rot6":-15,"dil1":0.925,"dil2":0.975,"dil3":1.125,"dil4":1.075,"dil5":1.025,"dil6":0.875,"rots":[5,-25,15,25,-5,-15],"dils":[0.925,0.975,1.125,1.075,1.025,0.875]},{"id":"test","shape":"square","outlier_type":2,"choice":5,"outlierPosition":5,"success":true,"majorityOfMostRegularShapes":false,"rt":2319,"rot1":-5,"rot2":25,"rot3":-25,"rot4":15,"rot5":-15,"rot6":5,"dil1":1.075,"dil2":0.925,"dil3":0.875,"dil4":0.975,"dil5":1.125,"dil6":1.025,"rots":[-5,25,-25,15,-15,5],"dils":[1.075,0.925,0.875,0.975,1.125,1.025]},{"id":"test","shape":"rightKite","outlier_type":1,"choice":4,"outlierPosition":4,"success":true,"majorityOfMostRegularShapes":false,"rt":4458,"rot1":-5,"rot2":-25,"rot3":5,"rot4":-15,"rot5":25,"rot6":15,"dil1":1.075,"dil2":0.875,"dil3":1.025,"dil4":0.975,"dil5":0.925,"dil6":1.125,"rots":[-5,-25,5,-15,25,15],"dils":[1.075,0.875,1.025,0.975,0.925,1.125]},{"id":"test","shape":"kite","outlier_type":0,"choice":2,"outlierPosition":2,"success":true,"majorityOfMostRegularShapes":false,"rt":6184,"rot1":25,"rot2":15,"rot3":-15,"rot4":5,"rot5":-5,"rot6":-25,"dil1":1.075,"dil2":0.975,"dil3":1.025,"dil4":0.925,"dil5":0.875,"dil6":1.125,"rots":[25,15,-15,5,-5,-25],"dils":[1.075,0.975,1.025,0.925,0.875,1.125]},{"id":"test","shape":"parallelogram","outlier_type":1,"choice":3,"outlierPosition":3,"success":true,"majorityOfMostRegularShapes":false,"rt":3269,"rot1":-5,"rot2":5,"rot3":15,"rot4":-25,"rot5":25,"rot6":-15,"dil1":1.075,"dil2":0.975,"dil3":0.925,"dil4":1.125,"dil5":1.025,"dil6":0.875,"rots":[-5,5,15,-25,25,-15],"dils":[1.075,0.975,0.925,1.125,1.025,0.875]},{"id":"test","shape":"random","outlier_type":3,"choice":0,"outlierPosition":0,"success":true,"majorityOfMostRegularShapes":false,"rt":6466,"rot1":-15,"rot2":5,"rot3":-5,"rot4":25,"rot5":15,"rot6":-25,"dil1":1.125,"dil2":1.025,"dil3":0.875,"dil4":0.975,"dil5":1.075,"dil6":0.925,"rots":[-15,5,-5,25,15,-25],"dils":[1.125,1.025,0.875,0.975,1.075,0.925]},{"id":"test","shape":"rightKite","outlier_type":2,"choice":2,"outlierPosition":2,"success":true,"majorityOfMostRegularShapes":false,"rt":18962,"rot1":-5,"rot2":-15,"rot3":5,"rot4":-25,"rot5":25,"rot6":15,"dil1":0.975,"dil2":1.125,"dil3":0.875,"dil4":1.075,"dil5":1.025,"dil6":0.925,"rots":[-5,-15,5,-25,25,15],"dils":[0.975,1.125,0.875,1.075,1.025,0.925]},{"id":"test","shape":"random","outlier_type":0,"choice":3,"outlierPosition":3,"success":true,"majorityOfMostRegularShapes":true,"rt":14902,"rot1":25,"rot2":15,"rot3":5,"rot4":-25,"rot5":-5,"rot6":-15,"dil1":0.975,"dil2":0.925,"dil3":1.025,"dil4":0.875,"dil5":1.075,"dil6":1.125,"rots":[25,15,5,-25,-5,-15],"dils":[0.975,0.925,1.025,0.875,1.075,1.125]},{"id":"test","shape":"losange","outlier_type":3,"choice":4,"outlierPosition":0,"success":false,"majorityOfMostRegularShapes":false,"rt":11331,"rot1":5,"rot2":-25,"rot3":-15,"rot4":15,"rot5":25,"rot6":-5,"dil1":1.075,"dil2":1.025,"dil3":0.925,"dil4":0.875,"dil5":1.125,"dil6":0.975,"rots":[5,-25,-15,15,25,-5],"dils":[1.075,1.025,0.925,0.875,1.125,0.975]},{"id":"test","shape":"parallelogram","outlier_type":1,"choice":3,"outlierPosition":3,"success":true,"majorityOfMostRegularShapes":true,"rt":6436,"rot1":5,"rot2":-15,"rot3":-25,"rot4":15,"rot5":25,"rot6":-5,"dil1":1.125,"dil2":0.925,"dil3":1.025,"dil4":1.075,"dil5":0.975,"dil6":0.875,"rots":[5,-15,-25,15,25,-5],"dils":[1.125,0.925,1.025,1.075,0.975,0.875]},{"id":"test","shape":"trapezoid","outlier_type":0,"choice":3,"outlierPosition":3,"success":true,"majorityOfMostRegularShapes":true,"rt":21708,"rot1":5,"rot2":-5,"rot3":-25,"rot4":15,"rot5":25,"rot6":-15,"dil1":0.975,"dil2":1.025,"dil3":1.075,"dil4":0.925,"dil5":0.875,"dil6":1.125,"rots":[5,-5,-25,15,25,-15],"dils":[0.975,1.025,1.075,0.925,0.875,1.125]},{"id":"test","shape":"isoTrapezoid","outlier_type":2,"choice":5,"outlierPosition":5,"success":true,"majorityOfMostRegularShapes":true,"rt":3668,"rot1":25,"rot2":5,"rot3":15,"rot4":-5,"rot5":-25,"rot6":-15,"dil1":1.025,"dil2":0.875,"dil3":0.925,"dil4":1.125,"dil5":1.075,"dil6":0.975,"rots":[25,5,15,-5,-25,-15],"dils":[1.025,0.875,0.925,1.125,1.075,0.975]},{"id":"test","shape":"losange","outlier_type":3,"choice":4,"outlierPosition":4,"success":true,"majorityOfMostRegularShapes":true,"rt":4246,"rot1":5,"rot2":-25,"rot3":-15,"rot4":25,"rot5":-5,"rot6":15,"dil1":0.975,"dil2":1.025,"dil3":0.925,"dil4":1.075,"dil5":0.875,"dil6":1.125,"rots":[5,-25,-15,25,-5,15],"dils":[0.975,1.025,0.925,1.075,0.875,1.125]},{"id":"test","shape":"hinge","outlier_type":0,"choice":3,"outlierPosition":3,"success":true,"majorityOfMostRegularShapes":true,"rt":12887,"rot1":5,"rot2":15,"rot3":-5,"rot4":25,"rot5":-25,"rot6":-15,"dil1":1.075,"dil2":0.975,"dil3":1.025,"dil4":0.875,"dil5":1.125,"dil6":0.925,"rots":[5,15,-5,25,-25,-15],"dils":[1.075,0.975,1.025,0.875,1.125,0.925]},{"id":"test","shape":"kite","outlier_type":1,"choice":5,"outlierPosition":5,"success":true,"majorityOfMostRegularShapes":true,"rt":5402,"rot1":-15,"rot2":15,"rot3":25,"rot4":5,"rot5":-25,"rot6":-5,"dil1":0.975,"dil2":1.075,"dil3":1.125,"dil4":0.925,"dil5":1.025,"dil6":0.875,"rots":[-15,15,25,5,-25,-5],"dils":[0.975,1.075,1.125,0.925,1.025,0.875]},{"id":"test","shape":"square","outlier_type":3,"choice":2,"outlierPosition":2,"success":true,"majorityOfMostRegularShapes":false,"rt":1690,"rot1":-15,"rot2":-5,"rot3":25,"rot4":15,"rot5":-25,"rot6":5,"dil1":0.975,"dil2":1.075,"dil3":0.875,"dil4":1.025,"dil5":1.125,"dil6":0.925,"rots":[-15,-5,25,15,-25,5],"dils":[0.975,1.075,0.875,1.025,1.125,0.925]},{"id":"test","shape":"rectangle","outlier_type":1,"choice":3,"outlierPosition":3,"success":true,"majorityOfMostRegularShapes":false,"rt":3515,"rot1":25,"rot2":-25,"rot3":15,"rot4":-5,"rot5":-15,"rot6":5,"dil1":0.975,"dil2":1.025,"dil3":0.875,"dil4":0.925,"dil5":1.125,"dil6":1.075,"rots":[25,-25,15,-5,-15,5],"dils":[0.975,1.025,0.875,0.925,1.125,1.075]},{"id":"test","shape":"rustedHinge","outlier_type":2,"choice":5,"outlierPosition":5,"success":true,"majorityOfMostRegularShapes":false,"rt":6843,"rot1":15,"rot2":-5,"rot3":-25,"rot4":5,"rot5":-15,"rot6":25,"dil1":0.875,"dil2":1.075,"dil3":1.025,"dil4":0.925,"dil5":1.125,"dil6":0.975,"rots":[15,-5,-25,5,-15,25],"dils":[0.875,1.075,1.025,0.925,1.125,0.975]},{"id":"test","shape":"random","outlier_type":2,"choice":5,"outlierPosition":1,"success":false,"majorityOfMostRegularShapes":true,"rt":27148,"rot1":-15,"rot2":15,"rot3":-25,"rot4":-5,"rot5":5,"rot6":25,"dil1":1.075,"dil2":0.975,"dil3":1.125,"dil4":0.875,"dil5":0.925,"dil6":1.025,"rots":[-15,15,-25,-5,5,25],"dils":[1.075,0.975,1.125,0.875,0.925,1.025]},{"id":"test","shape":"isoTrapezoid","outlier_type":0,"choice":3,"outlierPosition":3,"success":true,"majorityOfMostRegularShapes":false,"rt":6070,"rot1":15,"rot2":5,"rot3":-25,"rot4":-15,"rot5":-5,"rot6":25,"dil1":1.125,"dil2":1.075,"dil3":1.025,"dil4":0.975,"dil5":0.875,"dil6":0.925,"rots":[15,5,-25,-15,-5,25],"dils":[1.125,1.075,1.025,0.975,0.875,0.925]},{"id":"test","shape":"hinge","outlier_type":3,"choice":0,"outlierPosition":0,"success":true,"majorityOfMostRegularShapes":true,"rt":13538,"rot1":25,"rot2":5,"rot3":-5,"rot4":-25,"rot5":15,"rot6":-15,"dil1":1.025,"dil2":1.125,"dil3":0.975,"dil4":0.925,"dil5":1.075,"dil6":0.875,"rots":[25,5,-5,-25,15,-15],"dils":[1.025,1.125,0.975,0.925,1.075,0.875]},{"id":"test","shape":"kite","outlier_type":2,"choice":2,"outlierPosition":2,"success":true,"majorityOfMostRegularShapes":false,"rt":4283,"rot1":15,"rot2":5,"rot3":25,"rot4":-25,"rot5":-15,"rot6":-5,"dil1":1.125,"dil2":0.875,"dil3":1.075,"dil4":0.975,"dil5":1.025,"dil6":0.925,"rots":[15,5,25,-25,-15,-5],"dils":[1.125,0.875,1.075,0.975,1.025,0.925]},{"id":"test","shape":"square","outlier_type":1,"choice":5,"outlierPosition":5,"success":true,"majorityOfMostRegularShapes":true,"rt":2969,"rot1":5,"rot2":-5,"rot3":15,"rot4":-15,"rot5":-25,"rot6":25,"dil1":1.025,"dil2":0.925,"dil3":1.075,"dil4":1.125,"dil5":0.975,"dil6":0.875,"rots":[5,-5,15,-15,-25,25],"dils":[1.025,0.925,1.075,1.125,0.975,0.875]},{"id":"test","shape":"rightKite","outlier_type":2,"choice":1,"outlierPosition":1,"success":true,"majorityOfMostRegularShapes":true,"rt":8106,"rot1":-25,"rot2":25,"rot3":-15,"rot4":15,"rot5":-5,"rot6":5,"dil1":0.925,"dil2":1.075,"dil3":0.975,"dil4":0.875,"dil5":1.125,"dil6":1.025,"rots":[-25,25,-15,15,-5,5],"dils":[0.925,1.075,0.975,0.875,1.125,1.025]},{"id":"test","shape":"hinge","outlier_type":3,"choice":0,"outlierPosition":0,"success":true,"majorityOfMostRegularShapes":false,"rt":16099,"rot1":-5,"rot2":15,"rot3":-25,"rot4":25,"rot5":5,"rot6":-15,"dil1":1.125,"dil2":0.875,"dil3":1.075,"dil4":0.925,"dil5":0.975,"dil6":1.025,"rots":[-5,15,-25,25,5,-15],"dils":[1.125,0.875,1.075,0.925,0.975,1.025]},{"id":"test","shape":"isoTrapezoid","outlier_type":1,"choice":3,"outlierPosition":3,"success":true,"majorityOfMostRegularShapes":true,"rt":2536,"rot1":-25,"rot2":5,"rot3":25,"rot4":-5,"rot5":-15,"rot6":15,"dil1":0.975,"dil2":1.025,"dil3":1.125,"dil4":0.875,"dil5":0.925,"dil6":1.075,"rots":[-25,5,25,-5,-15,15],"dils":[0.975,1.025,1.125,0.875,0.925,1.075]},{"id":"test","shape":"rustedHinge","outlier_type":0,"choice":2,"outlierPosition":2,"success":true,"majorityOfMostRegularShapes":false,"rt":9692,"rot1":5,"rot2":-5,"rot3":25,"rot4":-15,"rot5":-25,"rot6":15,"dil1":1.125,"dil2":0.975,"dil3":1.075,"dil4":0.875,"dil5":0.925,"dil6":1.025,"rots":[5,-5,25,-15,-25,15],"dils":[1.125,0.975,1.075,0.875,0.925,1.025]},{"id":"test","shape":"square","outlier_type":1,"choice":1,"outlierPosition":1,"success":true,"majorityOfMostRegularShapes":false,"rt":1672,"rot1":15,"rot2":25,"rot3":-5,"rot4":5,"rot5":-15,"rot6":-25,"dil1":1.125,"dil2":1.075,"dil3":0.975,"dil4":0.925,"dil5":1.025,"dil6":0.875,"rots":[15,25,-5,5,-15,-25],"dils":[1.125,1.075,0.975,0.925,1.025,0.875]},{"id":"test","shape":"rightKite","outlier_type":0,"choice":2,"outlierPosition":2,"success":true,"majorityOfMostRegularShapes":true,"rt":4644,"rot1":-5,"rot2":-25,"rot3":25,"rot4":-15,"rot5":5,"rot6":15,"dil1":0.875,"dil2":0.975,"dil3":1.125,"dil4":0.925,"dil5":1.025,"dil6":1.075,"rots":[-5,-25,25,-15,5,15],"dils":[0.875,0.975,1.125,0.925,1.025,1.075]},{"id":"test","shape":"random","outlier_type":2,"choice":3,"outlierPosition":3,"success":true,"majorityOfMostRegularShapes":false,"rt":12991,"rot1":-25,"rot2":25,"rot3":5,"rot4":-5,"rot5":15,"rot6":-15,"dil1":0.875,"dil2":0.975,"dil3":1.075,"dil4":1.125,"dil5":0.925,"dil6":1.025,"rots":[-25,25,5,-5,15,-15],"dils":[0.875,0.975,1.075,1.125,0.925,1.025]},{"id":"test","shape":"parallelogram","outlier_type":3,"choice":4,"outlierPosition":4,"success":true,"majorityOfMostRegularShapes":true,"rt":7833,"rot1":15,"rot2":-25,"rot3":5,"rot4":25,"rot5":-15,"rot6":-5,"dil1":0.975,"dil2":1.125,"dil3":0.875,"dil4":0.925,"dil5":1.025,"dil6":1.075,"rots":[15,-25,5,25,-15,-5],"dils":[0.975,1.125,0.875,0.925,1.025,1.075]},{"id":"test","shape":"losange","outlier_type":2,"choice":3,"outlierPosition":3,"success":true,"majorityOfMostRegularShapes":true,"rt":6593,"rot1":15,"rot2":-25,"rot3":5,"rot4":-5,"rot5":-15,"rot6":25,"dil1":1.125,"dil2":0.875,"dil3":1.075,"dil4":0.975,"dil5":1.025,"dil6":0.925,"rots":[15,-25,5,-5,-15,25],"dils":[1.125,0.875,1.075,0.975,1.025,0.925]},{"id":"test","shape":"isoTrapezoid","outlier_type":0,"choice":3,"outlierPosition":3,"success":true,"majorityOfMostRegularShapes":true,"rt":12676,"rot1":25,"rot2":15,"rot3":-15,"rot4":5,"rot5":-25,"rot6":-5,"dil1":1.075,"dil2":1.125,"dil3":0.975,"dil4":1.025,"dil5":0.925,"dil6":0.875,"rots":[25,15,-15,5,-25,-5],"dils":[1.075,1.125,0.975,1.025,0.925,0.875]},{"id":"test","shape":"rightKite","outlier_type":0,"choice":4,"outlierPosition":4,"success":true,"majorityOfMostRegularShapes":false,"rt":6829,"rot1":5,"rot2":-15,"rot3":25,"rot4":15,"rot5":-25,"rot6":-5,"dil1":1.125,"dil2":0.925,"dil3":0.875,"dil4":1.075,"dil5":1.025,"dil6":0.975,"rots":[5,-15,25,15,-25,-5],"dils":[1.125,0.925,0.875,1.075,1.025,0.975]}],"desiredDistance":0.3,"trial_type":"oddball-grid","trial_index":5,"time_elapsed":1209191,"internal_node_id":"0.0-5.0","score":0.9431818181818182,"early_termination":false}]