[{"rt":17057,"url":"external-consent.html","trial_type":"external-html","trial_index":0,"time_elapsed":17060,"internal_node_id":"0.0-0.0","score":0.7840909090909091,"early_termination":false},{"rt":3701.3000000044703,"responses":"{\"Q0\":\"NA\",\"Q1\":\"NA\",\"Q2\":\"NA\"}","trial_type":"survey-text","trial_index":1,"time_elapsed":20763,"internal_node_id":"0.0-1.0","score":0.7840909090909091,"early_termination":false},{"success":true,"trial_type":"fullscreen","trial_index":2,"time_elapsed":24108,"internal_node_id":"0.0-2.0","score":0.7840909090909091,"early_termination":false},{"results":[{"id":"train-images","loop_number":1,"shape":"test4","outlier_type":"NA","choice":0,"outlierPosition":0,"success":true,"majorityOfMostRegularShapes":false,"rt":2955.10000000149,"rot1":-5,"rot2":5,"rot3":-15,"rot4":15,"rot5":25,"rot6":-25,"dil1":1.025,"dil2":0.875,"dil3":0.925,"dil4":0.975,"dil5":1.125,"dil6":1.075,"rots":[-5,5,-15,15,25,-25],"dils":[1.025,0.875,0.925,0.975,1.125,1.075],"possible_pos":[0,1,2,3,4,5]},{"id":"train-images","loop_number":1,"shape":"test10","outlier_type":"NA","choice":0,"outlierPosition":0,"success":true,"majorityOfMostRegularShapes":true,"rt":1405.3000000044703,"rot1":-25,"rot2":-5,"rot3":-15,"rot4":15,"rot5":25,"rot6":5,"dil1":1.025,"dil2":1.075,"dil3":0.925,"dil4":0.875,"dil5":0.975,"dil6":1.125,"rots":[-25,-5,-15,15,25,5],"dils":[1.025,1.075,0.925,0.875,0.975,1.125],"possible_pos":[0,1,2,3,4,5]},{"id":"train-images","loop_number":1,"shape":"test3","outlier_type":"NA","choice":2,"outlierPosition":2,"success":true,"majorityOfMostRegularShapes":true,"rt":1888,"rot1":-15,"rot2":5,"rot3":15,"rot4":-25,"rot5":-5,"rot6":25,"dil1":0.975,"dil2":0.925,"dil3":1.025,"dil4":0.875,"dil5":1.075,"dil6":1.125,"rots":[-15,5,15,-25,-5,25],"dils":[0.975,0.925,1.025,0.875,1.075,1.125],"possible_pos":[0,1,2,3,4,5]},{"id":"train-images","loop_number":1,"shape":"test4","outlier_type":"NA","choice":4,"outlierPosition":4,"success":true,"majorityOfMostRegularShapes":true,"rt":1735.8999999985099,"rot1":25,"rot2":5,"rot3":-5,"rot4":-15,"rot5":15,"rot6":-25,"dil1":1.025,"dil2":1.075,"dil3":0.925,"dil4":0.875,"dil5":0.975,"dil6":1.125,"rots":[25,5,-5,-15,15,-25],"dils":[1.025,1.075,0.925,0.875,0.975,1.125],"possible_pos":[0,1,2,3,4,5]},{"id":"train-images","loop_number":1,"shape":"test10","outlier_type":"NA","choice":0,"outlierPosition":0,"success":true,"majorityOfMostRegularShapes":false,"rt":1048.1000000014901,"rot1":-5,"rot2":15,"rot3":25,"rot4":5,"rot5":-25,"rot6":-15,"dil1":1.025,"dil2":0.975,"dil3":0.925,"dil4":1.125,"dil5":1.075,"dil6":0.875,"rots":[-5,15,25,5,-25,-15],"dils":[1.025,0.975,0.925,1.125,1.075,0.875],"possible_pos":[0,1,2,3,4,5]},{"id":"train-images","loop_number":1,"shape":"test5","outlier_type":"NA","choice":3,"outlierPosition":3,"success":true,"majorityOfMostRegularShapes":false,"rt":1081.8999999985099,"rot1":15,"rot2":-25,"rot3":5,"rot4":25,"rot5":-15,"rot6":-5,"dil1":1.025,"dil2":0.975,"dil3":1.075,"dil4":1.125,"dil5":0.875,"dil6":0.925,"rots":[15,-25,5,25,-15,-5],"dils":[1.025,0.975,1.075,1.125,0.875,0.925],"possible_pos":[0,1,2,3,4,5]},{"id":"train-images","loop_number":1,"shape":"test1","outlier_type":"NA","choice":3,"outlierPosition":3,"success":true,"majorityOfMostRegularShapes":true,"rt":798.6999999955297,"rot1":-25,"rot2":5,"rot3":15,"rot4":-5,"rot5":-15,"rot6":25,"dil1":0.925,"dil2":0.975,"dil3":1.125,"dil4":1.075,"dil5":0.875,"dil6":1.025,"rots":[-25,5,15,-5,-15,25],"dils":[0.925,0.975,1.125,1.075,0.875,1.025],"possible_pos":[0,1,2,3,4,5]},{"id":"train-images","loop_number":1,"shape":"test9","outlier_type":"NA","choice":4,"outlierPosition":4,"success":true,"majorityOfMostRegularShapes":true,"rt":786.7999999970198,"rot1":-5,"rot2":25,"rot3":15,"rot4":-25,"rot5":5,"rot6":-15,"dil1":1.125,"dil2":1.025,"dil3":1.075,"dil4":0.875,"dil5":0.925,"dil6":0.975,"rots":[-5,25,15,-25,5,-15],"dils":[1.125,1.025,1.075,0.875,0.925,0.975],"possible_pos":[0,1,2,3,4,5]},{"id":"train-images","loop_number":1,"shape":"test7","outlier_type":"NA","choice":1,"outlierPosition":1,"success":true,"majorityOfMostRegularShapes":true,"rt":871.2000000029802,"rot1":5,"rot2":15,"rot3":-25,"rot4":-15,"rot5":-5,"rot6":25,"dil1":0.875,"dil2":0.975,"dil3":1.125,"dil4":1.025,"dil5":0.925,"dil6":1.075,"rots":[5,15,-25,-15,-5,25],"dils":[0.875,0.975,1.125,1.025,0.925,1.075],"possible_pos":[0,1,2,3,4,5]},{"id":"train-images","loop_number":1,"shape":"test9","outlier_type":"NA","choice":3,"outlierPosition":3,"success":true,"majorityOfMostRegularShapes":false,"rt":893.5,"rot1":15,"rot2":-5,"rot3":-15,"rot4":-25,"rot5":25,"rot6":5,"dil1":0.925,"dil2":0.975,"dil3":1.075,"dil4":0.875,"dil5":1.025,"dil6":1.125,"rots":[15,-5,-15,-25,25,5],"dils":[0.925,0.975,1.075,0.875,1.025,1.125],"possible_pos":[0,1,2,3,4,5]},{"id":"train-images","loop_number":1,"shape":"test2","outlier_type":"NA","choice":0,"outlierPosition":0,"success":true,"majorityOfMostRegularShapes":false,"rt":878.6000000014901,"rot1":15,"rot2":25,"rot3":5,"rot4":-25,"rot5":-15,"rot6":-5,"dil1":0.875,"dil2":1.125,"dil3":1.025,"dil4":0.975,"dil5":1.075,"dil6":0.925,"rots":[15,25,5,-25,-15,-5],"dils":[0.875,1.125,1.025,0.975,1.075,0.925],"possible_pos":[0,1,2,3,4,5]},{"id":"train-images","loop_number":1,"shape":"test8","outlier_type":"NA","choice":4,"outlierPosition":4,"success":true,"majorityOfMostRegularShapes":true,"rt":708.3999999985099,"rot1":-5,"rot2":25,"rot3":5,"rot4":15,"rot5":-25,"rot6":-15,"dil1":0.925,"dil2":0.975,"dil3":1.125,"dil4":1.075,"dil5":1.025,"dil6":0.875,"rots":[-5,25,5,15,-25,-15],"dils":[0.925,0.975,1.125,1.075,1.025,0.875],"possible_pos":[0,1,2,3,4,5]},{"id":"train-images","loop_number":1,"shape":"test6","outlier_type":"NA","choice":3,"outlierPosition":3,"success":true,"majorityOfMostRegularShapes":true,"rt":1507.8999999985099,"rot1":5,"rot2":-25,"rot3":-15,"rot4":-5,"rot5":15,"rot6":25,"dil1":1.025,"dil2":1.125,"dil3":0.925,"dil4":0.975,"dil5":1.075,"dil6":0.875,"rots":[5,-25,-15,-5,15,25],"dils":[1.025,1.125,0.925,0.975,1.075,0.875],"possible_pos":[0,1,2,3,4,5]},{"id":"train-images","loop_number":1,"shape":"test2","outlier_type":"NA","choice":2,"outlierPosition":2,"success":true,"majorityOfMostRegularShapes":true,"rt":1100.4000000059605,"rot1":-15,"rot2":15,"rot3":-5,"rot4":5,"rot5":-25,"rot6":25,"dil1":0.875,"dil2":1.125,"dil3":1.025,"dil4":0.975,"dil5":1.075,"dil6":0.925,"rots":[-15,15,-5,5,-25,25],"dils":[0.875,1.125,1.025,0.975,1.075,0.925],"possible_pos":[0,1,2,3,4,5]},{"id":"train-images","loop_number":1,"shape":"test3","outlier_type":"NA","choice":1,"outlierPosition":1,"success":true,"majorityOfMostRegularShapes":false,"rt":1227.2999999970198,"rot1":5,"rot2":-15,"rot3":-5,"rot4":-25,"rot5":15,"rot6":25,"dil1":1.025,"dil2":0.925,"dil3":1.125,"dil4":0.975,"dil5":1.075,"dil6":0.875,"rots":[5,-15,-5,-25,15,25],"dils":[1.025,0.925,1.125,0.975,1.075,0.875],"possible_pos":[0,1,2,3,4,5]},{"id":"train-images","loop_number":1,"shape":"test1","outlier_type":"NA","choice":4,"outlierPosition":4,"success":true,"majorityOfMostRegularShapes":false,"rt":636.1000000014901,"rot1":-25,"rot2":15,"rot3":5,"rot4":-15,"rot5":25,"rot6":-5,"dil1":1.075,"dil2":1.125,"dil3":0.925,"dil4":0.875,"dil5":1.025,"dil6":0.975,"rots":[-25,15,5,-15,25,-5],"dils":[1.075,1.125,0.925,0.875,1.025,0.975],"possible_pos":[0,1,2,3,4,5]},{"id":"train-images","loop_number":1,"shape":"test7","outlier_type":"NA","choice":2,"outlierPosition":2,"success":true,"majorityOfMostRegularShapes":false,"rt":888.4000000059605,"rot1":-5,"rot2":-15,"rot3":25,"rot4":-25,"rot5":5,"rot6":15,"dil1":0.975,"dil2":1.025,"dil3":1.125,"dil4":1.075,"dil5":0.925,"dil6":0.875,"rots":[-5,-15,25,-25,5,15],"dils":[0.975,1.025,1.125,1.075,0.925,0.875],"possible_pos":[0,1,2,3,4,5]},{"id":"train-images","loop_number":1,"shape":"test5","outlier_type":"NA","choice":5,"outlierPosition":5,"success":true,"majorityOfMostRegularShapes":true,"rt":832.6000000014901,"rot1":25,"rot2":-25,"rot3":-15,"rot4":15,"rot5":-5,"rot6":5,"dil1":1.075,"dil2":1.125,"dil3":0.975,"dil4":0.925,"dil5":1.025,"dil6":0.875,"rots":[25,-25,-15,15,-5,5],"dils":[1.075,1.125,0.975,0.925,1.025,0.875],"possible_pos":[0,1,2,3,4,5]},{"id":"train-images","loop_number":1,"shape":"test8","outlier_type":"NA","choice":0,"outlierPosition":0,"success":true,"majorityOfMostRegularShapes":false,"rt":841.8000000044703,"rot1":-15,"rot2":-5,"rot3":25,"rot4":15,"rot5":-25,"rot6":5,"dil1":0.925,"dil2":1.075,"dil3":1.125,"dil4":0.875,"dil5":0.975,"dil6":1.025,"rots":[-15,-5,25,15,-25,5],"dils":[0.925,1.075,1.125,0.875,0.975,1.025],"possible_pos":[0,1,2,3,4,5]},{"id":"train-images","loop_number":1,"shape":"test6","outlier_type":"NA","choice":3,"outlierPosition":3,"success":true,"majorityOfMostRegularShapes":false,"rt":2482.10000000149,"rot1":25,"rot2":-15,"rot3":-25,"rot4":-5,"rot5":5,"rot6":15,"dil1":0.925,"dil2":1.025,"dil3":1.125,"dil4":0.975,"dil5":1.075,"dil6":0.875,"rots":[25,-15,-25,-5,5,15],"dils":[0.925,1.025,1.125,0.975,1.075,0.875],"possible_pos":[0,1,2,3,4,5]}],"trial_type":"oddball-grid-image","trial_index":3,"time_elapsed":499046,"internal_node_id":"0.0-3.0","score":0.7840909090909091,"early_termination":false},{"results":[{"id":"gen2","loop_number":1,"shape":2,"outlier_type":"NA","choice":2,"outlierPosition":2,"success":true,"majorityOfMostRegularShapes":true,"rt":974.3000000044703,"rot1":25,"rot2":-5,"rot3":-15,"rot4":5,"rot5":15,"rot6":-25,"dil1":1.075,"dil2":1.125,"dil3":0.875,"dil4":0.925,"dil5":0.975,"dil6":1.025,"rots":[25,-5,-15,5,15,-25],"dils":[1.075,1.125,0.875,0.925,0.975,1.025]},{"id":"gen2","loop_number":1,"shape":0,"outlier_type":"NA","choice":0,"outlierPosition":0,"success":true,"majorityOfMostRegularShapes":false,"rt":1066.7999999970198,"rot1":-25,"rot2":-5,"rot3":-15,"rot4":25,"rot5":5,"rot6":15,"dil1":0.975,"dil2":1.125,"dil3":1.025,"dil4":0.875,"dil5":0.925,"dil6":1.075,"rots":[-25,-5,-15,25,5,15],"dils":[0.975,1.125,1.025,0.875,0.925,1.075]},{"id":"gen2","loop_number":1,"shape":1,"outlier_type":"NA","choice":5,"outlierPosition":5,"success":true,"majorityOfMostRegularShapes":false,"rt":890.3000000044703,"rot1":5,"rot2":15,"rot3":25,"rot4":-5,"rot5":-15,"rot6":-25,"dil1":1.125,"dil2":0.975,"dil3":1.025,"dil4":1.075,"dil5":0.875,"dil6":0.925,"rots":[5,15,25,-5,-15,-25],"dils":[1.125,0.975,1.025,1.075,0.875,0.925]},{"id":"gen2","loop_number":1,"shape":2,"outlier_type":"NA","choice":3,"outlierPosition":3,"success":true,"majorityOfMostRegularShapes":false,"rt":886,"rot1":-5,"rot2":25,"rot3":5,"rot4":-15,"rot5":15,"rot6":-25,"dil1":0.975,"dil2":1.075,"dil3":1.125,"dil4":0.875,"dil5":1.025,"dil6":0.925,"rots":[-5,25,5,-15,15,-25],"dils":[0.975,1.075,1.125,0.875,1.025,0.925]},{"id":"gen2","loop_number":1,"shape":0,"outlier_type":"NA","choice":1,"outlierPosition":1,"success":true,"majorityOfMostRegularShapes":false,"rt":784.1000000014901,"rot1":-5,"rot2":5,"rot3":-25,"rot4":15,"rot5":25,"rot6":-15,"dil1":0.875,"dil2":0.975,"dil3":1.025,"dil4":1.125,"dil5":1.075,"dil6":0.925,"rots":[-5,5,-25,15,25,-15],"dils":[0.875,0.975,1.025,1.125,1.075,0.925]},{"id":"gen2","loop_number":1,"shape":1,"outlier_type":"NA","choice":4,"outlierPosition":4,"success":true,"majorityOfMostRegularShapes":false,"rt":774.4000000059605,"rot1":25,"rot2":5,"rot3":-25,"rot4":-5,"rot5":15,"rot6":-15,"dil1":0.875,"dil2":0.925,"dil3":1.125,"dil4":1.025,"dil5":0.975,"dil6":1.075,"rots":[25,5,-25,-5,15,-15],"dils":[0.875,0.925,1.125,1.025,0.975,1.075]},{"id":"gen2","loop_number":1,"shape":0,"outlier_type":"NA","choice":2,"outlierPosition":2,"success":true,"majorityOfMostRegularShapes":true,"rt":860.1000000014901,"rot1":5,"rot2":-15,"rot3":-25,"rot4":-5,"rot5":25,"rot6":15,"dil1":1.025,"dil2":0.975,"dil3":1.125,"dil4":1.075,"dil5":0.875,"dil6":0.925,"rots":[5,-15,-25,-5,25,15],"dils":[1.025,0.975,1.125,1.075,0.875,0.925]},{"id":"gen2","loop_number":1,"shape":2,"outlier_type":"NA","choice":1,"outlierPosition":1,"success":true,"majorityOfMostRegularShapes":false,"rt":839.7000000029802,"rot1":5,"rot2":15,"rot3":25,"rot4":-15,"rot5":-25,"rot6":-5,"dil1":1.075,"dil2":0.925,"dil3":0.975,"dil4":0.875,"dil5":1.025,"dil6":1.125,"rots":[5,15,25,-15,-25,-5],"dils":[1.075,0.925,0.975,0.875,1.025,1.125]},{"id":"gen2","loop_number":1,"shape":1,"outlier_type":"NA","choice":2,"outlierPosition":2,"success":true,"majorityOfMostRegularShapes":true,"rt":855.0999999940395,"rot1":-5,"rot2":25,"rot3":-15,"rot4":5,"rot5":15,"rot6":-25,"dil1":1.075,"dil2":0.975,"dil3":1.025,"dil4":1.125,"dil5":0.925,"dil6":0.875,"rots":[-5,25,-15,5,15,-25],"dils":[1.075,0.975,1.025,1.125,0.925,0.875]},{"id":"gen2","loop_number":1,"shape":2,"outlier_type":"NA","choice":5,"outlierPosition":5,"success":true,"majorityOfMostRegularShapes":true,"rt":821.8000000044703,"rot1":-15,"rot2":5,"rot3":15,"rot4":25,"rot5":-5,"rot6":-25,"dil1":1.075,"dil2":1.025,"dil3":0.875,"dil4":1.125,"dil5":0.975,"dil6":0.925,"rots":[-15,5,15,25,-5,-25],"dils":[1.075,1.025,0.875,1.125,0.975,0.925]},{"id":"gen2","loop_number":1,"shape":1,"outlier_type":"NA","choice":3,"outlierPosition":3,"success":true,"majorityOfMostRegularShapes":true,"rt":764.4000000059605,"rot1":15,"rot2":-25,"rot3":5,"rot4":25,"rot5":-15,"rot6":-5,"dil1":0.975,"dil2":0.875,"dil3":0.925,"dil4":1.125,"dil5":1.075,"dil6":1.025,"rots":[15,-25,5,25,-15,-5],"dils":[0.975,0.875,0.925,1.125,1.075,1.025]},{"id":"gen2","loop_number":1,"shape":0,"outlier_type":"NA","choice":3,"outlierPosition":3,"success":true,"majorityOfMostRegularShapes":true,"rt":1401.1000000014901,"rot1":15,"rot2":-5,"rot3":-25,"rot4":-15,"rot5":5,"rot6":25,"dil1":0.875,"dil2":0.975,"dil3":1.125,"dil4":1.025,"dil5":0.925,"dil6":1.075,"rots":[15,-5,-25,-15,5,25],"dils":[0.875,0.975,1.125,1.025,0.925,1.075]},{"id":"gen2","loop_number":1,"shape":2,"outlier_type":"NA","choice":5,"outlierPosition":5,"success":true,"majorityOfMostRegularShapes":false,"rt":794,"rot1":-25,"rot2":15,"rot3":-5,"rot4":-15,"rot5":25,"rot6":5,"dil1":0.875,"dil2":1.125,"dil3":1.025,"dil4":0.975,"dil5":0.925,"dil6":1.075,"rots":[-25,15,-5,-15,25,5],"dils":[0.875,1.125,1.025,0.975,0.925,1.075]},{"id":"gen2","loop_number":1,"shape":0,"outlier_type":"NA","choice":3,"outlierPosition":3,"success":true,"majorityOfMostRegularShapes":true,"rt":1384.2999999970198,"rot1":5,"rot2":-5,"rot3":-15,"rot4":25,"rot5":-25,"rot6":15,"dil1":0.925,"dil2":0.975,"dil3":1.075,"dil4":1.025,"dil5":1.125,"dil6":0.875,"rots":[5,-5,-15,25,-25,15],"dils":[0.925,0.975,1.075,1.025,1.125,0.875]},{"id":"gen2","loop_number":1,"shape":1,"outlier_type":"NA","choice":1,"outlierPosition":1,"success":true,"majorityOfMostRegularShapes":false,"rt":978.6000000014901,"rot1":-25,"rot2":5,"rot3":-5,"rot4":15,"rot5":-15,"rot6":25,"dil1":0.875,"dil2":1.125,"dil3":0.925,"dil4":1.025,"dil5":0.975,"dil6":1.075,"rots":[-25,5,-5,15,-15,25],"dils":[0.875,1.125,0.925,1.025,0.975,1.075]},{"id":"gen2","loop_number":1,"shape":2,"outlier_type":"NA","choice":5,"outlierPosition":5,"success":true,"majorityOfMostRegularShapes":true,"rt":713.6000000014901,"rot1":25,"rot2":15,"rot3":-5,"rot4":-15,"rot5":5,"rot6":-25,"dil1":1.125,"dil2":0.875,"dil3":1.025,"dil4":0.925,"dil5":1.075,"dil6":0.975,"rots":[25,15,-5,-15,5,-25],"dils":[1.125,0.875,1.025,0.925,1.075,0.975]},{"id":"gen2","loop_number":1,"shape":0,"outlier_type":"NA","choice":1,"outlierPosition":1,"success":true,"majorityOfMostRegularShapes":false,"rt":803.1000000014901,"rot1":15,"rot2":-25,"rot3":-15,"rot4":-5,"rot5":5,"rot6":25,"dil1":0.875,"dil2":0.975,"dil3":0.925,"dil4":1.075,"dil5":1.125,"dil6":1.025,"rots":[15,-25,-15,-5,5,25],"dils":[0.875,0.975,0.925,1.075,1.125,1.025]},{"id":"gen2","loop_number":1,"shape":1,"outlier_type":"NA","choice":5,"outlierPosition":5,"success":true,"majorityOfMostRegularShapes":true,"rt":777.3999999985099,"rot1":5,"rot2":-15,"rot3":15,"rot4":-5,"rot5":-25,"rot6":25,"dil1":1.025,"dil2":0.925,"dil3":0.875,"dil4":1.125,"dil5":1.075,"dil6":0.975,"rots":[5,-15,15,-5,-25,25],"dils":[1.025,0.925,0.875,1.125,1.075,0.975]}],"trial_type":"oddball-grid-easy","trial_index":4,"time_elapsed":540175,"internal_node_id":"0.0-4.0","score":0.7840909090909091,"early_termination":false},{"results":[{"id":"test","shape":"trapezoid","outlier_type":2,"choice":4,"outlierPosition":4,"success":true,"majorityOfMostRegularShapes":false,"rt":2571.89999999851,"rot1":5,"rot2":-15,"rot3":-5,"rot4":25,"rot5":15,"rot6":-25,"dil1":1.125,"dil2":0.925,"dil3":1.025,"dil4":0.875,"dil5":0.975,"dil6":1.075,"rots":[5,-15,-5,25,15,-25],"dils":[1.125,0.925,1.025,0.875,0.975,1.075]},{"id":"test","shape":"square","outlier_type":2,"choice":0,"outlierPosition":0,"success":true,"majorityOfMostRegularShapes":false,"rt":2018,"rot1":25,"rot2":15,"rot3":-5,"rot4":5,"rot5":-15,"rot6":-25,"dil1":0.875,"dil2":1.125,"dil3":0.975,"dil4":0.925,"dil5":1.075,"dil6":1.025,"rots":[25,15,-5,5,-15,-25],"dils":[0.875,1.125,0.975,0.925,1.075,1.025]},{"id":"test","shape":"rightKite","outlier_type":3,"choice":3,"outlierPosition":3,"success":true,"majorityOfMostRegularShapes":false,"rt":2181.5,"rot1":-15,"rot2":25,"rot3":5,"rot4":-25,"rot5":-5,"rot6":15,"dil1":1.075,"dil2":0.975,"dil3":1.125,"dil4":0.925,"dil5":0.875,"dil6":1.025,"rots":[-15,25,5,-25,-5,15],"dils":[1.075,0.975,1.125,0.925,0.875,1.025]},{"id":"test","shape":"hinge","outlier_type":2,"choice":1,"outlierPosition":1,"success":true,"majorityOfMostRegularShapes":true,"rt":2639.1999999955297,"rot1":-15,"rot2":-25,"rot3":15,"rot4":25,"rot5":-5,"rot6":5,"dil1":1.025,"dil2":0.925,"dil3":1.125,"dil4":0.975,"dil5":0.875,"dil6":1.075,"rots":[-15,-25,15,25,-5,5],"dils":[1.025,0.925,1.125,0.975,0.875,1.075]},{"id":"test","shape":"trapezoid","outlier_type":1,"choice":5,"outlierPosition":1,"success":false,"majorityOfMostRegularShapes":true,"rt":2915.5,"rot1":15,"rot2":25,"rot3":-15,"rot4":-5,"rot5":5,"rot6":-25,"dil1":1.075,"dil2":1.125,"dil3":0.925,"dil4":0.975,"dil5":1.025,"dil6":0.875,"rots":[15,25,-15,-5,5,-25],"dils":[1.075,1.125,0.925,0.975,1.025,0.875]},{"id":"test","shape":"rectangle","outlier_type":3,"choice":1,"outlierPosition":1,"success":true,"majorityOfMostRegularShapes":true,"rt":1907.7000000029802,"rot1":-25,"rot2":15,"rot3":5,"rot4":-15,"rot5":25,"rot6":-5,"dil1":0.875,"dil2":1.075,"dil3":1.025,"dil4":0.925,"dil5":1.125,"dil6":0.975,"rots":[-25,15,5,-15,25,-5],"dils":[0.875,1.075,1.025,0.925,1.125,0.975]},{"id":"test","shape":"random","outlier_type":0,"choice":2,"outlierPosition":0,"success":false,"majorityOfMostRegularShapes":false,"rt":3842.2000000029802,"rot1":-25,"rot2":5,"rot3":-15,"rot4":25,"rot5":15,"rot6":-5,"dil1":0.975,"dil2":1.125,"dil3":0.875,"dil4":1.075,"dil5":0.925,"dil6":1.025,"rots":[-25,5,-15,25,15,-5],"dils":[0.975,1.125,0.875,1.075,0.925,1.025]},{"id":"test","shape":"hinge","outlier_type":2,"choice":0,"outlierPosition":0,"success":true,"majorityOfMostRegularShapes":false,"rt":3160.2999999970198,"rot1":-25,"rot2":15,"rot3":-15,"rot4":-5,"rot5":25,"rot6":5,"dil1":0.875,"dil2":1.025,"dil3":0.975,"dil4":1.075,"dil5":0.925,"dil6":1.125,"rots":[-25,15,-15,-5,25,5],"dils":[0.875,1.025,0.975,1.075,0.925,1.125]},{"id":"test","shape":"isoTrapezoid","outlier_type":0,"choice":5,"outlierPosition":5,"success":true,"majorityOfMostRegularShapes":false,"rt":1661.7999999970198,"rot1":25,"rot2":15,"rot3":-25,"rot4":5,"rot5":-15,"rot6":-5,"dil1":1.025,"dil2":0.925,"dil3":0.975,"dil4":1.075,"dil5":1.125,"dil6":0.875,"rots":[25,15,-25,5,-15,-5],"dils":[1.025,0.925,0.975,1.075,1.125,0.875]},{"id":"test","shape":"rectangle","outlier_type":2,"choice":2,"outlierPosition":0,"success":false,"majorityOfMostRegularShapes":false,"rt":2675.89999999851,"rot1":-25,"rot2":5,"rot3":25,"rot4":15,"rot5":-5,"rot6":-15,"dil1":1.025,"dil2":0.975,"dil3":0.875,"dil4":1.075,"dil5":0.925,"dil6":1.125,"rots":[-25,5,25,15,-5,-15],"dils":[1.025,0.975,0.875,1.075,0.925,1.125]},{"id":"test","shape":"kite","outlier_type":1,"choice":1,"outlierPosition":3,"success":false,"majorityOfMostRegularShapes":false,"rt":3979.7999999970198,"rot1":-5,"rot2":25,"rot3":-25,"rot4":-15,"rot5":5,"rot6":15,"dil1":0.975,"dil2":0.875,"dil3":1.125,"dil4":1.025,"dil5":0.925,"dil6":1.075,"rots":[-5,25,-25,-15,5,15],"dils":[0.975,0.875,1.125,1.025,0.925,1.075]},{"id":"test","shape":"random","outlier_type":2,"choice":4,"outlierPosition":4,"success":true,"majorityOfMostRegularShapes":false,"rt":2235.5,"rot1":-5,"rot2":-25,"rot3":-15,"rot4":15,"rot5":25,"rot6":5,"dil1":1.025,"dil2":1.125,"dil3":1.075,"dil4":0.975,"dil5":0.875,"dil6":0.925,"rots":[-5,-25,-15,15,25,5],"dils":[1.025,1.125,1.075,0.975,0.875,0.925]},{"id":"test","shape":"kite","outlier_type":1,"choice":3,"outlierPosition":3,"success":true,"majorityOfMostRegularShapes":true,"rt":1550.4000000059605,"rot1":25,"rot2":15,"rot3":-15,"rot4":-25,"rot5":-5,"rot6":5,"dil1":1.125,"dil2":0.975,"dil3":1.025,"dil4":0.875,"dil5":0.925,"dil6":1.075,"rots":[25,15,-15,-25,-5,5],"dils":[1.125,0.975,1.025,0.875,0.925,1.075]},{"id":"test","shape":"square","outlier_type":3,"choice":3,"outlierPosition":3,"success":true,"majorityOfMostRegularShapes":true,"rt":2268.7999999970198,"rot1":5,"rot2":-25,"rot3":-15,"rot4":-5,"rot5":15,"rot6":25,"dil1":1.025,"dil2":0.975,"dil3":1.075,"dil4":0.925,"dil5":1.125,"dil6":0.875,"rots":[5,-25,-15,-5,15,25],"dils":[1.025,0.975,1.075,0.925,1.125,0.875]},{"id":"test","shape":"hinge","outlier_type":0,"choice":2,"outlierPosition":2,"success":true,"majorityOfMostRegularShapes":false,"rt":2049.89999999851,"rot1":-5,"rot2":-15,"rot3":25,"rot4":5,"rot5":15,"rot6":-25,"dil1":0.875,"dil2":1.075,"dil3":0.925,"dil4":1.125,"dil5":0.975,"dil6":1.025,"rots":[-5,-15,25,5,15,-25],"dils":[0.875,1.075,0.925,1.125,0.975,1.025]},{"id":"test","shape":"rustedHinge","outlier_type":1,"choice":1,"outlierPosition":1,"success":true,"majorityOfMostRegularShapes":false,"rt":2614.7999999970198,"rot1":-15,"rot2":-25,"rot3":-5,"rot4":15,"rot5":25,"rot6":5,"dil1":1.025,"dil2":0.975,"dil3":1.125,"dil4":0.875,"dil5":1.075,"dil6":0.925,"rots":[-15,-25,-5,15,25,5],"dils":[1.025,0.975,1.125,0.875,1.075,0.925]},{"id":"test","shape":"trapezoid","outlier_type":3,"choice":3,"outlierPosition":5,"success":false,"majorityOfMostRegularShapes":true,"rt":3211.7999999970198,"rot1":15,"rot2":-25,"rot3":-5,"rot4":-15,"rot5":5,"rot6":25,"dil1":1.125,"dil2":1.025,"dil3":1.075,"dil4":0.875,"dil5":0.975,"dil6":0.925,"rots":[15,-25,-5,-15,5,25],"dils":[1.125,1.025,1.075,0.875,0.975,0.925]},{"id":"test","shape":"isoTrapezoid","outlier_type":0,"choice":1,"outlierPosition":1,"success":true,"majorityOfMostRegularShapes":true,"rt":3802.5,"rot1":-25,"rot2":-15,"rot3":-5,"rot4":25,"rot5":15,"rot6":5,"dil1":1.025,"dil2":1.125,"dil3":0.875,"dil4":0.975,"dil5":0.925,"dil6":1.075,"rots":[-25,-15,-5,25,15,5],"dils":[1.025,1.125,0.875,0.975,0.925,1.075]},{"id":"test","shape":"losange","outlier_type":1,"choice":3,"outlierPosition":3,"success":true,"majorityOfMostRegularShapes":false,"rt":2934.60000000149,"rot1":-25,"rot2":5,"rot3":25,"rot4":-5,"rot5":15,"rot6":-15,"dil1":0.875,"dil2":1.125,"dil3":0.925,"dil4":0.975,"dil5":1.075,"dil6":1.025,"rots":[-25,5,25,-5,15,-15],"dils":[0.875,1.125,0.925,0.975,1.075,1.025]},{"id":"test","shape":"rightKite","outlier_type":3,"choice":1,"outlierPosition":1,"success":true,"majorityOfMostRegularShapes":true,"rt":4114.89999999851,"rot1":-5,"rot2":-25,"rot3":25,"rot4":5,"rot5":15,"rot6":-15,"dil1":1.125,"dil2":0.975,"dil3":0.875,"dil4":1.075,"dil5":1.025,"dil6":0.925,"rots":[-5,-25,25,5,15,-15],"dils":[1.125,0.975,0.875,1.075,1.025,0.925]},{"id":"test","shape":"hinge","outlier_type":1,"choice":5,"outlierPosition":1,"success":false,"majorityOfMostRegularShapes":true,"rt":5135.70000000298,"rot1":-15,"rot2":5,"rot3":-5,"rot4":15,"rot5":-25,"rot6":25,"dil1":1.075,"dil2":1.125,"dil3":0.925,"dil4":0.875,"dil5":1.025,"dil6":0.975,"rots":[-15,5,-5,15,-25,25],"dils":[1.075,1.125,0.925,0.875,1.025,0.975]},{"id":"test","shape":"trapezoid","outlier_type":0,"choice":4,"outlierPosition":4,"success":true,"majorityOfMostRegularShapes":true,"rt":2272.9000000059605,"rot1":-25,"rot2":5,"rot3":-15,"rot4":15,"rot5":25,"rot6":-5,"dil1":1.025,"dil2":0.875,"dil3":0.925,"dil4":0.975,"dil5":1.125,"dil6":1.075,"rots":[-25,5,-15,15,25,-5],"dils":[1.025,0.875,0.925,0.975,1.125,1.075]},{"id":"test","shape":"square","outlier_type":3,"choice":3,"outlierPosition":3,"success":true,"majorityOfMostRegularShapes":false,"rt":1721.5,"rot1":25,"rot2":15,"rot3":-25,"rot4":-15,"rot5":-5,"rot6":5,"dil1":0.975,"dil2":1.025,"dil3":1.075,"dil4":0.875,"dil5":1.125,"dil6":0.925,"rots":[25,15,-25,-15,-5,5],"dils":[0.975,1.025,1.075,0.875,1.125,0.925]},{"id":"test","shape":"kite","outlier_type":0,"choice":3,"outlierPosition":3,"success":true,"majorityOfMostRegularShapes":true,"rt":2452.2999999970198,"rot1":5,"rot2":15,"rot3":-15,"rot4":-25,"rot5":25,"rot6":-5,"dil1":0.975,"dil2":0.875,"dil3":1.025,"dil4":1.075,"dil5":1.125,"dil6":0.925,"rots":[5,15,-15,-25,25,-5],"dils":[0.975,0.875,1.025,1.075,1.125,0.925]},{"id":"test","shape":"kite","outlier_type":3,"choice":3,"outlierPosition":3,"success":true,"majorityOfMostRegularShapes":false,"rt":2212.2000000029802,"rot1":-15,"rot2":25,"rot3":15,"rot4":5,"rot5":-25,"rot6":-5,"dil1":1.125,"dil2":1.075,"dil3":1.025,"dil4":0.875,"dil5":0.925,"dil6":0.975,"rots":[-15,25,15,5,-25,-5],"dils":[1.125,1.075,1.025,0.875,0.925,0.975]},{"id":"test","shape":"parallelogram","outlier_type":2,"choice":2,"outlierPosition":2,"success":true,"majorityOfMostRegularShapes":false,"rt":4001.7000000029802,"rot1":-5,"rot2":15,"rot3":-25,"rot4":5,"rot5":25,"rot6":-15,"dil1":1.025,"dil2":1.125,"dil3":0.975,"dil4":0.925,"dil5":0.875,"dil6":1.075,"rots":[-5,15,-25,5,25,-15],"dils":[1.025,1.125,0.975,0.925,0.875,1.075]},{"id":"test","shape":"random","outlier_type":1,"choice":2,"outlierPosition":1,"success":false,"majorityOfMostRegularShapes":true,"rt":2458.10000000149,"rot1":25,"rot2":15,"rot3":-25,"rot4":-15,"rot5":-5,"rot6":5,"dil1":0.875,"dil2":0.925,"dil3":0.975,"dil4":1.125,"dil5":1.075,"dil6":1.025,"rots":[25,15,-25,-15,-5,5],"dils":[0.875,0.925,0.975,1.125,1.075,1.025]},{"id":"test","shape":"parallelogram","outlier_type":3,"choice":4,"outlierPosition":3,"success":false,"majorityOfMostRegularShapes":true,"rt":2994.8000000044703,"rot1":25,"rot2":5,"rot3":-5,"rot4":15,"rot5":-15,"rot6":-25,"dil1":1.075,"dil2":0.975,"dil3":0.925,"dil4":1.025,"dil5":0.875,"dil6":1.125,"rots":[25,5,-5,15,-15,-25],"dils":[1.075,0.975,0.925,1.025,0.875,1.125]},{"id":"test","shape":"trapezoid","outlier_type":1,"choice":5,"outlierPosition":5,"success":true,"majorityOfMostRegularShapes":false,"rt":3841.7999999970198,"rot1":-25,"rot2":25,"rot3":-15,"rot4":5,"rot5":15,"rot6":-5,"dil1":1.025,"dil2":1.125,"dil3":0.975,"dil4":0.925,"dil5":1.075,"dil6":0.875,"rots":[-25,25,-15,5,15,-5],"dils":[1.025,1.125,0.975,0.925,1.075,0.875]},{"id":"test","shape":"losange","outlier_type":2,"choice":0,"outlierPosition":0,"success":true,"majorityOfMostRegularShapes":false,"rt":3819.1999999955297,"rot1":25,"rot2":-25,"rot3":5,"rot4":15,"rot5":-15,"rot6":-5,"dil1":0.875,"dil2":0.925,"dil3":1.125,"dil4":0.975,"dil5":1.025,"dil6":1.075,"rots":[25,-25,5,15,-15,-5],"dils":[0.875,0.925,1.125,0.975,1.025,1.075]},{"id":"test","shape":"rectangle","outlier_type":1,"choice":1,"outlierPosition":1,"success":true,"majorityOfMostRegularShapes":true,"rt":1850.1999999955297,"rot1":15,"rot2":-15,"rot3":-25,"rot4":-5,"rot5":5,"rot6":25,"dil1":1.075,"dil2":0.875,"dil3":0.925,"dil4":1.125,"dil5":0.975,"dil6":1.025,"rots":[15,-15,-25,-5,5,25],"dils":[1.075,0.875,0.925,1.125,0.975,1.025]},{"id":"test","shape":"trapezoid","outlier_type":3,"choice":4,"outlierPosition":4,"success":true,"majorityOfMostRegularShapes":false,"rt":2862.2000000029802,"rot1":5,"rot2":25,"rot3":15,"rot4":-15,"rot5":-5,"rot6":-25,"dil1":0.925,"dil2":0.875,"dil3":0.975,"dil4":1.075,"dil5":1.025,"dil6":1.125,"rots":[5,25,15,-15,-5,-25],"dils":[0.925,0.875,0.975,1.075,1.025,1.125]},{"id":"test","shape":"rightKite","outlier_type":2,"choice":1,"outlierPosition":1,"success":true,"majorityOfMostRegularShapes":true,"rt":2145.39999999851,"rot1":5,"rot2":15,"rot3":-25,"rot4":-15,"rot5":25,"rot6":-5,"dil1":0.875,"dil2":1.075,"dil3":0.925,"dil4":1.125,"dil5":1.025,"dil6":0.975,"rots":[5,15,-25,-15,25,-5],"dils":[0.875,1.075,0.925,1.125,1.025,0.975]},{"id":"test","shape":"rustedHinge","outlier_type":0,"choice":5,"outlierPosition":5,"success":true,"majorityOfMostRegularShapes":true,"rt":6146.4000000059605,"rot1":-25,"rot2":-15,"rot3":15,"rot4":-5,"rot5":5,"rot6":25,"dil1":1.075,"dil2":0.975,"dil3":0.925,"dil4":1.125,"dil5":1.025,"dil6":0.875,"rots":[-25,-15,15,-5,5,25],"dils":[1.075,0.975,0.925,1.125,1.025,0.875]},{"id":"test","shape":"hinge","outlier_type":1,"choice":4,"outlierPosition":3,"success":false,"majorityOfMostRegularShapes":false,"rt":3743.7000000029802,"rot1":-15,"rot2":-5,"rot3":15,"rot4":-25,"rot5":25,"rot6":5,"dil1":1.025,"dil2":0.975,"dil3":1.075,"dil4":0.925,"dil5":0.875,"dil6":1.125,"rots":[-15,-5,15,-25,25,5],"dils":[1.025,0.975,1.075,0.925,0.875,1.125]},{"id":"test","shape":"parallelogram","outlier_type":2,"choice":5,"outlierPosition":5,"success":true,"majorityOfMostRegularShapes":true,"rt":2820.5,"rot1":-25,"rot2":5,"rot3":15,"rot4":25,"rot5":-5,"rot6":-15,"dil1":0.925,"dil2":0.875,"dil3":0.975,"dil4":1.075,"dil5":1.025,"dil6":1.125,"rots":[-25,5,15,25,-5,-15],"dils":[0.925,0.875,0.975,1.075,1.025,1.125]},{"id":"test","shape":"rustedHinge","outlier_type":0,"choice":4,"outlierPosition":4,"success":true,"majorityOfMostRegularShapes":false,"rt":2490,"rot1":-25,"rot2":25,"rot3":15,"rot4":-15,"rot5":-5,"rot6":5,"dil1":1.025,"dil2":0.925,"dil3":1.125,"dil4":1.075,"dil5":0.875,"dil6":0.975,"rots":[-25,25,15,-15,-5,5],"dils":[1.025,0.925,1.125,1.075,0.875,0.975]},{"id":"test","shape":"random","outlier_type":2,"choice":4,"outlierPosition":1,"success":false,"majorityOfMostRegularShapes":true,"rt":1925.1999999955297,"rot1":5,"rot2":25,"rot3":-5,"rot4":-25,"rot5":-15,"rot6":15,"dil1":0.875,"dil2":1.125,"dil3":1.025,"dil4":0.925,"dil5":1.075,"dil6":0.975,"rots":[5,25,-5,-25,-15,15],"dils":[0.875,1.125,1.025,0.925,1.075,0.975]},{"id":"test","shape":"parallelogram","outlier_type":0,"choice":4,"outlierPosition":4,"success":true,"majorityOfMostRegularShapes":false,"rt":1995.5,"rot1":25,"rot2":15,"rot3":-15,"rot4":5,"rot5":-25,"rot6":-5,"dil1":1.075,"dil2":1.025,"dil3":0.925,"dil4":1.125,"dil5":0.975,"dil6":0.875,"rots":[25,15,-15,5,-25,-5],"dils":[1.075,1.025,0.925,1.125,0.975,0.875]},{"id":"test","shape":"kite","outlier_type":3,"choice":3,"outlierPosition":3,"success":true,"majorityOfMostRegularShapes":true,"rt":2585.39999999851,"rot1":15,"rot2":-5,"rot3":-25,"rot4":5,"rot5":-15,"rot6":25,"dil1":1.075,"dil2":0.925,"dil3":1.125,"dil4":0.975,"dil5":1.025,"dil6":0.875,"rots":[15,-5,-25,5,-15,25],"dils":[1.075,0.925,1.125,0.975,1.025,0.875]},{"id":"test","shape":"rectangle","outlier_type":1,"choice":3,"outlierPosition":3,"success":true,"majorityOfMostRegularShapes":false,"rt":1853.1000000014901,"rot1":5,"rot2":25,"rot3":-5,"rot4":15,"rot5":-25,"rot6":-15,"dil1":1.075,"dil2":1.025,"dil3":1.125,"dil4":0.925,"dil5":0.975,"dil6":0.875,"rots":[5,25,-5,15,-25,-15],"dils":[1.075,1.025,1.125,0.925,0.975,0.875]},{"id":"test","shape":"kite","outlier_type":0,"choice":5,"outlierPosition":4,"success":false,"majorityOfMostRegularShapes":false,"rt":3401.7999999970198,"rot1":25,"rot2":5,"rot3":-15,"rot4":-5,"rot5":-25,"rot6":15,"dil1":0.975,"dil2":1.075,"dil3":1.125,"dil4":1.025,"dil5":0.875,"dil6":0.925,"rots":[25,5,-15,-5,-25,15],"dils":[0.975,1.075,1.125,1.025,0.875,0.925]},{"id":"test","shape":"parallelogram","outlier_type":3,"choice":0,"outlierPosition":0,"success":true,"majorityOfMostRegularShapes":false,"rt":3962.7000000029802,"rot1":25,"rot2":-15,"rot3":5,"rot4":-25,"rot5":-5,"rot6":15,"dil1":0.925,"dil2":1.025,"dil3":0.975,"dil4":0.875,"dil5":1.075,"dil6":1.125,"rots":[25,-15,5,-25,-5,15],"dils":[0.925,1.025,0.975,0.875,1.075,1.125]},{"id":"test","shape":"isoTrapezoid","outlier_type":2,"choice":5,"outlierPosition":5,"success":true,"majorityOfMostRegularShapes":false,"rt":2831.2000000029802,"rot1":5,"rot2":15,"rot3":25,"rot4":-5,"rot5":-25,"rot6":-15,"dil1":1.025,"dil2":0.925,"dil3":0.975,"dil4":1.075,"dil5":0.875,"dil6":1.125,"rots":[5,15,25,-5,-25,-15],"dils":[1.025,0.925,0.975,1.075,0.875,1.125]},{"id":"test","shape":"random","outlier_type":0,"choice":2,"outlierPosition":3,"success":false,"majorityOfMostRegularShapes":true,"rt":3579.6999999955297,"rot1":5,"rot2":15,"rot3":-15,"rot4":-5,"rot5":-25,"rot6":25,"dil1":0.925,"dil2":1.025,"dil3":0.875,"dil4":1.125,"dil5":1.075,"dil6":0.975,"rots":[5,15,-15,-5,-25,25],"dils":[0.925,1.025,0.875,1.125,1.075,0.975]},{"id":"test","shape":"rectangle","outlier_type":3,"choice":3,"outlierPosition":3,"success":true,"majorityOfMostRegularShapes":false,"rt":2169.1999999955297,"rot1":15,"rot2":-15,"rot3":-5,"rot4":25,"rot5":-25,"rot6":5,"dil1":1.125,"dil2":0.925,"dil3":0.975,"dil4":0.875,"dil5":1.075,"dil6":1.025,"rots":[15,-15,-5,25,-25,5],"dils":[1.125,0.925,0.975,0.875,1.075,1.025]},{"id":"test","shape":"losange","outlier_type":0,"choice":3,"outlierPosition":3,"success":true,"majorityOfMostRegularShapes":true,"rt":2845.2000000029802,"rot1":-25,"rot2":-5,"rot3":5,"rot4":25,"rot5":15,"rot6":-15,"dil1":0.925,"dil2":1.125,"dil3":0.875,"dil4":1.075,"dil5":0.975,"dil6":1.025,"rots":[-25,-5,5,25,15,-15],"dils":[0.925,1.125,0.875,1.075,0.975,1.025]},{"id":"test","shape":"random","outlier_type":3,"choice":0,"outlierPosition":0,"success":true,"majorityOfMostRegularShapes":true,"rt":5792,"rot1":-15,"rot2":5,"rot3":25,"rot4":-25,"rot5":15,"rot6":-5,"dil1":1.075,"dil2":1.125,"dil3":0.975,"dil4":0.925,"dil5":1.025,"dil6":0.875,"rots":[-15,5,25,-25,15,-5],"dils":[1.075,1.125,0.975,0.925,1.025,0.875]},{"id":"test","shape":"square","outlier_type":2,"choice":0,"outlierPosition":0,"success":true,"majorityOfMostRegularShapes":true,"rt":1805.1000000014901,"rot1":-5,"rot2":25,"rot3":5,"rot4":-15,"rot5":-25,"rot6":15,"dil1":0.875,"dil2":1.125,"dil3":0.925,"dil4":0.975,"dil5":1.025,"dil6":1.075,"rots":[-5,25,5,-15,-25,15],"dils":[0.875,1.125,0.925,0.975,1.025,1.075]},{"id":"test","shape":"isoTrapezoid","outlier_type":1,"choice":0,"outlierPosition":0,"success":true,"majorityOfMostRegularShapes":false,"rt":3449.2999999970198,"rot1":-15,"rot2":-5,"rot3":15,"rot4":-25,"rot5":25,"rot6":5,"dil1":0.925,"dil2":1.075,"dil3":1.025,"dil4":1.125,"dil5":0.975,"dil6":0.875,"rots":[-15,-5,15,-25,25,5],"dils":[0.925,1.075,1.025,1.125,0.975,0.875]},{"id":"test","shape":"random","outlier_type":3,"choice":3,"outlierPosition":3,"success":true,"majorityOfMostRegularShapes":false,"rt":4081.1999999955297,"rot1":-15,"rot2":15,"rot3":5,"rot4":25,"rot5":-5,"rot6":-25,"dil1":0.975,"dil2":1.025,"dil3":0.925,"dil4":1.125,"dil5":0.875,"dil6":1.075,"rots":[-15,15,5,25,-5,-25],"dils":[0.975,1.025,0.925,1.125,0.875,1.075]},{"id":"test","shape":"rectangle","outlier_type":0,"choice":2,"outlierPosition":2,"success":true,"majorityOfMostRegularShapes":false,"rt":1341,"rot1":25,"rot2":-5,"rot3":-25,"rot4":15,"rot5":-15,"rot6":5,"dil1":1.125,"dil2":1.075,"dil3":0.875,"dil4":0.925,"dil5":0.975,"dil6":1.025,"rots":[25,-5,-25,15,-15,5],"dils":[1.125,1.075,0.875,0.925,0.975,1.025]},{"id":"test","shape":"square","outlier_type":1,"choice":3,"outlierPosition":3,"success":true,"majorityOfMostRegularShapes":false,"rt":2515.5,"rot1":25,"rot2":-25,"rot3":15,"rot4":-15,"rot5":5,"rot6":-5,"dil1":1.125,"dil2":1.025,"dil3":0.925,"dil4":0.975,"dil5":1.075,"dil6":0.875,"rots":[25,-25,15,-15,5,-5],"dils":[1.125,1.025,0.925,0.975,1.075,0.875]},{"id":"test","shape":"rustedHinge","outlier_type":3,"choice":2,"outlierPosition":0,"success":false,"majorityOfMostRegularShapes":false,"rt":2528.89999999851,"rot1":25,"rot2":15,"rot3":-15,"rot4":5,"rot5":-5,"rot6":-25,"dil1":1.125,"dil2":1.025,"dil3":1.075,"dil4":0.875,"dil5":0.975,"dil6":0.925,"rots":[25,15,-15,5,-5,-25],"dils":[1.125,1.025,1.075,0.875,0.975,0.925]},{"id":"test","shape":"hinge","outlier_type":0,"choice":5,"outlierPosition":5,"success":true,"majorityOfMostRegularShapes":true,"rt":3666.5,"rot1":5,"rot2":-15,"rot3":-25,"rot4":15,"rot5":-5,"rot6":25,"dil1":1.075,"dil2":0.875,"dil3":0.975,"dil4":0.925,"dil5":1.125,"dil6":1.025,"rots":[5,-15,-25,15,-5,25],"dils":[1.075,0.875,0.975,0.925,1.125,1.025]},{"id":"test","shape":"rightKite","outlier_type":1,"choice":0,"outlierPosition":0,"success":true,"majorityOfMostRegularShapes":true,"rt":3428.39999999851,"rot1":-25,"rot2":-15,"rot3":-5,"rot4":25,"rot5":15,"rot6":5,"dil1":0.975,"dil2":1.125,"dil3":0.925,"dil4":0.875,"dil5":1.025,"dil6":1.075,"rots":[-25,-15,-5,25,15,5],"dils":[0.975,1.125,0.925,0.875,1.025,1.075]},{"id":"test","shape":"trapezoid","outlier_type":0,"choice":2,"outlierPosition":2,"success":true,"majorityOfMostRegularShapes":false,"rt":5633,"rot1":-25,"rot2":15,"rot3":-15,"rot4":5,"rot5":25,"rot6":-5,"dil1":1.125,"dil2":0.925,"dil3":0.975,"dil4":0.875,"dil5":1.075,"dil6":1.025,"rots":[-25,15,-15,5,25,-5],"dils":[1.125,0.925,0.975,0.875,1.075,1.025]},{"id":"test","shape":"isoTrapezoid","outlier_type":2,"choice":2,"outlierPosition":2,"success":true,"majorityOfMostRegularShapes":true,"rt":3038.7999999970198,"rot1":-15,"rot2":5,"rot3":-25,"rot4":-5,"rot5":15,"rot6":25,"dil1":1.025,"dil2":0.925,"dil3":0.975,"dil4":1.125,"dil5":1.075,"dil6":0.875,"rots":[-15,5,-25,-5,15,25],"dils":[1.025,0.925,0.975,1.125,1.075,0.875]},{"id":"test","shape":"hinge","outlier_type":3,"choice":5,"outlierPosition":5,"success":true,"majorityOfMostRegularShapes":true,"rt":1822.3999999985099,"rot1":25,"rot2":5,"rot3":-15,"rot4":-5,"rot5":-25,"rot6":15,"dil1":0.875,"dil2":1.125,"dil3":1.075,"dil4":0.975,"dil5":0.925,"dil6":1.025,"rots":[25,5,-15,-5,-25,15],"dils":[0.875,1.125,1.075,0.975,0.925,1.025]},{"id":"test","shape":"parallelogram","outlier_type":1,"choice":1,"outlierPosition":1,"success":true,"majorityOfMostRegularShapes":true,"rt":3878.2999999970198,"rot1":5,"rot2":15,"rot3":-15,"rot4":-25,"rot5":-5,"rot6":25,"dil1":0.875,"dil2":1.025,"dil3":0.925,"dil4":1.125,"dil5":1.075,"dil6":0.975,"rots":[5,15,-15,-25,-5,25],"dils":[0.875,1.025,0.925,1.125,1.075,0.975]},{"id":"test","shape":"rightKite","outlier_type":0,"choice":2,"outlierPosition":0,"success":false,"majorityOfMostRegularShapes":false,"rt":3416.2999999970198,"rot1":-15,"rot2":5,"rot3":-25,"rot4":25,"rot5":-5,"rot6":15,"dil1":1.125,"dil2":1.025,"dil3":0.875,"dil4":0.975,"dil5":0.925,"dil6":1.075,"rots":[-15,5,-25,25,-5,15],"dils":[1.125,1.025,0.875,0.975,0.925,1.075]},{"id":"test","shape":"losange","outlier_type":3,"choice":3,"outlierPosition":3,"success":true,"majorityOfMostRegularShapes":false,"rt":3381.60000000149,"rot1":-5,"rot2":-25,"rot3":-15,"rot4":25,"rot5":15,"rot6":5,"dil1":0.975,"dil2":1.025,"dil3":1.125,"dil4":1.075,"dil5":0.875,"dil6":0.925,"rots":[-5,-25,-15,25,15,5],"dils":[0.975,1.025,1.125,1.075,0.875,0.925]},{"id":"test","shape":"trapezoid","outlier_type":2,"choice":5,"outlierPosition":4,"success":false,"majorityOfMostRegularShapes":true,"rt":3610,"rot1":5,"rot2":15,"rot3":25,"rot4":-25,"rot5":-15,"rot6":-5,"dil1":0.875,"dil2":1.125,"dil3":0.975,"dil4":1.025,"dil5":0.925,"dil6":1.075,"rots":[5,15,25,-25,-15,-5],"dils":[0.875,1.125,0.975,1.025,0.925,1.075]},{"id":"test","shape":"parallelogram","outlier_type":0,"choice":4,"outlierPosition":4,"success":true,"majorityOfMostRegularShapes":true,"rt":3237.7999999970198,"rot1":15,"rot2":5,"rot3":-15,"rot4":-25,"rot5":-5,"rot6":25,"dil1":0.975,"dil2":0.875,"dil3":0.925,"dil4":1.125,"dil5":1.025,"dil6":1.075,"rots":[15,5,-15,-25,-5,25],"dils":[0.975,0.875,0.925,1.125,1.025,1.075]},{"id":"test","shape":"isoTrapezoid","outlier_type":3,"choice":3,"outlierPosition":3,"success":true,"majorityOfMostRegularShapes":false,"rt":2498.2000000029802,"rot1":5,"rot2":-25,"rot3":25,"rot4":15,"rot5":-15,"rot6":-5,"dil1":1.025,"dil2":1.125,"dil3":0.925,"dil4":0.975,"dil5":0.875,"dil6":1.075,"rots":[5,-25,25,15,-15,-5],"dils":[1.025,1.125,0.925,0.975,0.875,1.075]},{"id":"test","shape":"losange","outlier_type":2,"choice":5,"outlierPosition":5,"success":true,"majorityOfMostRegularShapes":true,"rt":2785,"rot1":15,"rot2":-5,"rot3":25,"rot4":-15,"rot5":5,"rot6":-25,"dil1":0.975,"dil2":1.125,"dil3":1.025,"dil4":1.075,"dil5":0.875,"dil6":0.925,"rots":[15,-5,25,-15,5,-25],"dils":[0.975,1.125,1.025,1.075,0.875,0.925]},{"id":"test","shape":"rustedHinge","outlier_type":1,"choice":5,"outlierPosition":5,"success":true,"majorityOfMostRegularShapes":true,"rt":4621,"rot1":15,"rot2":-5,"rot3":25,"rot4":-15,"rot5":-25,"rot6":5,"dil1":0.975,"dil2":1.075,"dil3":1.025,"dil4":0.875,"dil5":1.125,"dil6":0.925,"rots":[15,-5,25,-15,-25,5],"dils":[0.975,1.075,1.025,0.875,1.125,0.925]},{"id":"test","shape":"kite","outlier_type":2,"choice":1,"outlierPosition":1,"success":true,"majorityOfMostRegularShapes":false,"rt":2563.5,"rot1":15,"rot2":-25,"rot3":-15,"rot4":5,"rot5":-5,"rot6":25,"dil1":0.875,"dil2":0.925,"dil3":1.075,"dil4":1.025,"dil5":0.975,"dil6":1.125,"rots":[15,-25,-15,5,-5,25],"dils":[0.875,0.925,1.075,1.025,0.975,1.125]},{"id":"test","shape":"parallelogram","outlier_type":1,"choice":2,"outlierPosition":2,"success":true,"majorityOfMostRegularShapes":false,"rt":1998.1000000014901,"rot1":25,"rot2":-5,"rot3":-25,"rot4":15,"rot5":-15,"rot6":5,"dil1":1.075,"dil2":0.975,"dil3":1.025,"dil4":0.925,"dil5":0.875,"dil6":1.125,"rots":[25,-5,-25,15,-15,5],"dils":[1.075,0.975,1.025,0.925,0.875,1.125]},{"id":"test","shape":"kite","outlier_type":2,"choice":3,"outlierPosition":3,"success":true,"majorityOfMostRegularShapes":true,"rt":2295.2999999970198,"rot1":-15,"rot2":-25,"rot3":15,"rot4":-5,"rot5":5,"rot6":25,"dil1":1.125,"dil2":1.075,"dil3":0.925,"dil4":0.975,"dil5":1.025,"dil6":0.875,"rots":[-15,-25,15,-5,5,25],"dils":[1.125,1.075,0.925,0.975,1.025,0.875]},{"id":"test","shape":"square","outlier_type":0,"choice":5,"outlierPosition":5,"success":true,"majorityOfMostRegularShapes":false,"rt":1405.3999999985099,"rot1":-25,"rot2":5,"rot3":-5,"rot4":25,"rot5":15,"rot6":-15,"dil1":1.075,"dil2":0.875,"dil3":0.975,"dil4":1.125,"dil5":1.025,"dil6":0.925,"rots":[-25,5,-5,25,15,-15],"dils":[1.075,0.875,0.975,1.125,1.025,0.925]},{"id":"test","shape":"rustedHinge","outlier_type":3,"choice":1,"outlierPosition":1,"success":true,"majorityOfMostRegularShapes":true,"rt":3011.2000000029802,"rot1":-25,"rot2":-5,"rot3":5,"rot4":15,"rot5":-15,"rot6":25,"dil1":0.975,"dil2":1.125,"dil3":0.925,"dil4":0.875,"dil5":1.025,"dil6":1.075,"rots":[-25,-5,5,15,-15,25],"dils":[0.975,1.125,0.925,0.875,1.025,1.075]},{"id":"test","shape":"rectangle","outlier_type":2,"choice":1,"outlierPosition":1,"success":true,"majorityOfMostRegularShapes":true,"rt":1712.5,"rot1":-15,"rot2":5,"rot3":-25,"rot4":15,"rot5":-5,"rot6":25,"dil1":0.875,"dil2":0.925,"dil3":1.075,"dil4":1.025,"dil5":1.125,"dil6":0.975,"rots":[-15,5,-25,15,-5,25],"dils":[0.875,0.925,1.075,1.025,1.125,0.975]},{"id":"test","shape":"random","outlier_type":1,"choice":2,"outlierPosition":4,"success":false,"majorityOfMostRegularShapes":false,"rt":3138.3000000044703,"rot1":-15,"rot2":-25,"rot3":15,"rot4":-5,"rot5":25,"rot6":5,"dil1":0.975,"dil2":1.075,"dil3":0.875,"dil4":1.125,"dil5":0.925,"dil6":1.025,"rots":[-15,-25,15,-5,25,5],"dils":[0.975,1.075,0.875,1.125,0.925,1.025]},{"id":"test","shape":"losange","outlier_type":0,"choice":1,"outlierPosition":3,"success":false,"majorityOfMostRegularShapes":false,"rt":6325.79999999702,"rot1":-15,"rot2":-25,"rot3":15,"rot4":25,"rot5":-5,"rot6":5,"dil1":0.975,"dil2":1.025,"dil3":0.925,"dil4":1.075,"dil5":0.875,"dil6":1.125,"rots":[-15,-25,15,25,-5,5],"dils":[0.975,1.025,0.925,1.075,0.875,1.125]},{"id":"test","shape":"isoTrapezoid","outlier_type":3,"choice":1,"outlierPosition":1,"success":true,"majorityOfMostRegularShapes":true,"rt":3189.10000000149,"rot1":25,"rot2":-15,"rot3":-5,"rot4":15,"rot5":5,"rot6":-25,"dil1":1.025,"dil2":1.125,"dil3":0.925,"dil4":0.875,"dil5":0.975,"dil6":1.075,"rots":[25,-15,-5,15,5,-25],"dils":[1.025,1.125,0.925,0.875,0.975,1.075]},{"id":"test","shape":"rightKite","outlier_type":0,"choice":0,"outlierPosition":1,"success":false,"majorityOfMostRegularShapes":true,"rt":5414.39999999851,"rot1":-25,"rot2":25,"rot3":5,"rot4":-5,"rot5":-15,"rot6":15,"dil1":0.975,"dil2":1.025,"dil3":1.125,"dil4":0.875,"dil5":0.925,"dil6":1.075,"rots":[-25,25,5,-5,-15,15],"dils":[0.975,1.025,1.125,0.875,0.925,1.075]},{"id":"test","shape":"hinge","outlier_type":3,"choice":4,"outlierPosition":4,"success":true,"majorityOfMostRegularShapes":false,"rt":5710.70000000298,"rot1":15,"rot2":25,"rot3":-15,"rot4":5,"rot5":-25,"rot6":-5,"dil1":0.875,"dil2":0.975,"dil3":1.075,"dil4":1.025,"dil5":1.125,"dil6":0.925,"rots":[15,25,-15,5,-25,-5],"dils":[0.875,0.975,1.075,1.025,1.125,0.925]},{"id":"test","shape":"losange","outlier_type":1,"choice":0,"outlierPosition":0,"success":true,"majorityOfMostRegularShapes":true,"rt":2472.60000000149,"rot1":15,"rot2":-15,"rot3":5,"rot4":25,"rot5":-25,"rot6":-5,"dil1":0.975,"dil2":1.075,"dil3":0.925,"dil4":1.125,"dil5":0.875,"dil6":1.025,"rots":[15,-15,5,25,-25,-5],"dils":[0.975,1.075,0.925,1.125,0.875,1.025]},{"id":"test","shape":"square","outlier_type":0,"choice":4,"outlierPosition":4,"success":true,"majorityOfMostRegularShapes":true,"rt":1330.8000000044703,"rot1":5,"rot2":15,"rot3":-15,"rot4":25,"rot5":-25,"rot6":-5,"dil1":0.875,"dil2":1.125,"dil3":0.975,"dil4":1.025,"dil5":0.925,"dil6":1.075,"rots":[5,15,-15,25,-25,-5],"dils":[0.875,1.125,0.975,1.025,0.925,1.075]},{"id":"test","shape":"rustedHinge","outlier_type":2,"choice":0,"outlierPosition":0,"success":true,"majorityOfMostRegularShapes":false,"rt":5948.39999999851,"rot1":-15,"rot2":25,"rot3":-25,"rot4":5,"rot5":15,"rot6":-5,"dil1":1.075,"dil2":0.875,"dil3":0.975,"dil4":1.025,"dil5":0.925,"dil6":1.125,"rots":[-15,25,-25,5,15,-5],"dils":[1.075,0.875,0.975,1.025,0.925,1.125]},{"id":"test","shape":"losange","outlier_type":3,"choice":5,"outlierPosition":5,"success":true,"majorityOfMostRegularShapes":true,"rt":1318.2999999970198,"rot1":25,"rot2":15,"rot3":-5,"rot4":-25,"rot5":5,"rot6":-15,"dil1":0.975,"dil2":1.025,"dil3":1.125,"dil4":1.075,"dil5":0.875,"dil6":0.925,"rots":[25,15,-5,-25,5,-15],"dils":[0.975,1.025,1.125,1.075,0.875,0.925]},{"id":"test","shape":"rightKite","outlier_type":2,"choice":5,"outlierPosition":5,"success":true,"majorityOfMostRegularShapes":false,"rt":4211.79999999702,"rot1":15,"rot2":-25,"rot3":5,"rot4":-15,"rot5":-5,"rot6":25,"dil1":1.025,"dil2":0.925,"dil3":1.075,"dil4":1.125,"dil5":0.975,"dil6":0.875,"rots":[15,-25,5,-15,-5,25],"dils":[1.025,0.925,1.075,1.125,0.975,0.875]},{"id":"test","shape":"isoTrapezoid","outlier_type":1,"choice":0,"outlierPosition":0,"success":true,"majorityOfMostRegularShapes":true,"rt":2778.2999999970198,"rot1":-25,"rot2":-5,"rot3":15,"rot4":25,"rot5":-15,"rot6":5,"dil1":0.875,"dil2":1.125,"dil3":1.075,"dil4":0.975,"dil5":0.925,"dil6":1.025,"rots":[-25,-5,15,25,-15,5],"dils":[0.875,1.125,1.075,0.975,0.925,1.025]},{"id":"test","shape":"rightKite","outlier_type":1,"choice":2,"outlierPosition":3,"success":false,"majorityOfMostRegularShapes":false,"rt":2100,"rot1":25,"rot2":15,"rot3":-5,"rot4":5,"rot5":-15,"rot6":-25,"dil1":1.075,"dil2":1.025,"dil3":1.125,"dil4":0.875,"dil5":0.975,"dil6":0.925,"rots":[25,15,-5,5,-15,-25],"dils":[1.075,1.025,1.125,0.875,0.975,0.925]},{"id":"test","shape":"rustedHinge","outlier_type":2,"choice":0,"outlierPosition":0,"success":true,"majorityOfMostRegularShapes":true,"rt":4182.80000000447,"rot1":-15,"rot2":5,"rot3":15,"rot4":-5,"rot5":-25,"rot6":25,"dil1":0.875,"dil2":1.125,"dil3":1.025,"dil4":0.975,"dil5":1.075,"dil6":0.925,"rots":[-15,5,15,-5,-25,25],"dils":[0.875,1.125,1.025,0.975,1.075,0.925]},{"id":"test","shape":"square","outlier_type":1,"choice":4,"outlierPosition":4,"success":true,"majorityOfMostRegularShapes":true,"rt":1080.7000000029802,"rot1":15,"rot2":25,"rot3":-5,"rot4":-15,"rot5":-25,"rot6":5,"dil1":1.125,"dil2":1.075,"dil3":0.925,"dil4":1.025,"dil5":0.975,"dil6":0.875,"rots":[15,25,-5,-15,-25,5],"dils":[1.125,1.075,0.925,1.025,0.975,0.875]},{"id":"test","shape":"rectangle","outlier_type":0,"choice":1,"outlierPosition":1,"success":true,"majorityOfMostRegularShapes":true,"rt":1760.7999999970198,"rot1":5,"rot2":-25,"rot3":25,"rot4":-5,"rot5":15,"rot6":-15,"dil1":0.925,"dil2":0.975,"dil3":0.875,"dil4":1.075,"dil5":1.025,"dil6":1.125,"rots":[5,-25,25,-5,15,-15],"dils":[0.925,0.975,0.875,1.075,1.025,1.125]}],"desiredDistance":0.3,"trial_type":"oddball-grid","trial_index":5,"time_elapsed":925013,"internal_node_id":"0.0-5.0","score":0.7840909090909091,"early_termination":false}]