[{"rt":4257,"url":"external-consent.html","trial_type":"external-html","trial_index":0,"time_elapsed":4261,"internal_node_id":"0.0-0.0","score":0.7272727272727273,"early_termination":false},{"rt":2271.300000011921,"responses":"{\"Q0\":\"NA\",\"Q1\":\"NA\",\"Q2\":\"NA\"}","trial_type":"survey-text","trial_index":1,"time_elapsed":6534,"internal_node_id":"0.0-1.0","score":0.7272727272727273,"early_termination":false},{"success":true,"trial_type":"fullscreen","trial_index":2,"time_elapsed":10295,"internal_node_id":"0.0-2.0","score":0.7272727272727273,"early_termination":false},{"results":[{"id":"train-images","loop_number":1,"shape":"test2","outlier_type":"NA","choice":3,"outlierPosition":3,"success":true,"majorityOfMostRegularShapes":false,"rt":3804.800000011921,"rot1":-25,"rot2":25,"rot3":-15,"rot4":-5,"rot5":5,"rot6":15,"dil1":1.125,"dil2":1.025,"dil3":0.925,"dil4":0.975,"dil5":1.075,"dil6":0.875,"rots":[-25,25,-15,-5,5,15],"dils":[1.125,1.025,0.925,0.975,1.075,0.875],"possible_pos":[0,1,2,3,4,5]},{"id":"train-images","loop_number":1,"shape":"test7","outlier_type":"NA","choice":5,"outlierPosition":5,"success":true,"majorityOfMostRegularShapes":false,"rt":1294.9000000059605,"rot1":5,"rot2":-15,"rot3":-25,"rot4":15,"rot5":25,"rot6":-5,"dil1":0.875,"dil2":0.975,"dil3":1.025,"dil4":1.075,"dil5":1.125,"dil6":0.925,"rots":[5,-15,-25,15,25,-5],"dils":[0.875,0.975,1.025,1.075,1.125,0.925],"possible_pos":[0,1,2,3,4,5]},{"id":"train-images","loop_number":1,"shape":"test1","outlier_type":"NA","choice":1,"outlierPosition":1,"success":true,"majorityOfMostRegularShapes":false,"rt":1001,"rot1":-15,"rot2":-5,"rot3":-25,"rot4":25,"rot5":5,"rot6":15,"dil1":0.875,"dil2":0.925,"dil3":0.975,"dil4":1.075,"dil5":1.125,"dil6":1.025,"rots":[-15,-5,-25,25,5,15],"dils":[0.875,0.925,0.975,1.075,1.125,1.025],"possible_pos":[0,1,2,3,4,5]},{"id":"train-images","loop_number":1,"shape":"test8","outlier_type":"NA","choice":0,"outlierPosition":0,"success":true,"majorityOfMostRegularShapes":true,"rt":1094,"rot1":-15,"rot2":-5,"rot3":-25,"rot4":15,"rot5":25,"rot6":5,"dil1":0.975,"dil2":1.025,"dil3":0.875,"dil4":1.075,"dil5":1.125,"dil6":0.925,"rots":[-15,-5,-25,15,25,5],"dils":[0.975,1.025,0.875,1.075,1.125,0.925],"possible_pos":[0,1,2,3,4,5]},{"id":"train-images","loop_number":1,"shape":"test6","outlier_type":"NA","choice":4,"outlierPosition":4,"success":true,"majorityOfMostRegularShapes":true,"rt":1511.5,"rot1":-15,"rot2":5,"rot3":15,"rot4":-25,"rot5":-5,"rot6":25,"dil1":0.975,"dil2":1.125,"dil3":1.075,"dil4":0.925,"dil5":0.875,"dil6":1.025,"rots":[-15,5,15,-25,-5,25],"dils":[0.975,1.125,1.075,0.925,0.875,1.025],"possible_pos":[0,1,2,3,4,5]},{"id":"train-images","loop_number":1,"shape":"test2","outlier_type":"NA","choice":4,"outlierPosition":4,"success":true,"majorityOfMostRegularShapes":true,"rt":778.5,"rot1":-15,"rot2":-5,"rot3":5,"rot4":-25,"rot5":25,"rot6":15,"dil1":1.125,"dil2":1.075,"dil3":1.025,"dil4":0.875,"dil5":0.975,"dil6":0.925,"rots":[-15,-5,5,-25,25,15],"dils":[1.125,1.075,1.025,0.875,0.975,0.925],"possible_pos":[0,1,2,3,4,5]},{"id":"train-images","loop_number":1,"shape":"test10","outlier_type":"NA","choice":1,"outlierPosition":1,"success":true,"majorityOfMostRegularShapes":false,"rt":1046.7000000178814,"rot1":-15,"rot2":25,"rot3":-5,"rot4":-25,"rot5":5,"rot6":15,"dil1":1.075,"dil2":1.125,"dil3":0.925,"dil4":0.875,"dil5":0.975,"dil6":1.025,"rots":[-15,25,-5,-25,5,15],"dils":[1.075,1.125,0.925,0.875,0.975,1.025],"possible_pos":[0,1,2,3,4,5]},{"id":"train-images","loop_number":1,"shape":"test5","outlier_type":"NA","choice":0,"outlierPosition":0,"success":true,"majorityOfMostRegularShapes":false,"rt":1447.9000000059605,"rot1":-15,"rot2":5,"rot3":-5,"rot4":15,"rot5":25,"rot6":-25,"dil1":0.925,"dil2":1.025,"dil3":0.875,"dil4":1.075,"dil5":1.125,"dil6":0.975,"rots":[-15,5,-5,15,25,-25],"dils":[0.925,1.025,0.875,1.075,1.125,0.975],"possible_pos":[0,1,2,3,4,5]},{"id":"train-images","loop_number":1,"shape":"test8","outlier_type":"NA","choice":3,"outlierPosition":3,"success":true,"majorityOfMostRegularShapes":false,"rt":968.2999999821186,"rot1":15,"rot2":5,"rot3":-15,"rot4":25,"rot5":-25,"rot6":-5,"dil1":0.925,"dil2":1.075,"dil3":1.125,"dil4":0.975,"dil5":0.875,"dil6":1.025,"rots":[15,5,-15,25,-25,-5],"dils":[0.925,1.075,1.125,0.975,0.875,1.025],"possible_pos":[0,1,2,3,4,5]},{"id":"train-images","loop_number":1,"shape":"test9","outlier_type":"NA","choice":5,"outlierPosition":2,"success":false,"majorityOfMostRegularShapes":true,"rt":1262.800000011921,"rot1":-25,"rot2":-5,"rot3":15,"rot4":25,"rot5":5,"rot6":-15,"dil1":1.075,"dil2":1.125,"dil3":1.025,"dil4":0.925,"dil5":0.875,"dil6":0.975,"rots":[-25,-5,15,25,5,-15],"dils":[1.075,1.125,1.025,0.925,0.875,0.975],"possible_pos":[0,1,2,3,4,5]},{"id":"train-images","loop_number":1,"shape":"test6","outlier_type":"NA","choice":4,"outlierPosition":1,"success":false,"majorityOfMostRegularShapes":false,"rt":1517.6000000238419,"rot1":5,"rot2":-5,"rot3":15,"rot4":-15,"rot5":25,"rot6":-25,"dil1":1.025,"dil2":0.975,"dil3":0.925,"dil4":1.075,"dil5":0.875,"dil6":1.125,"rots":[5,-5,15,-15,25,-25],"dils":[1.025,0.975,0.925,1.075,0.875,1.125],"possible_pos":[0,1,2,3,4,5]},{"id":"train-images","loop_number":1,"shape":"test1","outlier_type":"NA","choice":2,"outlierPosition":2,"success":true,"majorityOfMostRegularShapes":true,"rt":911.4000000059605,"rot1":-5,"rot2":25,"rot3":5,"rot4":-25,"rot5":15,"rot6":-15,"dil1":1.025,"dil2":0.975,"dil3":1.075,"dil4":0.875,"dil5":1.125,"dil6":0.925,"rots":[-5,25,5,-25,15,-15],"dils":[1.025,0.975,1.075,0.875,1.125,0.925],"possible_pos":[0,1,2,3,4,5]},{"id":"train-images","loop_number":1,"shape":"test7","outlier_type":"NA","choice":0,"outlierPosition":0,"success":true,"majorityOfMostRegularShapes":true,"rt":1056.0999999940395,"rot1":-25,"rot2":-15,"rot3":5,"rot4":-5,"rot5":15,"rot6":25,"dil1":0.975,"dil2":0.925,"dil3":0.875,"dil4":1.075,"dil5":1.025,"dil6":1.125,"rots":[-25,-15,5,-5,15,25],"dils":[0.975,0.925,0.875,1.075,1.025,1.125],"possible_pos":[0,1,2,3,4,5]},{"id":"train-images","loop_number":1,"shape":"test3","outlier_type":"NA","choice":1,"outlierPosition":1,"success":true,"majorityOfMostRegularShapes":true,"rt":1717.7000000178814,"rot1":-5,"rot2":5,"rot3":15,"rot4":-15,"rot5":-25,"rot6":25,"dil1":1.025,"dil2":0.975,"dil3":0.925,"dil4":1.125,"dil5":0.875,"dil6":1.075,"rots":[-5,5,15,-15,-25,25],"dils":[1.025,0.975,0.925,1.125,0.875,1.075],"possible_pos":[0,1,2,3,4,5]},{"id":"train-images","loop_number":1,"shape":"test4","outlier_type":"NA","choice":0,"outlierPosition":0,"success":true,"majorityOfMostRegularShapes":true,"rt":3528.7000000178814,"rot1":5,"rot2":-5,"rot3":25,"rot4":15,"rot5":-15,"rot6":-25,"dil1":1.075,"dil2":0.925,"dil3":0.975,"dil4":0.875,"dil5":1.125,"dil6":1.025,"rots":[5,-5,25,15,-15,-25],"dils":[1.075,0.925,0.975,0.875,1.125,1.025],"possible_pos":[0,1,2,3,4,5]},{"id":"train-images","loop_number":1,"shape":"test10","outlier_type":"NA","choice":3,"outlierPosition":3,"success":true,"majorityOfMostRegularShapes":true,"rt":1350.7999999821186,"rot1":15,"rot2":25,"rot3":-15,"rot4":5,"rot5":-25,"rot6":-5,"dil1":0.925,"dil2":1.025,"dil3":0.875,"dil4":1.125,"dil5":0.975,"dil6":1.075,"rots":[15,25,-15,5,-25,-5],"dils":[0.925,1.025,0.875,1.125,0.975,1.075],"possible_pos":[0,1,2,3,4,5]},{"id":"train-images","loop_number":1,"shape":"test9","outlier_type":"NA","choice":3,"outlierPosition":3,"success":true,"majorityOfMostRegularShapes":false,"rt":1004.0999999940395,"rot1":25,"rot2":-5,"rot3":15,"rot4":-25,"rot5":-15,"rot6":5,"dil1":1.075,"dil2":0.925,"dil3":0.975,"dil4":0.875,"dil5":1.025,"dil6":1.125,"rots":[25,-5,15,-25,-15,5],"dils":[1.075,0.925,0.975,0.875,1.025,1.125],"possible_pos":[0,1,2,3,4,5]},{"id":"train-images","loop_number":1,"shape":"test5","outlier_type":"NA","choice":0,"outlierPosition":0,"success":true,"majorityOfMostRegularShapes":true,"rt":1073.0999999940395,"rot1":-25,"rot2":-5,"rot3":25,"rot4":15,"rot5":5,"rot6":-15,"dil1":1.025,"dil2":0.875,"dil3":1.075,"dil4":0.975,"dil5":1.125,"dil6":0.925,"rots":[-25,-5,25,15,5,-15],"dils":[1.025,0.875,1.075,0.975,1.125,0.925],"possible_pos":[0,1,2,3,4,5]},{"id":"train-images","loop_number":1,"shape":"test3","outlier_type":"NA","choice":1,"outlierPosition":1,"success":true,"majorityOfMostRegularShapes":false,"rt":1287.5999999940395,"rot1":25,"rot2":15,"rot3":-15,"rot4":-5,"rot5":5,"rot6":-25,"dil1":0.925,"dil2":1.075,"dil3":0.975,"dil4":0.875,"dil5":1.025,"dil6":1.125,"rots":[25,15,-15,-5,5,-25],"dils":[0.925,1.075,0.975,0.875,1.025,1.125],"possible_pos":[0,1,2,3,4,5]},{"id":"train-images","loop_number":1,"shape":"test4","outlier_type":"NA","choice":5,"outlierPosition":5,"success":true,"majorityOfMostRegularShapes":false,"rt":1861.7999999821186,"rot1":-15,"rot2":-25,"rot3":-5,"rot4":5,"rot5":15,"rot6":25,"dil1":0.975,"dil2":1.075,"dil3":0.875,"dil4":1.025,"dil5":1.125,"dil6":0.925,"rots":[-15,-25,-5,5,15,25],"dils":[0.975,1.075,0.875,1.025,1.125,0.925],"possible_pos":[0,1,2,3,4,5]}],"trial_type":"oddball-grid-image","trial_index":3,"time_elapsed":338276,"internal_node_id":"0.0-3.0","score":0.7272727272727273,"early_termination":false},{"results":[{"id":"gen2","loop_number":1,"shape":0,"outlier_type":"NA","choice":3,"outlierPosition":3,"success":true,"majorityOfMostRegularShapes":false,"rt":3017.899999976158,"rot1":-15,"rot2":25,"rot3":-25,"rot4":-5,"rot5":15,"rot6":5,"dil1":1.025,"dil2":0.925,"dil3":1.075,"dil4":1.125,"dil5":0.875,"dil6":0.975,"rots":[-15,25,-25,-5,15,5],"dils":[1.025,0.925,1.075,1.125,0.875,0.975]},{"id":"gen2","loop_number":1,"shape":1,"outlier_type":"NA","choice":3,"outlierPosition":3,"success":true,"majorityOfMostRegularShapes":false,"rt":1481,"rot1":25,"rot2":-5,"rot3":-15,"rot4":5,"rot5":15,"rot6":-25,"dil1":0.925,"dil2":1.075,"dil3":1.125,"dil4":0.975,"dil5":1.025,"dil6":0.875,"rots":[25,-5,-15,5,15,-25],"dils":[0.925,1.075,1.125,0.975,1.025,0.875]},{"id":"gen2","loop_number":1,"shape":2,"outlier_type":"NA","choice":2,"outlierPosition":2,"success":true,"majorityOfMostRegularShapes":true,"rt":1018.6999999880791,"rot1":15,"rot2":-5,"rot3":-25,"rot4":-15,"rot5":5,"rot6":25,"dil1":0.875,"dil2":1.125,"dil3":1.075,"dil4":0.925,"dil5":0.975,"dil6":1.025,"rots":[15,-5,-25,-15,5,25],"dils":[0.875,1.125,1.075,0.925,0.975,1.025]},{"id":"gen2","loop_number":1,"shape":1,"outlier_type":"NA","choice":4,"outlierPosition":4,"success":true,"majorityOfMostRegularShapes":true,"rt":986.8000000119209,"rot1":-25,"rot2":-5,"rot3":-15,"rot4":5,"rot5":25,"rot6":15,"dil1":0.925,"dil2":1.075,"dil3":0.875,"dil4":1.025,"dil5":1.125,"dil6":0.975,"rots":[-25,-5,-15,5,25,15],"dils":[0.925,1.075,0.875,1.025,1.125,0.975]},{"id":"gen2","loop_number":1,"shape":2,"outlier_type":"NA","choice":5,"outlierPosition":5,"success":true,"majorityOfMostRegularShapes":true,"rt":1127.4000000059605,"rot1":25,"rot2":-25,"rot3":-5,"rot4":-15,"rot5":15,"rot6":5,"dil1":0.875,"dil2":1.025,"dil3":0.925,"dil4":1.125,"dil5":0.975,"dil6":1.075,"rots":[25,-25,-5,-15,15,5],"dils":[0.875,1.025,0.925,1.125,0.975,1.075]},{"id":"gen2","loop_number":1,"shape":0,"outlier_type":"NA","choice":3,"outlierPosition":3,"success":true,"majorityOfMostRegularShapes":true,"rt":1724.5999999940395,"rot1":-25,"rot2":-15,"rot3":15,"rot4":-5,"rot5":25,"rot6":5,"dil1":1.075,"dil2":1.025,"dil3":1.125,"dil4":0.975,"dil5":0.925,"dil6":0.875,"rots":[-25,-15,15,-5,25,5],"dils":[1.075,1.025,1.125,0.975,0.925,0.875]},{"id":"gen2","loop_number":1,"shape":2,"outlier_type":"NA","choice":1,"outlierPosition":1,"success":true,"majorityOfMostRegularShapes":true,"rt":1508.800000011921,"rot1":15,"rot2":25,"rot3":5,"rot4":-5,"rot5":-15,"rot6":-25,"dil1":0.975,"dil2":0.925,"dil3":1.125,"dil4":0.875,"dil5":1.075,"dil6":1.025,"rots":[15,25,5,-5,-15,-25],"dils":[0.975,0.925,1.125,0.875,1.075,1.025]},{"id":"gen2","loop_number":1,"shape":1,"outlier_type":"NA","choice":3,"outlierPosition":3,"success":true,"majorityOfMostRegularShapes":true,"rt":1084.3999999761581,"rot1":15,"rot2":-15,"rot3":-25,"rot4":-5,"rot5":25,"rot6":5,"dil1":0.925,"dil2":1.075,"dil3":1.125,"dil4":0.875,"dil5":1.025,"dil6":0.975,"rots":[15,-15,-25,-5,25,5],"dils":[0.925,1.075,1.125,0.875,1.025,0.975]},{"id":"gen2","loop_number":1,"shape":0,"outlier_type":"NA","choice":2,"outlierPosition":2,"success":true,"majorityOfMostRegularShapes":true,"rt":1581.9000000059605,"rot1":-15,"rot2":15,"rot3":5,"rot4":-25,"rot5":25,"rot6":-5,"dil1":0.875,"dil2":0.975,"dil3":0.925,"dil4":1.125,"dil5":1.025,"dil6":1.075,"rots":[-15,15,5,-25,25,-5],"dils":[0.875,0.975,0.925,1.125,1.025,1.075]},{"id":"gen2","loop_number":1,"shape":1,"outlier_type":"NA","choice":5,"outlierPosition":5,"success":true,"majorityOfMostRegularShapes":false,"rt":1058.3999999761581,"rot1":-15,"rot2":5,"rot3":-5,"rot4":-25,"rot5":15,"rot6":25,"dil1":0.925,"dil2":0.975,"dil3":1.075,"dil4":1.025,"dil5":0.875,"dil6":1.125,"rots":[-15,5,-5,-25,15,25],"dils":[0.925,0.975,1.075,1.025,0.875,1.125]},{"id":"gen2","loop_number":1,"shape":0,"outlier_type":"NA","choice":4,"outlierPosition":4,"success":true,"majorityOfMostRegularShapes":false,"rt":954.5999999940395,"rot1":-5,"rot2":15,"rot3":5,"rot4":-25,"rot5":25,"rot6":-15,"dil1":1.125,"dil2":1.075,"dil3":0.975,"dil4":0.925,"dil5":0.875,"dil6":1.025,"rots":[-5,15,5,-25,25,-15],"dils":[1.125,1.075,0.975,0.925,0.875,1.025]},{"id":"gen2","loop_number":1,"shape":2,"outlier_type":"NA","choice":0,"outlierPosition":0,"success":true,"majorityOfMostRegularShapes":false,"rt":1081.0999999940395,"rot1":5,"rot2":25,"rot3":-25,"rot4":-15,"rot5":-5,"rot6":15,"dil1":0.875,"dil2":0.975,"dil3":1.025,"dil4":1.125,"dil5":1.075,"dil6":0.925,"rots":[5,25,-25,-15,-5,15],"dils":[0.875,0.975,1.025,1.125,1.075,0.925]},{"id":"gen2","loop_number":1,"shape":1,"outlier_type":"NA","choice":0,"outlierPosition":0,"success":true,"majorityOfMostRegularShapes":true,"rt":1223.4000000059605,"rot1":-25,"rot2":-15,"rot3":25,"rot4":15,"rot5":-5,"rot6":5,"dil1":1.125,"dil2":1.075,"dil3":0.975,"dil4":0.925,"dil5":1.025,"dil6":0.875,"rots":[-25,-15,25,15,-5,5],"dils":[1.125,1.075,0.975,0.925,1.025,0.875]},{"id":"gen2","loop_number":1,"shape":0,"outlier_type":"NA","choice":4,"outlierPosition":4,"success":true,"majorityOfMostRegularShapes":true,"rt":1070.7000000178814,"rot1":25,"rot2":-15,"rot3":5,"rot4":-5,"rot5":15,"rot6":-25,"dil1":1.075,"dil2":1.025,"dil3":0.875,"dil4":1.125,"dil5":0.925,"dil6":0.975,"rots":[25,-15,5,-5,15,-25],"dils":[1.075,1.025,0.875,1.125,0.925,0.975]},{"id":"gen2","loop_number":1,"shape":2,"outlier_type":"NA","choice":2,"outlierPosition":2,"success":true,"majorityOfMostRegularShapes":false,"rt":1036.8999999761581,"rot1":25,"rot2":15,"rot3":-25,"rot4":-5,"rot5":-15,"rot6":5,"dil1":0.875,"dil2":1.125,"dil3":0.975,"dil4":1.075,"dil5":1.025,"dil6":0.925,"rots":[25,15,-25,-5,-15,5],"dils":[0.875,1.125,0.975,1.075,1.025,0.925]},{"id":"gen2","loop_number":1,"shape":1,"outlier_type":"NA","choice":2,"outlierPosition":2,"success":true,"majorityOfMostRegularShapes":false,"rt":785.4000000059605,"rot1":-15,"rot2":25,"rot3":-5,"rot4":15,"rot5":5,"rot6":-25,"dil1":0.925,"dil2":0.975,"dil3":1.125,"dil4":1.025,"dil5":0.875,"dil6":1.075,"rots":[-15,25,-5,15,5,-25],"dils":[0.925,0.975,1.125,1.025,0.875,1.075]},{"id":"gen2","loop_number":1,"shape":0,"outlier_type":"NA","choice":4,"outlierPosition":4,"success":true,"majorityOfMostRegularShapes":false,"rt":1474.800000011921,"rot1":25,"rot2":15,"rot3":-5,"rot4":-15,"rot5":5,"rot6":-25,"dil1":1.075,"dil2":0.925,"dil3":1.125,"dil4":1.025,"dil5":0.975,"dil6":0.875,"rots":[25,15,-5,-15,5,-25],"dils":[1.075,0.925,1.125,1.025,0.975,0.875]},{"id":"gen2","loop_number":1,"shape":2,"outlier_type":"NA","choice":4,"outlierPosition":4,"success":true,"majorityOfMostRegularShapes":false,"rt":668.1999999880791,"rot1":-25,"rot2":15,"rot3":-5,"rot4":25,"rot5":-15,"rot6":5,"dil1":0.975,"dil2":1.125,"dil3":0.925,"dil4":1.025,"dil5":0.875,"dil6":1.075,"rots":[-25,15,-5,25,-15,5],"dils":[0.975,1.125,0.925,1.025,0.875,1.075]}],"trial_type":"oddball-grid-easy","trial_index":4,"time_elapsed":388364,"internal_node_id":"0.0-4.0","score":0.7272727272727273,"early_termination":false},{"results":[{"id":"test","shape":"rightKite","outlier_type":0,"choice":2,"outlierPosition":5,"success":false,"majorityOfMostRegularShapes":false,"rt":10177.299999982119,"rot1":-5,"rot2":25,"rot3":-25,"rot4":5,"rot5":15,"rot6":-15,"dil1":1.125,"dil2":0.975,"dil3":0.875,"dil4":1.075,"dil5":0.925,"dil6":1.025,"rots":[-5,25,-25,5,15,-15],"dils":[1.125,0.975,0.875,1.075,0.925,1.025]},{"id":"test","shape":"isoTrapezoid","outlier_type":2,"choice":2,"outlierPosition":2,"success":true,"majorityOfMostRegularShapes":false,"rt":4119.5,"rot1":-25,"rot2":15,"rot3":-15,"rot4":-5,"rot5":25,"rot6":5,"dil1":1.075,"dil2":0.925,"dil3":1.025,"dil4":0.975,"dil5":0.875,"dil6":1.125,"rots":[-25,15,-15,-5,25,5],"dils":[1.075,0.925,1.025,0.975,0.875,1.125]},{"id":"test","shape":"kite","outlier_type":0,"choice":2,"outlierPosition":2,"success":true,"majorityOfMostRegularShapes":false,"rt":3819.5,"rot1":15,"rot2":-25,"rot3":5,"rot4":-5,"rot5":-15,"rot6":25,"dil1":0.925,"dil2":1.075,"dil3":0.875,"dil4":1.125,"dil5":1.025,"dil6":0.975,"rots":[15,-25,5,-5,-15,25],"dils":[0.925,1.075,0.875,1.125,1.025,0.975]},{"id":"test","shape":"hinge","outlier_type":1,"choice":0,"outlierPosition":2,"success":false,"majorityOfMostRegularShapes":false,"rt":5512.100000023842,"rot1":25,"rot2":5,"rot3":-5,"rot4":-15,"rot5":15,"rot6":-25,"dil1":0.875,"dil2":1.125,"dil3":0.975,"dil4":0.925,"dil5":1.025,"dil6":1.075,"rots":[25,5,-5,-15,15,-25],"dils":[0.875,1.125,0.975,0.925,1.025,1.075]},{"id":"test","shape":"hinge","outlier_type":0,"choice":3,"outlierPosition":2,"success":false,"majorityOfMostRegularShapes":false,"rt":4992.300000011921,"rot1":25,"rot2":-15,"rot3":15,"rot4":-25,"rot5":5,"rot6":-5,"dil1":1.075,"dil2":0.975,"dil3":1.025,"dil4":0.925,"dil5":0.875,"dil6":1.125,"rots":[25,-15,15,-25,5,-5],"dils":[1.075,0.975,1.025,0.925,0.875,1.125]},{"id":"test","shape":"square","outlier_type":2,"choice":3,"outlierPosition":3,"success":true,"majorityOfMostRegularShapes":false,"rt":3862.9000000059605,"rot1":-5,"rot2":15,"rot3":-25,"rot4":5,"rot5":-15,"rot6":25,"dil1":0.875,"dil2":0.975,"dil3":0.925,"dil4":1.025,"dil5":1.125,"dil6":1.075,"rots":[-5,15,-25,5,-15,25],"dils":[0.875,0.975,0.925,1.025,1.125,1.075]},{"id":"test","shape":"losange","outlier_type":1,"choice":5,"outlierPosition":5,"success":true,"majorityOfMostRegularShapes":true,"rt":4874.799999982119,"rot1":-25,"rot2":15,"rot3":-15,"rot4":5,"rot5":-5,"rot6":25,"dil1":1.025,"dil2":0.925,"dil3":1.125,"dil4":0.975,"dil5":0.875,"dil6":1.075,"rots":[-25,15,-15,5,-5,25],"dils":[1.025,0.925,1.125,0.975,0.875,1.075]},{"id":"test","shape":"rectangle","outlier_type":2,"choice":5,"outlierPosition":5,"success":true,"majorityOfMostRegularShapes":false,"rt":1845.1000000238419,"rot1":-5,"rot2":-25,"rot3":5,"rot4":-15,"rot5":25,"rot6":15,"dil1":1.025,"dil2":0.925,"dil3":0.875,"dil4":0.975,"dil5":1.075,"dil6":1.125,"rots":[-5,-25,5,-15,25,15],"dils":[1.025,0.925,0.875,0.975,1.075,1.125]},{"id":"test","shape":"random","outlier_type":3,"choice":5,"outlierPosition":3,"success":false,"majorityOfMostRegularShapes":true,"rt":6589.199999988079,"rot1":-15,"rot2":-5,"rot3":5,"rot4":-25,"rot5":15,"rot6":25,"dil1":1.025,"dil2":1.125,"dil3":0.875,"dil4":1.075,"dil5":0.975,"dil6":0.925,"rots":[-15,-5,5,-25,15,25],"dils":[1.025,1.125,0.875,1.075,0.975,0.925]},{"id":"test","shape":"losange","outlier_type":1,"choice":1,"outlierPosition":3,"success":false,"majorityOfMostRegularShapes":false,"rt":9798.700000017881,"rot1":25,"rot2":-25,"rot3":-5,"rot4":15,"rot5":-15,"rot6":5,"dil1":1.075,"dil2":0.975,"dil3":0.925,"dil4":0.875,"dil5":1.025,"dil6":1.125,"rots":[25,-25,-5,15,-15,5],"dils":[1.075,0.975,0.925,0.875,1.025,1.125]},{"id":"test","shape":"square","outlier_type":0,"choice":0,"outlierPosition":0,"success":true,"majorityOfMostRegularShapes":false,"rt":2638.4000000059605,"rot1":-25,"rot2":5,"rot3":-15,"rot4":25,"rot5":15,"rot6":-5,"dil1":0.975,"dil2":0.875,"dil3":1.075,"dil4":1.125,"dil5":0.925,"dil6":1.025,"rots":[-25,5,-15,25,15,-5],"dils":[0.975,0.875,1.075,1.125,0.925,1.025]},{"id":"test","shape":"trapezoid","outlier_type":3,"choice":1,"outlierPosition":2,"success":false,"majorityOfMostRegularShapes":true,"rt":6566,"rot1":5,"rot2":-15,"rot3":-5,"rot4":25,"rot5":15,"rot6":-25,"dil1":0.925,"dil2":1.075,"dil3":0.875,"dil4":1.025,"dil5":0.975,"dil6":1.125,"rots":[5,-15,-5,25,15,-25],"dils":[0.925,1.075,0.875,1.025,0.975,1.125]},{"id":"test","shape":"rectangle","outlier_type":2,"choice":3,"outlierPosition":3,"success":true,"majorityOfMostRegularShapes":true,"rt":1375,"rot1":-25,"rot2":5,"rot3":-5,"rot4":25,"rot5":15,"rot6":-15,"dil1":1.125,"dil2":0.975,"dil3":1.075,"dil4":0.875,"dil5":1.025,"dil6":0.925,"rots":[-25,5,-5,25,15,-15],"dils":[1.125,0.975,1.075,0.875,1.025,0.925]},{"id":"test","shape":"random","outlier_type":1,"choice":0,"outlierPosition":0,"success":true,"majorityOfMostRegularShapes":true,"rt":4056,"rot1":-25,"rot2":5,"rot3":-5,"rot4":-15,"rot5":25,"rot6":15,"dil1":0.875,"dil2":1.125,"dil3":1.025,"dil4":0.925,"dil5":0.975,"dil6":1.075,"rots":[-25,5,-5,-15,25,15],"dils":[0.875,1.125,1.025,0.925,0.975,1.075]},{"id":"test","shape":"hinge","outlier_type":3,"choice":1,"outlierPosition":1,"success":true,"majorityOfMostRegularShapes":false,"rt":2852.600000023842,"rot1":-15,"rot2":-5,"rot3":5,"rot4":-25,"rot5":25,"rot6":15,"dil1":1.025,"dil2":0.975,"dil3":1.125,"dil4":0.875,"dil5":1.075,"dil6":0.925,"rots":[-15,-5,5,-25,25,15],"dils":[1.025,0.975,1.125,0.875,1.075,0.925]},{"id":"test","shape":"rectangle","outlier_type":1,"choice":0,"outlierPosition":0,"success":true,"majorityOfMostRegularShapes":false,"rt":1217.2000000178814,"rot1":-5,"rot2":-25,"rot3":5,"rot4":25,"rot5":15,"rot6":-15,"dil1":0.975,"dil2":1.125,"dil3":0.925,"dil4":0.875,"dil5":1.075,"dil6":1.025,"rots":[-5,-25,5,25,15,-15],"dils":[0.975,1.125,0.925,0.875,1.075,1.025]},{"id":"test","shape":"kite","outlier_type":3,"choice":5,"outlierPosition":5,"success":true,"majorityOfMostRegularShapes":true,"rt":4144.5,"rot1":-25,"rot2":-15,"rot3":25,"rot4":15,"rot5":-5,"rot6":5,"dil1":0.875,"dil2":1.075,"dil3":1.025,"dil4":0.925,"dil5":0.975,"dil6":1.125,"rots":[-25,-15,25,15,-5,5],"dils":[0.875,1.075,1.025,0.925,0.975,1.125]},{"id":"test","shape":"rustedHinge","outlier_type":2,"choice":0,"outlierPosition":5,"success":false,"majorityOfMostRegularShapes":true,"rt":3078.7000000178814,"rot1":15,"rot2":-25,"rot3":25,"rot4":5,"rot5":-15,"rot6":-5,"dil1":0.875,"dil2":1.125,"dil3":0.925,"dil4":0.975,"dil5":1.025,"dil6":1.075,"rots":[15,-25,25,5,-15,-5],"dils":[0.875,1.125,0.925,0.975,1.025,1.075]},{"id":"test","shape":"trapezoid","outlier_type":1,"choice":4,"outlierPosition":0,"success":false,"majorityOfMostRegularShapes":false,"rt":1922.5,"rot1":-15,"rot2":5,"rot3":25,"rot4":-25,"rot5":-5,"rot6":15,"dil1":1.025,"dil2":0.925,"dil3":0.975,"dil4":1.125,"dil5":0.875,"dil6":1.075,"rots":[-15,5,25,-25,-5,15],"dils":[1.025,0.925,0.975,1.125,0.875,1.075]},{"id":"test","shape":"rustedHinge","outlier_type":3,"choice":4,"outlierPosition":2,"success":false,"majorityOfMostRegularShapes":true,"rt":3338,"rot1":-15,"rot2":5,"rot3":25,"rot4":-25,"rot5":-5,"rot6":15,"dil1":1.025,"dil2":1.125,"dil3":0.975,"dil4":1.075,"dil5":0.875,"dil6":0.925,"rots":[-15,5,25,-25,-5,15],"dils":[1.025,1.125,0.975,1.075,0.875,0.925]},{"id":"test","shape":"rightKite","outlier_type":0,"choice":2,"outlierPosition":2,"success":true,"majorityOfMostRegularShapes":true,"rt":7151.699999988079,"rot1":5,"rot2":-25,"rot3":-15,"rot4":15,"rot5":-5,"rot6":25,"dil1":0.875,"dil2":1.025,"dil3":0.925,"dil4":1.075,"dil5":0.975,"dil6":1.125,"rots":[5,-25,-15,15,-5,25],"dils":[0.875,1.025,0.925,1.075,0.975,1.125]},{"id":"test","shape":"losange","outlier_type":3,"choice":4,"outlierPosition":0,"success":false,"majorityOfMostRegularShapes":false,"rt":6491.699999988079,"rot1":15,"rot2":5,"rot3":25,"rot4":-5,"rot5":-25,"rot6":-15,"dil1":0.875,"dil2":0.975,"dil3":1.125,"dil4":1.025,"dil5":1.075,"dil6":0.925,"rots":[15,5,25,-5,-25,-15],"dils":[0.875,0.975,1.125,1.025,1.075,0.925]},{"id":"test","shape":"parallelogram","outlier_type":1,"choice":2,"outlierPosition":2,"success":true,"majorityOfMostRegularShapes":false,"rt":2206.5,"rot1":15,"rot2":-25,"rot3":25,"rot4":5,"rot5":-5,"rot6":-15,"dil1":0.875,"dil2":1.075,"dil3":0.925,"dil4":0.975,"dil5":1.125,"dil6":1.025,"rots":[15,-25,25,5,-5,-15],"dils":[0.875,1.075,0.925,0.975,1.125,1.025]},{"id":"test","shape":"rustedHinge","outlier_type":0,"choice":0,"outlierPosition":1,"success":false,"majorityOfMostRegularShapes":false,"rt":5345.199999988079,"rot1":-25,"rot2":-15,"rot3":-5,"rot4":15,"rot5":25,"rot6":5,"dil1":1.075,"dil2":1.025,"dil3":0.875,"dil4":1.125,"dil5":0.925,"dil6":0.975,"rots":[-25,-15,-5,15,25,5],"dils":[1.075,1.025,0.875,1.125,0.925,0.975]},{"id":"test","shape":"random","outlier_type":2,"choice":4,"outlierPosition":3,"success":false,"majorityOfMostRegularShapes":true,"rt":1815.0999999940395,"rot1":15,"rot2":-15,"rot3":5,"rot4":25,"rot5":-25,"rot6":-5,"dil1":1.075,"dil2":1.025,"dil3":0.925,"dil4":1.125,"dil5":0.875,"dil6":0.975,"rots":[15,-15,5,25,-25,-5],"dils":[1.075,1.025,0.925,1.125,0.875,0.975]},{"id":"test","shape":"rectangle","outlier_type":0,"choice":4,"outlierPosition":4,"success":true,"majorityOfMostRegularShapes":false,"rt":2495.199999988079,"rot1":-25,"rot2":5,"rot3":-15,"rot4":-5,"rot5":15,"rot6":25,"dil1":0.875,"dil2":1.125,"dil3":0.925,"dil4":1.025,"dil5":0.975,"dil6":1.075,"rots":[-25,5,-15,-5,15,25],"dils":[0.875,1.125,0.925,1.025,0.975,1.075]},{"id":"test","shape":"random","outlier_type":2,"choice":4,"outlierPosition":2,"success":false,"majorityOfMostRegularShapes":false,"rt":3458.399999976158,"rot1":15,"rot2":-15,"rot3":-5,"rot4":5,"rot5":-25,"rot6":25,"dil1":1.125,"dil2":1.075,"dil3":0.975,"dil4":1.025,"dil5":0.875,"dil6":0.925,"rots":[15,-15,-5,5,-25,25],"dils":[1.125,1.075,0.975,1.025,0.875,0.925]},{"id":"test","shape":"isoTrapezoid","outlier_type":1,"choice":2,"outlierPosition":2,"success":true,"majorityOfMostRegularShapes":true,"rt":3015.4000000059605,"rot1":-5,"rot2":5,"rot3":15,"rot4":-25,"rot5":-15,"rot6":25,"dil1":1.075,"dil2":0.875,"dil3":1.025,"dil4":0.925,"dil5":0.975,"dil6":1.125,"rots":[-5,5,15,-25,-15,25],"dils":[1.075,0.875,1.025,0.925,0.975,1.125]},{"id":"test","shape":"trapezoid","outlier_type":2,"choice":3,"outlierPosition":0,"success":false,"majorityOfMostRegularShapes":false,"rt":3042.100000023842,"rot1":25,"rot2":5,"rot3":-15,"rot4":-5,"rot5":-25,"rot6":15,"dil1":1.125,"dil2":0.975,"dil3":1.025,"dil4":0.875,"dil5":0.925,"dil6":1.075,"rots":[25,5,-15,-5,-25,15],"dils":[1.125,0.975,1.025,0.875,0.925,1.075]},{"id":"test","shape":"square","outlier_type":3,"choice":4,"outlierPosition":4,"success":true,"majorityOfMostRegularShapes":true,"rt":2665.0999999940395,"rot1":-25,"rot2":15,"rot3":5,"rot4":-15,"rot5":25,"rot6":-5,"dil1":1.125,"dil2":1.025,"dil3":1.075,"dil4":0.925,"dil5":0.975,"dil6":0.875,"rots":[-25,15,5,-15,25,-5],"dils":[1.125,1.025,1.075,0.925,0.975,0.875]},{"id":"test","shape":"kite","outlier_type":0,"choice":2,"outlierPosition":0,"success":false,"majorityOfMostRegularShapes":true,"rt":7315.699999988079,"rot1":-25,"rot2":5,"rot3":-15,"rot4":-5,"rot5":15,"rot6":25,"dil1":1.075,"dil2":0.975,"dil3":0.925,"dil4":1.125,"dil5":0.875,"dil6":1.025,"rots":[-25,5,-15,-5,15,25],"dils":[1.075,0.975,0.925,1.125,0.875,1.025]},{"id":"test","shape":"isoTrapezoid","outlier_type":3,"choice":0,"outlierPosition":0,"success":true,"majorityOfMostRegularShapes":true,"rt":2908.199999988079,"rot1":-5,"rot2":15,"rot3":5,"rot4":-25,"rot5":-15,"rot6":25,"dil1":0.975,"dil2":1.075,"dil3":1.025,"dil4":1.125,"dil5":0.925,"dil6":0.875,"rots":[-5,15,5,-25,-15,25],"dils":[0.975,1.075,1.025,1.125,0.925,0.875]},{"id":"test","shape":"random","outlier_type":0,"choice":5,"outlierPosition":3,"success":false,"majorityOfMostRegularShapes":false,"rt":7321.5999999940395,"rot1":5,"rot2":-15,"rot3":15,"rot4":25,"rot5":-5,"rot6":-25,"dil1":0.875,"dil2":0.975,"dil3":1.075,"dil4":1.025,"dil5":0.925,"dil6":1.125,"rots":[5,-15,15,25,-5,-25],"dils":[0.875,0.975,1.075,1.025,0.925,1.125]},{"id":"test","shape":"rectangle","outlier_type":3,"choice":3,"outlierPosition":3,"success":true,"majorityOfMostRegularShapes":false,"rt":2818.5,"rot1":15,"rot2":-15,"rot3":-5,"rot4":25,"rot5":5,"rot6":-25,"dil1":1.125,"dil2":0.925,"dil3":1.025,"dil4":0.975,"dil5":1.075,"dil6":0.875,"rots":[15,-15,-5,25,5,-25],"dils":[1.125,0.925,1.025,0.975,1.075,0.875]},{"id":"test","shape":"hinge","outlier_type":2,"choice":2,"outlierPosition":2,"success":true,"majorityOfMostRegularShapes":true,"rt":1922.8999999761581,"rot1":25,"rot2":-25,"rot3":-5,"rot4":5,"rot5":-15,"rot6":15,"dil1":1.075,"dil2":0.925,"dil3":0.875,"dil4":0.975,"dil5":1.025,"dil6":1.125,"rots":[25,-25,-5,5,-15,15],"dils":[1.075,0.925,0.875,0.975,1.025,1.125]},{"id":"test","shape":"square","outlier_type":1,"choice":1,"outlierPosition":2,"success":false,"majorityOfMostRegularShapes":false,"rt":2604.9000000059605,"rot1":-25,"rot2":-5,"rot3":-15,"rot4":15,"rot5":25,"rot6":5,"dil1":1.075,"dil2":0.875,"dil3":0.975,"dil4":1.025,"dil5":0.925,"dil6":1.125,"rots":[-25,-5,-15,15,25,5],"dils":[1.075,0.875,0.975,1.025,0.925,1.125]},{"id":"test","shape":"rightKite","outlier_type":3,"choice":1,"outlierPosition":1,"success":true,"majorityOfMostRegularShapes":false,"rt":4035.199999988079,"rot1":25,"rot2":-5,"rot3":15,"rot4":5,"rot5":-25,"rot6":-15,"dil1":0.975,"dil2":1.025,"dil3":1.075,"dil4":0.875,"dil5":1.125,"dil6":0.925,"rots":[25,-5,15,5,-25,-15],"dils":[0.975,1.025,1.075,0.875,1.125,0.925]},{"id":"test","shape":"losange","outlier_type":0,"choice":4,"outlierPosition":1,"success":false,"majorityOfMostRegularShapes":false,"rt":4430.699999988079,"rot1":-5,"rot2":15,"rot3":-15,"rot4":5,"rot5":-25,"rot6":25,"dil1":0.925,"dil2":0.875,"dil3":1.025,"dil4":0.975,"dil5":1.075,"dil6":1.125,"rots":[-5,15,-15,5,-25,25],"dils":[0.925,0.875,1.025,0.975,1.075,1.125]},{"id":"test","shape":"parallelogram","outlier_type":3,"choice":0,"outlierPosition":0,"success":true,"majorityOfMostRegularShapes":false,"rt":2775.2999999821186,"rot1":-15,"rot2":25,"rot3":-5,"rot4":5,"rot5":15,"rot6":-25,"dil1":1.125,"dil2":1.025,"dil3":1.075,"dil4":0.975,"dil5":0.875,"dil6":0.925,"rots":[-15,25,-5,5,15,-25],"dils":[1.125,1.025,1.075,0.975,0.875,0.925]},{"id":"test","shape":"isoTrapezoid","outlier_type":0,"choice":5,"outlierPosition":5,"success":true,"majorityOfMostRegularShapes":true,"rt":1974.8999999761581,"rot1":15,"rot2":-25,"rot3":25,"rot4":-15,"rot5":5,"rot6":-5,"dil1":1.125,"dil2":1.075,"dil3":0.925,"dil4":1.025,"dil5":0.875,"dil6":0.975,"rots":[15,-25,25,-15,5,-5],"dils":[1.125,1.075,0.925,1.025,0.875,0.975]},{"id":"test","shape":"rightKite","outlier_type":2,"choice":1,"outlierPosition":1,"success":true,"majorityOfMostRegularShapes":true,"rt":3642,"rot1":-15,"rot2":-5,"rot3":25,"rot4":-25,"rot5":15,"rot6":5,"dil1":1.125,"dil2":1.075,"dil3":0.975,"dil4":1.025,"dil5":0.875,"dil6":0.925,"rots":[-15,-5,25,-25,15,5],"dils":[1.125,1.075,0.975,1.025,0.875,0.925]},{"id":"test","shape":"square","outlier_type":0,"choice":0,"outlierPosition":0,"success":true,"majorityOfMostRegularShapes":true,"rt":2644.699999988079,"rot1":-25,"rot2":25,"rot3":15,"rot4":-15,"rot5":-5,"rot6":5,"dil1":0.925,"dil2":1.075,"dil3":0.975,"dil4":1.125,"dil5":0.875,"dil6":1.025,"rots":[-25,25,15,-15,-5,5],"dils":[0.925,1.075,0.975,1.125,0.875,1.025]},{"id":"test","shape":"rightKite","outlier_type":2,"choice":1,"outlierPosition":1,"success":true,"majorityOfMostRegularShapes":false,"rt":4152.199999988079,"rot1":25,"rot2":-25,"rot3":-15,"rot4":5,"rot5":15,"rot6":-5,"dil1":1.075,"dil2":0.875,"dil3":1.125,"dil4":0.975,"dil5":0.925,"dil6":1.025,"rots":[25,-25,-15,5,15,-5],"dils":[1.075,0.875,1.125,0.975,0.925,1.025]},{"id":"test","shape":"random","outlier_type":1,"choice":1,"outlierPosition":1,"success":true,"majorityOfMostRegularShapes":false,"rt":10999.299999982119,"rot1":-15,"rot2":-25,"rot3":25,"rot4":15,"rot5":-5,"rot6":5,"dil1":0.925,"dil2":0.975,"dil3":1.025,"dil4":0.875,"dil5":1.075,"dil6":1.125,"rots":[-15,-25,25,15,-5,5],"dils":[0.925,0.975,1.025,0.875,1.075,1.125]},{"id":"test","shape":"trapezoid","outlier_type":0,"choice":1,"outlierPosition":1,"success":true,"majorityOfMostRegularShapes":false,"rt":5374.800000011921,"rot1":5,"rot2":25,"rot3":-5,"rot4":-15,"rot5":-25,"rot6":15,"dil1":0.975,"dil2":0.875,"dil3":1.025,"dil4":0.925,"dil5":1.075,"dil6":1.125,"rots":[5,25,-5,-15,-25,15],"dils":[0.975,0.875,1.025,0.925,1.075,1.125]},{"id":"test","shape":"hinge","outlier_type":0,"choice":1,"outlierPosition":1,"success":true,"majorityOfMostRegularShapes":true,"rt":4882.300000011921,"rot1":5,"rot2":-5,"rot3":-25,"rot4":25,"rot5":-15,"rot6":15,"dil1":0.875,"dil2":1.025,"dil3":1.075,"dil4":0.925,"dil5":0.975,"dil6":1.125,"rots":[5,-5,-25,25,-15,15],"dils":[0.875,1.025,1.075,0.925,0.975,1.125]},{"id":"test","shape":"parallelogram","outlier_type":3,"choice":0,"outlierPosition":0,"success":true,"majorityOfMostRegularShapes":true,"rt":2665.300000011921,"rot1":-5,"rot2":15,"rot3":-25,"rot4":-15,"rot5":5,"rot6":25,"dil1":0.875,"dil2":0.925,"dil3":1.075,"dil4":1.025,"dil5":1.125,"dil6":0.975,"rots":[-5,15,-25,-15,5,25],"dils":[0.875,0.925,1.075,1.025,1.125,0.975]},{"id":"test","shape":"kite","outlier_type":1,"choice":3,"outlierPosition":3,"success":true,"majorityOfMostRegularShapes":false,"rt":4148.800000011921,"rot1":-25,"rot2":15,"rot3":-5,"rot4":25,"rot5":-15,"rot6":5,"dil1":0.925,"dil2":1.125,"dil3":0.875,"dil4":1.025,"dil5":0.975,"dil6":1.075,"rots":[-25,15,-5,25,-15,5],"dils":[0.925,1.125,0.875,1.025,0.975,1.075]},{"id":"test","shape":"trapezoid","outlier_type":0,"choice":5,"outlierPosition":4,"success":false,"majorityOfMostRegularShapes":true,"rt":6472.4000000059605,"rot1":5,"rot2":-25,"rot3":15,"rot4":25,"rot5":-5,"rot6":-15,"dil1":1.025,"dil2":0.925,"dil3":1.075,"dil4":1.125,"dil5":0.875,"dil6":0.975,"rots":[5,-25,15,25,-5,-15],"dils":[1.025,0.925,1.075,1.125,0.875,0.975]},{"id":"test","shape":"losange","outlier_type":3,"choice":0,"outlierPosition":0,"success":true,"majorityOfMostRegularShapes":true,"rt":4979.4000000059605,"rot1":15,"rot2":-25,"rot3":5,"rot4":-15,"rot5":-5,"rot6":25,"dil1":1.125,"dil2":1.075,"dil3":0.975,"dil4":1.025,"dil5":0.875,"dil6":0.925,"rots":[15,-25,5,-15,-5,25],"dils":[1.125,1.075,0.975,1.025,0.875,0.925]},{"id":"test","shape":"kite","outlier_type":1,"choice":3,"outlierPosition":3,"success":true,"majorityOfMostRegularShapes":true,"rt":1891.6000000238419,"rot1":-25,"rot2":15,"rot3":25,"rot4":-15,"rot5":-5,"rot6":5,"dil1":0.925,"dil2":1.025,"dil3":1.125,"dil4":1.075,"dil5":0.875,"dil6":0.975,"rots":[-25,15,25,-15,-5,5],"dils":[0.925,1.025,1.125,1.075,0.875,0.975]},{"id":"test","shape":"hinge","outlier_type":3,"choice":3,"outlierPosition":4,"success":false,"majorityOfMostRegularShapes":true,"rt":5652.700000017881,"rot1":5,"rot2":-25,"rot3":15,"rot4":25,"rot5":-5,"rot6":-15,"dil1":1.125,"dil2":0.925,"dil3":1.075,"dil4":0.875,"dil5":1.025,"dil6":0.975,"rots":[5,-25,15,25,-5,-15],"dils":[1.125,0.925,1.075,0.875,1.025,0.975]},{"id":"test","shape":"square","outlier_type":1,"choice":3,"outlierPosition":3,"success":true,"majorityOfMostRegularShapes":true,"rt":2851.7000000178814,"rot1":5,"rot2":15,"rot3":-5,"rot4":25,"rot5":-25,"rot6":-15,"dil1":1.025,"dil2":0.925,"dil3":0.975,"dil4":1.125,"dil5":1.075,"dil6":0.875,"rots":[5,15,-5,25,-25,-15],"dils":[1.025,0.925,0.975,1.125,1.075,0.875]},{"id":"test","shape":"trapezoid","outlier_type":3,"choice":5,"outlierPosition":0,"success":false,"majorityOfMostRegularShapes":false,"rt":6402.0999999940395,"rot1":-5,"rot2":15,"rot3":25,"rot4":-25,"rot5":-15,"rot6":5,"dil1":0.975,"dil2":1.025,"dil3":0.925,"dil4":1.075,"dil5":1.125,"dil6":0.875,"rots":[-5,15,25,-25,-15,5],"dils":[0.975,1.025,0.925,1.075,1.125,0.875]},{"id":"test","shape":"parallelogram","outlier_type":0,"choice":1,"outlierPosition":1,"success":true,"majorityOfMostRegularShapes":true,"rt":2341.300000011921,"rot1":-5,"rot2":25,"rot3":-25,"rot4":-15,"rot5":15,"rot6":5,"dil1":0.925,"dil2":1.025,"dil3":1.075,"dil4":0.975,"dil5":1.125,"dil6":0.875,"rots":[-5,25,-25,-15,15,5],"dils":[0.925,1.025,1.075,0.975,1.125,0.875]},{"id":"test","shape":"kite","outlier_type":2,"choice":4,"outlierPosition":4,"success":true,"majorityOfMostRegularShapes":true,"rt":1502.199999988079,"rot1":-15,"rot2":15,"rot3":25,"rot4":-5,"rot5":-25,"rot6":5,"dil1":0.925,"dil2":1.125,"dil3":1.075,"dil4":0.975,"dil5":1.025,"dil6":0.875,"rots":[-15,15,25,-5,-25,5],"dils":[0.925,1.125,1.075,0.975,1.025,0.875]},{"id":"test","shape":"rustedHinge","outlier_type":1,"choice":3,"outlierPosition":3,"success":true,"majorityOfMostRegularShapes":false,"rt":8243.199999988079,"rot1":25,"rot2":-15,"rot3":-25,"rot4":15,"rot5":-5,"rot6":5,"dil1":0.875,"dil2":0.925,"dil3":0.975,"dil4":1.025,"dil5":1.125,"dil6":1.075,"rots":[25,-15,-25,15,-5,5],"dils":[0.875,0.925,0.975,1.025,1.125,1.075]},{"id":"test","shape":"kite","outlier_type":3,"choice":5,"outlierPosition":5,"success":true,"majorityOfMostRegularShapes":false,"rt":3014.7000000178814,"rot1":15,"rot2":-5,"rot3":-15,"rot4":-25,"rot5":25,"rot6":5,"dil1":0.975,"dil2":1.125,"dil3":1.075,"dil4":0.875,"dil5":1.025,"dil6":0.925,"rots":[15,-5,-15,-25,25,5],"dils":[0.975,1.125,1.075,0.875,1.025,0.925]},{"id":"test","shape":"parallelogram","outlier_type":2,"choice":4,"outlierPosition":4,"success":true,"majorityOfMostRegularShapes":false,"rt":4484.4000000059605,"rot1":5,"rot2":25,"rot3":-5,"rot4":15,"rot5":-25,"rot6":-15,"dil1":1.075,"dil2":0.875,"dil3":0.975,"dil4":0.925,"dil5":1.125,"dil6":1.025,"rots":[5,25,-5,15,-25,-15],"dils":[1.075,0.875,0.975,0.925,1.125,1.025]},{"id":"test","shape":"rightKite","outlier_type":3,"choice":3,"outlierPosition":5,"success":false,"majorityOfMostRegularShapes":true,"rt":6851.699999988079,"rot1":-5,"rot2":-25,"rot3":-15,"rot4":5,"rot5":15,"rot6":25,"dil1":0.975,"dil2":1.075,"dil3":0.925,"dil4":0.875,"dil5":1.025,"dil6":1.125,"rots":[-5,-25,-15,5,15,25],"dils":[0.975,1.075,0.925,0.875,1.025,1.125]},{"id":"test","shape":"hinge","outlier_type":2,"choice":4,"outlierPosition":4,"success":true,"majorityOfMostRegularShapes":false,"rt":3731.5,"rot1":25,"rot2":5,"rot3":-25,"rot4":-15,"rot5":15,"rot6":-5,"dil1":1.025,"dil2":0.975,"dil3":0.925,"dil4":0.875,"dil5":1.125,"dil6":1.075,"rots":[25,5,-25,-15,15,-5],"dils":[1.025,0.975,0.925,0.875,1.125,1.075]},{"id":"test","shape":"rustedHinge","outlier_type":3,"choice":4,"outlierPosition":4,"success":true,"majorityOfMostRegularShapes":false,"rt":5611.5999999940395,"rot1":5,"rot2":-5,"rot3":15,"rot4":-25,"rot5":-15,"rot6":25,"dil1":0.925,"dil2":1.075,"dil3":1.025,"dil4":1.125,"dil5":0.875,"dil6":0.975,"rots":[5,-5,15,-25,-15,25],"dils":[0.925,1.075,1.025,1.125,0.875,0.975]},{"id":"test","shape":"parallelogram","outlier_type":2,"choice":4,"outlierPosition":4,"success":true,"majorityOfMostRegularShapes":true,"rt":2418.7000000178814,"rot1":15,"rot2":-25,"rot3":5,"rot4":25,"rot5":-15,"rot6":-5,"dil1":1.125,"dil2":0.975,"dil3":0.875,"dil4":0.925,"dil5":1.075,"dil6":1.025,"rots":[15,-25,5,25,-15,-5],"dils":[1.125,0.975,0.875,0.925,1.075,1.025]},{"id":"test","shape":"rectangle","outlier_type":0,"choice":0,"outlierPosition":0,"success":true,"majorityOfMostRegularShapes":true,"rt":2472.0999999940395,"rot1":15,"rot2":-25,"rot3":-15,"rot4":5,"rot5":25,"rot6":-5,"dil1":1.025,"dil2":0.975,"dil3":0.925,"dil4":0.875,"dil5":1.125,"dil6":1.075,"rots":[15,-25,-15,5,25,-5],"dils":[1.025,0.975,0.925,0.875,1.125,1.075]},{"id":"test","shape":"losange","outlier_type":2,"choice":5,"outlierPosition":5,"success":true,"majorityOfMostRegularShapes":true,"rt":5685.699999988079,"rot1":25,"rot2":-25,"rot3":15,"rot4":-15,"rot5":5,"rot6":-5,"dil1":1.025,"dil2":0.925,"dil3":0.875,"dil4":0.975,"dil5":1.125,"dil6":1.075,"rots":[25,-25,15,-15,5,-5],"dils":[1.025,0.925,0.875,0.975,1.125,1.075]},{"id":"test","shape":"hinge","outlier_type":1,"choice":0,"outlierPosition":0,"success":true,"majorityOfMostRegularShapes":true,"rt":9622.700000017881,"rot1":-25,"rot2":25,"rot3":-5,"rot4":-15,"rot5":15,"rot6":5,"dil1":1.025,"dil2":1.075,"dil3":0.925,"dil4":0.875,"dil5":0.975,"dil6":1.125,"rots":[-25,25,-5,-15,15,5],"dils":[1.025,1.075,0.925,0.875,0.975,1.125]},{"id":"test","shape":"kite","outlier_type":2,"choice":5,"outlierPosition":4,"success":false,"majorityOfMostRegularShapes":false,"rt":5169,"rot1":15,"rot2":-5,"rot3":5,"rot4":-15,"rot5":-25,"rot6":25,"dil1":1.075,"dil2":1.125,"dil3":0.975,"dil4":1.025,"dil5":0.875,"dil6":0.925,"rots":[15,-5,5,-15,-25,25],"dils":[1.075,1.125,0.975,1.025,0.875,0.925]},{"id":"test","shape":"rustedHinge","outlier_type":0,"choice":4,"outlierPosition":4,"success":true,"majorityOfMostRegularShapes":true,"rt":7891.800000011921,"rot1":5,"rot2":25,"rot3":15,"rot4":-25,"rot5":-5,"rot6":-15,"dil1":1.075,"dil2":0.925,"dil3":0.975,"dil4":0.875,"dil5":1.125,"dil6":1.025,"rots":[5,25,15,-25,-5,-15],"dils":[1.075,0.925,0.975,0.875,1.125,1.025]},{"id":"test","shape":"parallelogram","outlier_type":1,"choice":1,"outlierPosition":1,"success":true,"majorityOfMostRegularShapes":true,"rt":8362.299999982119,"rot1":-25,"rot2":-5,"rot3":-15,"rot4":15,"rot5":25,"rot6":5,"dil1":1.075,"dil2":0.925,"dil3":0.875,"dil4":1.125,"dil5":1.025,"dil6":0.975,"rots":[-25,-5,-15,15,25,5],"dils":[1.075,0.925,0.875,1.125,1.025,0.975]},{"id":"test","shape":"losange","outlier_type":2,"choice":3,"outlierPosition":3,"success":true,"majorityOfMostRegularShapes":false,"rt":5650.4000000059605,"rot1":15,"rot2":-5,"rot3":5,"rot4":-15,"rot5":-25,"rot6":25,"dil1":0.875,"dil2":0.925,"dil3":0.975,"dil4":1.075,"dil5":1.125,"dil6":1.025,"rots":[15,-5,5,-15,-25,25],"dils":[0.875,0.925,0.975,1.075,1.125,1.025]},{"id":"test","shape":"parallelogram","outlier_type":0,"choice":2,"outlierPosition":2,"success":true,"majorityOfMostRegularShapes":false,"rt":7692.5,"rot1":5,"rot2":-15,"rot3":25,"rot4":-25,"rot5":15,"rot6":-5,"dil1":0.975,"dil2":1.025,"dil3":1.125,"dil4":0.925,"dil5":0.875,"dil6":1.075,"rots":[5,-15,25,-25,15,-5],"dils":[0.975,1.025,1.125,0.925,0.875,1.075]},{"id":"test","shape":"trapezoid","outlier_type":2,"choice":1,"outlierPosition":1,"success":true,"majorityOfMostRegularShapes":true,"rt":6825,"rot1":-15,"rot2":-5,"rot3":25,"rot4":-25,"rot5":15,"rot6":5,"dil1":0.925,"dil2":1.075,"dil3":1.025,"dil4":0.975,"dil5":1.125,"dil6":0.875,"rots":[-15,-5,25,-25,15,5],"dils":[0.925,1.075,1.025,0.975,1.125,0.875]},{"id":"test","shape":"trapezoid","outlier_type":1,"choice":5,"outlierPosition":5,"success":true,"majorityOfMostRegularShapes":true,"rt":3533.0999999940395,"rot1":-25,"rot2":-5,"rot3":25,"rot4":5,"rot5":-15,"rot6":15,"dil1":0.875,"dil2":1.125,"dil3":1.075,"dil4":1.025,"dil5":0.975,"dil6":0.925,"rots":[-25,-5,25,5,-15,15],"dils":[0.875,1.125,1.075,1.025,0.975,0.925]},{"id":"test","shape":"rectangle","outlier_type":3,"choice":1,"outlierPosition":1,"success":true,"majorityOfMostRegularShapes":true,"rt":2863.800000011921,"rot1":25,"rot2":-5,"rot3":15,"rot4":-15,"rot5":5,"rot6":-25,"dil1":0.925,"dil2":1.025,"dil3":0.975,"dil4":0.875,"dil5":1.075,"dil6":1.125,"rots":[25,-5,15,-15,5,-25],"dils":[0.925,1.025,0.975,0.875,1.075,1.125]},{"id":"test","shape":"isoTrapezoid","outlier_type":1,"choice":2,"outlierPosition":2,"success":true,"majorityOfMostRegularShapes":false,"rt":1293.5999999940395,"rot1":5,"rot2":15,"rot3":-25,"rot4":-15,"rot5":-5,"rot6":25,"dil1":0.925,"dil2":0.875,"dil3":1.025,"dil4":1.125,"dil5":0.975,"dil6":1.075,"rots":[5,15,-25,-15,-5,25],"dils":[0.925,0.875,1.025,1.125,0.975,1.075]},{"id":"test","shape":"random","outlier_type":3,"choice":5,"outlierPosition":0,"success":false,"majorityOfMostRegularShapes":false,"rt":3284.100000023842,"rot1":15,"rot2":25,"rot3":-15,"rot4":-5,"rot5":5,"rot6":-25,"dil1":0.875,"dil2":0.975,"dil3":0.925,"dil4":1.025,"dil5":1.125,"dil6":1.075,"rots":[15,25,-15,-5,5,-25],"dils":[0.875,0.975,0.925,1.025,1.125,1.075]},{"id":"test","shape":"isoTrapezoid","outlier_type":0,"choice":0,"outlierPosition":0,"success":true,"majorityOfMostRegularShapes":false,"rt":5972.5999999940395,"rot1":-25,"rot2":5,"rot3":-5,"rot4":15,"rot5":25,"rot6":-15,"dil1":0.975,"dil2":1.025,"dil3":1.125,"dil4":0.925,"dil5":1.075,"dil6":0.875,"rots":[-25,5,-5,15,25,-15],"dils":[0.975,1.025,1.125,0.925,1.075,0.875]},{"id":"test","shape":"square","outlier_type":3,"choice":5,"outlierPosition":5,"success":true,"majorityOfMostRegularShapes":false,"rt":1974.4000000059605,"rot1":5,"rot2":-5,"rot3":15,"rot4":-25,"rot5":25,"rot6":-15,"dil1":1.075,"dil2":0.875,"dil3":0.925,"dil4":1.125,"dil5":0.975,"dil6":1.025,"rots":[5,-5,15,-25,25,-15],"dils":[1.075,0.875,0.925,1.125,0.975,1.025]},{"id":"test","shape":"rustedHinge","outlier_type":1,"choice":1,"outlierPosition":1,"success":true,"majorityOfMostRegularShapes":true,"rt":5470.199999988079,"rot1":-25,"rot2":25,"rot3":5,"rot4":15,"rot5":-15,"rot6":-5,"dil1":0.975,"dil2":0.925,"dil3":0.875,"dil4":1.025,"dil5":1.075,"dil6":1.125,"rots":[-25,25,5,15,-15,-5],"dils":[0.975,0.925,0.875,1.025,1.075,1.125]},{"id":"test","shape":"isoTrapezoid","outlier_type":2,"choice":4,"outlierPosition":4,"success":true,"majorityOfMostRegularShapes":true,"rt":3068.2999999821186,"rot1":-25,"rot2":5,"rot3":-5,"rot4":-15,"rot5":15,"rot6":25,"dil1":1.125,"dil2":1.025,"dil3":0.975,"dil4":0.925,"dil5":1.075,"dil6":0.875,"rots":[-25,5,-5,-15,15,25],"dils":[1.125,1.025,0.975,0.925,1.075,0.875]},{"id":"test","shape":"rightKite","outlier_type":1,"choice":0,"outlierPosition":0,"success":true,"majorityOfMostRegularShapes":true,"rt":2978.899999976158,"rot1":15,"rot2":-15,"rot3":-5,"rot4":5,"rot5":25,"rot6":-25,"dil1":0.875,"dil2":0.925,"dil3":0.975,"dil4":1.075,"dil5":1.125,"dil6":1.025,"rots":[15,-15,-5,5,25,-25],"dils":[0.875,0.925,0.975,1.075,1.125,1.025]},{"id":"test","shape":"square","outlier_type":2,"choice":0,"outlierPosition":0,"success":true,"majorityOfMostRegularShapes":true,"rt":1852.8999999761581,"rot1":-15,"rot2":5,"rot3":15,"rot4":25,"rot5":-5,"rot6":-25,"dil1":0.875,"dil2":0.925,"dil3":1.075,"dil4":1.025,"dil5":1.125,"dil6":0.975,"rots":[-15,5,15,25,-5,-25],"dils":[0.875,0.925,1.075,1.025,1.125,0.975]},{"id":"test","shape":"random","outlier_type":0,"choice":3,"outlierPosition":3,"success":true,"majorityOfMostRegularShapes":true,"rt":11322.399999976158,"rot1":-15,"rot2":-5,"rot3":-25,"rot4":25,"rot5":5,"rot6":15,"dil1":1.125,"dil2":0.925,"dil3":0.975,"dil4":1.075,"dil5":1.025,"dil6":0.875,"rots":[-15,-5,-25,25,5,15],"dils":[1.125,0.925,0.975,1.075,1.025,0.875]},{"id":"test","shape":"rustedHinge","outlier_type":2,"choice":3,"outlierPosition":3,"success":true,"majorityOfMostRegularShapes":false,"rt":10541.800000011921,"rot1":-15,"rot2":-5,"rot3":-25,"rot4":15,"rot5":25,"rot6":5,"dil1":1.025,"dil2":0.975,"dil3":1.075,"dil4":1.125,"dil5":0.875,"dil6":0.925,"rots":[-15,-5,-25,15,25,5],"dils":[1.025,0.975,1.075,1.125,0.875,0.925]},{"id":"test","shape":"losange","outlier_type":0,"choice":3,"outlierPosition":3,"success":true,"majorityOfMostRegularShapes":true,"rt":3926.5999999940395,"rot1":5,"rot2":25,"rot3":15,"rot4":-5,"rot5":-25,"rot6":-15,"dil1":1.125,"dil2":0.925,"dil3":0.875,"dil4":0.975,"dil5":1.075,"dil6":1.025,"rots":[5,25,15,-5,-25,-15],"dils":[1.125,0.925,0.875,0.975,1.075,1.025]},{"id":"test","shape":"rightKite","outlier_type":1,"choice":1,"outlierPosition":1,"success":true,"majorityOfMostRegularShapes":false,"rt":4018.4000000059605,"rot1":-25,"rot2":5,"rot3":-5,"rot4":15,"rot5":25,"rot6":-15,"dil1":1.025,"dil2":1.075,"dil3":0.925,"dil4":1.125,"dil5":0.875,"dil6":0.975,"rots":[-25,5,-5,15,25,-15],"dils":[1.025,1.075,0.925,1.125,0.875,0.975]},{"id":"test","shape":"isoTrapezoid","outlier_type":3,"choice":1,"outlierPosition":1,"success":true,"majorityOfMostRegularShapes":false,"rt":3202.7000000178814,"rot1":-15,"rot2":5,"rot3":-25,"rot4":25,"rot5":-5,"rot6":15,"dil1":1.125,"dil2":0.975,"dil3":1.025,"dil4":0.925,"dil5":1.075,"dil6":0.875,"rots":[-15,5,-25,25,-5,15],"dils":[1.125,0.975,1.025,0.925,1.075,0.875]},{"id":"test","shape":"rectangle","outlier_type":1,"choice":5,"outlierPosition":5,"success":true,"majorityOfMostRegularShapes":true,"rt":1822.6000000238419,"rot1":15,"rot2":-5,"rot3":-15,"rot4":5,"rot5":-25,"rot6":25,"dil1":1.025,"dil2":0.975,"dil3":1.075,"dil4":0.925,"dil5":0.875,"dil6":1.125,"rots":[15,-5,-15,5,-25,25],"dils":[1.025,0.975,1.075,0.925,0.875,1.125]}],"desiredDistance":0.3,"trial_type":"oddball-grid","trial_index":5,"time_elapsed":925980,"internal_node_id":"0.0-5.0","score":0.7272727272727273,"early_termination":false}]