[{"rt":10234,"url":"external-consent.html","trial_type":"external-html","trial_index":0,"time_elapsed":10246,"internal_node_id":"0.0-0.0","score":0.5454545454545454,"early_termination":false},{"rt":3847,"responses":"{\"Q0\":\"NA\",\"Q1\":\"NA\",\"Q2\":\"NA\"}","trial_type":"survey-text","trial_index":1,"time_elapsed":14095,"internal_node_id":"0.0-1.0","score":0.5454545454545454,"early_termination":false},{"success":true,"trial_type":"fullscreen","trial_index":2,"time_elapsed":196762,"internal_node_id":"0.0-2.0","score":0.5454545454545454,"early_termination":false},{"results":[{"id":"train-images","loop_number":1,"shape":"test4","outlier_type":"NA","choice":1,"outlierPosition":1,"success":true,"majorityOfMostRegularShapes":true,"rt":2561,"rot1":15,"rot2":-15,"rot3":5,"rot4":25,"rot5":-5,"rot6":-25,"dil1":0.925,"dil2":0.975,"dil3":1.075,"dil4":0.875,"dil5":1.025,"dil6":1.125,"rots":[15,-15,5,25,-5,-25],"dils":[0.925,0.975,1.075,0.875,1.025,1.125],"possible_pos":[0,1,2,3,4,5]},{"id":"train-images","loop_number":1,"shape":"test3","outlier_type":"NA","choice":5,"outlierPosition":5,"success":true,"majorityOfMostRegularShapes":false,"rt":1230,"rot1":-15,"rot2":5,"rot3":15,"rot4":-25,"rot5":-5,"rot6":25,"dil1":0.925,"dil2":1.075,"dil3":0.975,"dil4":1.125,"dil5":0.875,"dil6":1.025,"rots":[-15,5,15,-25,-5,25],"dils":[0.925,1.075,0.975,1.125,0.875,1.025],"possible_pos":[0,1,2,3,4,5]},{"id":"train-images","loop_number":1,"shape":"test9","outlier_type":"NA","choice":2,"outlierPosition":2,"success":true,"majorityOfMostRegularShapes":true,"rt":1074,"rot1":-25,"rot2":-5,"rot3":25,"rot4":15,"rot5":-15,"rot6":5,"dil1":0.975,"dil2":1.075,"dil3":0.925,"dil4":1.125,"dil5":0.875,"dil6":1.025,"rots":[-25,-5,25,15,-15,5],"dils":[0.975,1.075,0.925,1.125,0.875,1.025],"possible_pos":[0,1,2,3,4,5]},{"id":"train-images","loop_number":1,"shape":"test5","outlier_type":"NA","choice":5,"outlierPosition":5,"success":true,"majorityOfMostRegularShapes":true,"rt":833,"rot1":25,"rot2":-15,"rot3":5,"rot4":-25,"rot5":15,"rot6":-5,"dil1":1.075,"dil2":1.125,"dil3":0.975,"dil4":1.025,"dil5":0.875,"dil6":0.925,"rots":[25,-15,5,-25,15,-5],"dils":[1.075,1.125,0.975,1.025,0.875,0.925],"possible_pos":[0,1,2,3,4,5]},{"id":"train-images","loop_number":1,"shape":"test7","outlier_type":"NA","choice":1,"outlierPosition":1,"success":true,"majorityOfMostRegularShapes":true,"rt":852,"rot1":25,"rot2":-25,"rot3":5,"rot4":-15,"rot5":-5,"rot6":15,"dil1":1.025,"dil2":0.875,"dil3":0.975,"dil4":0.925,"dil5":1.125,"dil6":1.075,"rots":[25,-25,5,-15,-5,15],"dils":[1.025,0.875,0.975,0.925,1.125,1.075],"possible_pos":[0,1,2,3,4,5]},{"id":"train-images","loop_number":1,"shape":"test1","outlier_type":"NA","choice":1,"outlierPosition":1,"success":true,"majorityOfMostRegularShapes":true,"rt":967,"rot1":25,"rot2":-5,"rot3":15,"rot4":-15,"rot5":-25,"rot6":5,"dil1":1.075,"dil2":1.125,"dil3":1.025,"dil4":0.875,"dil5":0.925,"dil6":0.975,"rots":[25,-5,15,-15,-25,5],"dils":[1.075,1.125,1.025,0.875,0.925,0.975],"possible_pos":[0,1,2,3,4,5]},{"id":"train-images","loop_number":1,"shape":"test2","outlier_type":"NA","choice":1,"outlierPosition":1,"success":true,"majorityOfMostRegularShapes":true,"rt":974,"rot1":-15,"rot2":-25,"rot3":-5,"rot4":5,"rot5":25,"rot6":15,"dil1":1.025,"dil2":0.975,"dil3":0.925,"dil4":1.125,"dil5":1.075,"dil6":0.875,"rots":[-15,-25,-5,5,25,15],"dils":[1.025,0.975,0.925,1.125,1.075,0.875],"possible_pos":[0,1,2,3,4,5]},{"id":"train-images","loop_number":1,"shape":"test8","outlier_type":"NA","choice":1,"outlierPosition":1,"success":true,"majorityOfMostRegularShapes":true,"rt":1012,"rot1":5,"rot2":15,"rot3":-15,"rot4":-5,"rot5":25,"rot6":-25,"dil1":0.875,"dil2":1.025,"dil3":0.975,"dil4":0.925,"dil5":1.075,"dil6":1.125,"rots":[5,15,-15,-5,25,-25],"dils":[0.875,1.025,0.975,0.925,1.075,1.125],"possible_pos":[0,1,2,3,4,5]},{"id":"train-images","loop_number":1,"shape":"test5","outlier_type":"NA","choice":1,"outlierPosition":1,"success":true,"majorityOfMostRegularShapes":false,"rt":1456,"rot1":15,"rot2":25,"rot3":-5,"rot4":-15,"rot5":5,"rot6":-25,"dil1":1.025,"dil2":1.125,"dil3":0.975,"dil4":0.925,"dil5":1.075,"dil6":0.875,"rots":[15,25,-5,-15,5,-25],"dils":[1.025,1.125,0.975,0.925,1.075,0.875],"possible_pos":[0,1,2,3,4,5]},{"id":"train-images","loop_number":1,"shape":"test10","outlier_type":"NA","choice":2,"outlierPosition":2,"success":true,"majorityOfMostRegularShapes":false,"rt":885,"rot1":25,"rot2":-25,"rot3":15,"rot4":5,"rot5":-15,"rot6":-5,"dil1":1.125,"dil2":1.025,"dil3":0.875,"dil4":0.925,"dil5":0.975,"dil6":1.075,"rots":[25,-25,15,5,-15,-5],"dils":[1.125,1.025,0.875,0.925,0.975,1.075],"possible_pos":[0,1,2,3,4,5]},{"id":"train-images","loop_number":1,"shape":"test9","outlier_type":"NA","choice":1,"outlierPosition":1,"success":true,"majorityOfMostRegularShapes":false,"rt":1072,"rot1":5,"rot2":25,"rot3":15,"rot4":-25,"rot5":-15,"rot6":-5,"dil1":1.125,"dil2":1.025,"dil3":1.075,"dil4":0.925,"dil5":0.975,"dil6":0.875,"rots":[5,25,15,-25,-15,-5],"dils":[1.125,1.025,1.075,0.925,0.975,0.875],"possible_pos":[0,1,2,3,4,5]},{"id":"train-images","loop_number":1,"shape":"test2","outlier_type":"NA","choice":2,"outlierPosition":2,"success":true,"majorityOfMostRegularShapes":false,"rt":785,"rot1":15,"rot2":5,"rot3":25,"rot4":-15,"rot5":-25,"rot6":-5,"dil1":1.125,"dil2":0.925,"dil3":0.875,"dil4":1.075,"dil5":1.025,"dil6":0.975,"rots":[15,5,25,-15,-25,-5],"dils":[1.125,0.925,0.875,1.075,1.025,0.975],"possible_pos":[0,1,2,3,4,5]},{"id":"train-images","loop_number":1,"shape":"test6","outlier_type":"NA","choice":1,"outlierPosition":0,"success":false,"majorityOfMostRegularShapes":false,"rt":2265,"rot1":15,"rot2":5,"rot3":25,"rot4":-25,"rot5":-15,"rot6":-5,"dil1":1.075,"dil2":0.875,"dil3":0.975,"dil4":1.125,"dil5":0.925,"dil6":1.025,"rots":[15,5,25,-25,-15,-5],"dils":[1.075,0.875,0.975,1.125,0.925,1.025],"possible_pos":[0,1,2,3,4,5]},{"id":"train-images","loop_number":1,"shape":"test10","outlier_type":"NA","choice":1,"outlierPosition":1,"success":true,"majorityOfMostRegularShapes":true,"rt":1019,"rot1":25,"rot2":15,"rot3":-5,"rot4":-15,"rot5":-25,"rot6":5,"dil1":0.925,"dil2":0.875,"dil3":0.975,"dil4":1.075,"dil5":1.125,"dil6":1.025,"rots":[25,15,-5,-15,-25,5],"dils":[0.925,0.875,0.975,1.075,1.125,1.025],"possible_pos":[0,1,2,3,4,5]},{"id":"train-images","loop_number":1,"shape":"test1","outlier_type":"NA","choice":0,"outlierPosition":0,"success":true,"majorityOfMostRegularShapes":false,"rt":815,"rot1":-15,"rot2":25,"rot3":15,"rot4":-25,"rot5":-5,"rot6":5,"dil1":0.875,"dil2":0.925,"dil3":1.075,"dil4":1.025,"dil5":1.125,"dil6":0.975,"rots":[-15,25,15,-25,-5,5],"dils":[0.875,0.925,1.075,1.025,1.125,0.975],"possible_pos":[0,1,2,3,4,5]},{"id":"train-images","loop_number":1,"shape":"test6","outlier_type":"NA","choice":5,"outlierPosition":5,"success":true,"majorityOfMostRegularShapes":true,"rt":2433,"rot1":15,"rot2":25,"rot3":5,"rot4":-25,"rot5":-15,"rot6":-5,"dil1":1.025,"dil2":0.975,"dil3":1.075,"dil4":0.925,"dil5":0.875,"dil6":1.125,"rots":[15,25,5,-25,-15,-5],"dils":[1.025,0.975,1.075,0.925,0.875,1.125],"possible_pos":[0,1,2,3,4,5]},{"id":"train-images","loop_number":1,"shape":"test8","outlier_type":"NA","choice":3,"outlierPosition":3,"success":true,"majorityOfMostRegularShapes":false,"rt":887,"rot1":-25,"rot2":5,"rot3":15,"rot4":25,"rot5":-5,"rot6":-15,"dil1":0.925,"dil2":1.125,"dil3":0.875,"dil4":1.075,"dil5":0.975,"dil6":1.025,"rots":[-25,5,15,25,-5,-15],"dils":[0.925,1.125,0.875,1.075,0.975,1.025],"possible_pos":[0,1,2,3,4,5]},{"id":"train-images","loop_number":1,"shape":"test7","outlier_type":"NA","choice":4,"outlierPosition":4,"success":true,"majorityOfMostRegularShapes":false,"rt":1292,"rot1":-5,"rot2":-15,"rot3":15,"rot4":25,"rot5":5,"rot6":-25,"dil1":0.975,"dil2":1.025,"dil3":0.875,"dil4":1.075,"dil5":1.125,"dil6":0.925,"rots":[-5,-15,15,25,5,-25],"dils":[0.975,1.025,0.875,1.075,1.125,0.925],"possible_pos":[0,1,2,3,4,5]},{"id":"train-images","loop_number":1,"shape":"test4","outlier_type":"NA","choice":3,"outlierPosition":3,"success":true,"majorityOfMostRegularShapes":false,"rt":2376,"rot1":25,"rot2":5,"rot3":-15,"rot4":-25,"rot5":15,"rot6":-5,"dil1":1.075,"dil2":0.975,"dil3":1.125,"dil4":1.025,"dil5":0.875,"dil6":0.925,"rots":[25,5,-15,-25,15,-5],"dils":[1.075,0.975,1.125,1.025,0.875,0.925],"possible_pos":[0,1,2,3,4,5]},{"id":"train-images","loop_number":1,"shape":"test3","outlier_type":"NA","choice":3,"outlierPosition":3,"success":true,"majorityOfMostRegularShapes":true,"rt":2114,"rot1":25,"rot2":-5,"rot3":-25,"rot4":15,"rot5":5,"rot6":-15,"dil1":0.875,"dil2":1.025,"dil3":0.975,"dil4":1.075,"dil5":0.925,"dil6":1.125,"rots":[25,-5,-25,15,5,-15],"dils":[0.875,1.025,0.975,1.075,0.925,1.125],"possible_pos":[0,1,2,3,4,5]}],"trial_type":"oddball-grid-image","trial_index":3,"time_elapsed":330159,"internal_node_id":"0.0-3.0","score":0.5454545454545454,"early_termination":false},{"results":[{"id":"gen2","loop_number":1,"shape":1,"outlier_type":"NA","choice":0,"outlierPosition":0,"success":true,"majorityOfMostRegularShapes":true,"rt":1067,"rot1":25,"rot2":-25,"rot3":-5,"rot4":-15,"rot5":5,"rot6":15,"dil1":0.975,"dil2":0.925,"dil3":1.075,"dil4":0.875,"dil5":1.125,"dil6":1.025,"rots":[25,-25,-5,-15,5,15],"dils":[0.975,0.925,1.075,0.875,1.125,1.025]},{"id":"gen2","loop_number":1,"shape":2,"outlier_type":"NA","choice":4,"outlierPosition":4,"success":true,"majorityOfMostRegularShapes":false,"rt":997,"rot1":25,"rot2":-25,"rot3":-5,"rot4":15,"rot5":-15,"rot6":5,"dil1":1.125,"dil2":0.925,"dil3":1.075,"dil4":0.975,"dil5":1.025,"dil6":0.875,"rots":[25,-25,-5,15,-15,5],"dils":[1.125,0.925,1.075,0.975,1.025,0.875]},{"id":"gen2","loop_number":1,"shape":0,"outlier_type":"NA","choice":1,"outlierPosition":1,"success":true,"majorityOfMostRegularShapes":true,"rt":3119,"rot1":-5,"rot2":25,"rot3":-25,"rot4":5,"rot5":15,"rot6":-15,"dil1":1.125,"dil2":1.075,"dil3":1.025,"dil4":0.975,"dil5":0.875,"dil6":0.925,"rots":[-5,25,-25,5,15,-15],"dils":[1.125,1.075,1.025,0.975,0.875,0.925]},{"id":"gen2","loop_number":1,"shape":1,"outlier_type":"NA","choice":3,"outlierPosition":3,"success":true,"majorityOfMostRegularShapes":false,"rt":1124,"rot1":5,"rot2":-25,"rot3":15,"rot4":-5,"rot5":25,"rot6":-15,"dil1":1.025,"dil2":1.075,"dil3":0.875,"dil4":0.975,"dil5":1.125,"dil6":0.925,"rots":[5,-25,15,-5,25,-15],"dils":[1.025,1.075,0.875,0.975,1.125,0.925]},{"id":"gen2","loop_number":1,"shape":2,"outlier_type":"NA","choice":3,"outlierPosition":3,"success":true,"majorityOfMostRegularShapes":false,"rt":941,"rot1":-25,"rot2":-15,"rot3":15,"rot4":5,"rot5":-5,"rot6":25,"dil1":1.125,"dil2":1.075,"dil3":1.025,"dil4":0.925,"dil5":0.975,"dil6":0.875,"rots":[-25,-15,15,5,-5,25],"dils":[1.125,1.075,1.025,0.925,0.975,0.875]},{"id":"gen2","loop_number":1,"shape":0,"outlier_type":"NA","choice":5,"outlierPosition":5,"success":true,"majorityOfMostRegularShapes":true,"rt":2527,"rot1":25,"rot2":-15,"rot3":-25,"rot4":5,"rot5":15,"rot6":-5,"dil1":1.125,"dil2":1.025,"dil3":1.075,"dil4":0.875,"dil5":0.925,"dil6":0.975,"rots":[25,-15,-25,5,15,-5],"dils":[1.125,1.025,1.075,0.875,0.925,0.975]},{"id":"gen2","loop_number":1,"shape":2,"outlier_type":"NA","choice":2,"outlierPosition":2,"success":true,"majorityOfMostRegularShapes":true,"rt":1797,"rot1":25,"rot2":-15,"rot3":-25,"rot4":5,"rot5":-5,"rot6":15,"dil1":1.075,"dil2":0.875,"dil3":0.975,"dil4":1.025,"dil5":0.925,"dil6":1.125,"rots":[25,-15,-25,5,-5,15],"dils":[1.075,0.875,0.975,1.025,0.925,1.125]},{"id":"gen2","loop_number":1,"shape":1,"outlier_type":"NA","choice":0,"outlierPosition":0,"success":true,"majorityOfMostRegularShapes":false,"rt":1321,"rot1":15,"rot2":-5,"rot3":-25,"rot4":5,"rot5":25,"rot6":-15,"dil1":1.075,"dil2":1.125,"dil3":0.925,"dil4":1.025,"dil5":0.975,"dil6":0.875,"rots":[15,-5,-25,5,25,-15],"dils":[1.075,1.125,0.925,1.025,0.975,0.875]},{"id":"gen2","loop_number":1,"shape":0,"outlier_type":"NA","choice":1,"outlierPosition":1,"success":true,"majorityOfMostRegularShapes":false,"rt":1322,"rot1":-5,"rot2":5,"rot3":15,"rot4":25,"rot5":-15,"rot6":-25,"dil1":0.925,"dil2":1.075,"dil3":0.875,"dil4":1.025,"dil5":1.125,"dil6":0.975,"rots":[-5,5,15,25,-15,-25],"dils":[0.925,1.075,0.875,1.025,1.125,0.975]},{"id":"gen2","loop_number":1,"shape":2,"outlier_type":"NA","choice":3,"outlierPosition":3,"success":true,"majorityOfMostRegularShapes":false,"rt":1524,"rot1":-25,"rot2":15,"rot3":5,"rot4":-15,"rot5":25,"rot6":-5,"dil1":1.025,"dil2":0.925,"dil3":0.975,"dil4":1.075,"dil5":0.875,"dil6":1.125,"rots":[-25,15,5,-15,25,-5],"dils":[1.025,0.925,0.975,1.075,0.875,1.125]},{"id":"gen2","loop_number":1,"shape":0,"outlier_type":"NA","choice":0,"outlierPosition":0,"success":true,"majorityOfMostRegularShapes":false,"rt":1067,"rot1":-15,"rot2":-25,"rot3":25,"rot4":5,"rot5":-5,"rot6":15,"dil1":1.075,"dil2":1.025,"dil3":0.875,"dil4":0.975,"dil5":1.125,"dil6":0.925,"rots":[-15,-25,25,5,-5,15],"dils":[1.075,1.025,0.875,0.975,1.125,0.925]},{"id":"gen2","loop_number":1,"shape":1,"outlier_type":"NA","choice":4,"outlierPosition":4,"success":true,"majorityOfMostRegularShapes":false,"rt":1073,"rot1":5,"rot2":-25,"rot3":15,"rot4":-15,"rot5":-5,"rot6":25,"dil1":1.075,"dil2":1.125,"dil3":1.025,"dil4":0.875,"dil5":0.975,"dil6":0.925,"rots":[5,-25,15,-15,-5,25],"dils":[1.075,1.125,1.025,0.875,0.975,0.925]},{"id":"gen2","loop_number":1,"shape":0,"outlier_type":"NA","choice":4,"outlierPosition":4,"success":true,"majorityOfMostRegularShapes":false,"rt":1119,"rot1":-5,"rot2":15,"rot3":25,"rot4":-15,"rot5":-25,"rot6":5,"dil1":1.125,"dil2":1.075,"dil3":0.875,"dil4":0.975,"dil5":0.925,"dil6":1.025,"rots":[-5,15,25,-15,-25,5],"dils":[1.125,1.075,0.875,0.975,0.925,1.025]},{"id":"gen2","loop_number":1,"shape":1,"outlier_type":"NA","choice":5,"outlierPosition":5,"success":true,"majorityOfMostRegularShapes":true,"rt":1293,"rot1":-25,"rot2":15,"rot3":5,"rot4":-15,"rot5":-5,"rot6":25,"dil1":0.925,"dil2":1.025,"dil3":0.975,"dil4":0.875,"dil5":1.075,"dil6":1.125,"rots":[-25,15,5,-15,-5,25],"dils":[0.925,1.025,0.975,0.875,1.075,1.125]},{"id":"gen2","loop_number":1,"shape":2,"outlier_type":"NA","choice":2,"outlierPosition":2,"success":true,"majorityOfMostRegularShapes":true,"rt":1124,"rot1":-15,"rot2":5,"rot3":-5,"rot4":25,"rot5":15,"rot6":-25,"dil1":0.875,"dil2":1.025,"dil3":0.975,"dil4":0.925,"dil5":1.075,"dil6":1.125,"rots":[-15,5,-5,25,15,-25],"dils":[0.875,1.025,0.975,0.925,1.075,1.125]},{"id":"gen2","loop_number":1,"shape":1,"outlier_type":"NA","choice":5,"outlierPosition":5,"success":true,"majorityOfMostRegularShapes":true,"rt":1001,"rot1":-15,"rot2":15,"rot3":-25,"rot4":5,"rot5":-5,"rot6":25,"dil1":0.975,"dil2":0.925,"dil3":1.075,"dil4":1.125,"dil5":0.875,"dil6":1.025,"rots":[-15,15,-25,5,-5,25],"dils":[0.975,0.925,1.075,1.125,0.875,1.025]},{"id":"gen2","loop_number":1,"shape":0,"outlier_type":"NA","choice":5,"outlierPosition":5,"success":true,"majorityOfMostRegularShapes":true,"rt":1523,"rot1":-25,"rot2":25,"rot3":5,"rot4":15,"rot5":-15,"rot6":-5,"dil1":1.075,"dil2":0.975,"dil3":0.925,"dil4":1.125,"dil5":1.025,"dil6":0.875,"rots":[-25,25,5,15,-15,-5],"dils":[1.075,0.975,0.925,1.125,1.025,0.875]},{"id":"gen2","loop_number":1,"shape":2,"outlier_type":"NA","choice":4,"outlierPosition":4,"success":true,"majorityOfMostRegularShapes":true,"rt":1288,"rot1":-5,"rot2":25,"rot3":-15,"rot4":15,"rot5":5,"rot6":-25,"dil1":1.025,"dil2":0.925,"dil3":1.075,"dil4":0.875,"dil5":0.975,"dil6":1.125,"rots":[-5,25,-15,15,5,-25],"dils":[1.025,0.925,1.075,0.875,0.975,1.125]}],"trial_type":"oddball-grid-easy","trial_index":4,"time_elapsed":380918,"internal_node_id":"0.0-4.0","score":0.5454545454545454,"early_termination":false},{"results":[{"id":"test","shape":"isoTrapezoid","outlier_type":2,"choice":3,"outlierPosition":3,"success":true,"majorityOfMostRegularShapes":true,"rt":2742,"rot1":-5,"rot2":25,"rot3":5,"rot4":-25,"rot5":15,"rot6":-15,"dil1":0.925,"dil2":1.125,"dil3":0.975,"dil4":0.875,"dil5":1.075,"dil6":1.025,"rots":[-5,25,5,-25,15,-15],"dils":[0.925,1.125,0.975,0.875,1.075,1.025]},{"id":"test","shape":"rightKite","outlier_type":3,"choice":2,"outlierPosition":0,"success":false,"majorityOfMostRegularShapes":true,"rt":2484,"rot1":15,"rot2":-5,"rot3":25,"rot4":-15,"rot5":5,"rot6":-25,"dil1":1.125,"dil2":0.925,"dil3":0.875,"dil4":1.075,"dil5":1.025,"dil6":0.975,"rots":[15,-5,25,-15,5,-25],"dils":[1.125,0.925,0.875,1.075,1.025,0.975]},{"id":"test","shape":"rustedHinge","outlier_type":1,"choice":1,"outlierPosition":3,"success":false,"majorityOfMostRegularShapes":true,"rt":3719,"rot1":-5,"rot2":-25,"rot3":-15,"rot4":15,"rot5":25,"rot6":5,"dil1":0.975,"dil2":0.925,"dil3":0.875,"dil4":1.125,"dil5":1.025,"dil6":1.075,"rots":[-5,-25,-15,15,25,5],"dils":[0.975,0.925,0.875,1.125,1.025,1.075]},{"id":"test","shape":"rightKite","outlier_type":3,"choice":4,"outlierPosition":5,"success":false,"majorityOfMostRegularShapes":false,"rt":3586,"rot1":-5,"rot2":-15,"rot3":25,"rot4":5,"rot5":15,"rot6":-25,"dil1":0.975,"dil2":1.075,"dil3":0.925,"dil4":0.875,"dil5":1.125,"dil6":1.025,"rots":[-5,-15,25,5,15,-25],"dils":[0.975,1.075,0.925,0.875,1.125,1.025]},{"id":"test","shape":"losange","outlier_type":2,"choice":3,"outlierPosition":3,"success":true,"majorityOfMostRegularShapes":true,"rt":4148,"rot1":-5,"rot2":-15,"rot3":-25,"rot4":25,"rot5":15,"rot6":5,"dil1":0.975,"dil2":1.125,"dil3":1.075,"dil4":1.025,"dil5":0.925,"dil6":0.875,"rots":[-5,-15,-25,25,15,5],"dils":[0.975,1.125,1.075,1.025,0.925,0.875]},{"id":"test","shape":"parallelogram","outlier_type":3,"choice":4,"outlierPosition":4,"success":true,"majorityOfMostRegularShapes":true,"rt":2012,"rot1":5,"rot2":15,"rot3":25,"rot4":-5,"rot5":-25,"rot6":-15,"dil1":0.925,"dil2":1.025,"dil3":0.975,"dil4":0.875,"dil5":1.125,"dil6":1.075,"rots":[5,15,25,-5,-25,-15],"dils":[0.925,1.025,0.975,0.875,1.125,1.075]},{"id":"test","shape":"isoTrapezoid","outlier_type":1,"choice":2,"outlierPosition":1,"success":false,"majorityOfMostRegularShapes":true,"rt":2752,"rot1":5,"rot2":-25,"rot3":-15,"rot4":25,"rot5":-5,"rot6":15,"dil1":1.075,"dil2":0.975,"dil3":0.875,"dil4":0.925,"dil5":1.025,"dil6":1.125,"rots":[5,-25,-15,25,-5,15],"dils":[1.075,0.975,0.875,0.925,1.025,1.125]},{"id":"test","shape":"rustedHinge","outlier_type":0,"choice":1,"outlierPosition":1,"success":true,"majorityOfMostRegularShapes":true,"rt":5391,"rot1":-25,"rot2":25,"rot3":-15,"rot4":5,"rot5":15,"rot6":-5,"dil1":1.125,"dil2":0.875,"dil3":1.025,"dil4":0.975,"dil5":0.925,"dil6":1.075,"rots":[-25,25,-15,5,15,-5],"dils":[1.125,0.875,1.025,0.975,0.925,1.075]},{"id":"test","shape":"isoTrapezoid","outlier_type":2,"choice":1,"outlierPosition":4,"success":false,"majorityOfMostRegularShapes":false,"rt":4097,"rot1":15,"rot2":-25,"rot3":5,"rot4":25,"rot5":-5,"rot6":-15,"dil1":0.925,"dil2":1.125,"dil3":1.075,"dil4":1.025,"dil5":0.875,"dil6":0.975,"rots":[15,-25,5,25,-5,-15],"dils":[0.925,1.125,1.075,1.025,0.875,0.975]},{"id":"test","shape":"trapezoid","outlier_type":1,"choice":1,"outlierPosition":1,"success":true,"majorityOfMostRegularShapes":true,"rt":4215,"rot1":-5,"rot2":15,"rot3":-15,"rot4":-25,"rot5":25,"rot6":5,"dil1":1.125,"dil2":0.875,"dil3":1.075,"dil4":0.975,"dil5":0.925,"dil6":1.025,"rots":[-5,15,-15,-25,25,5],"dils":[1.125,0.875,1.075,0.975,0.925,1.025]},{"id":"test","shape":"losange","outlier_type":0,"choice":3,"outlierPosition":4,"success":false,"majorityOfMostRegularShapes":true,"rt":5202,"rot1":25,"rot2":5,"rot3":15,"rot4":-15,"rot5":-25,"rot6":-5,"dil1":1.075,"dil2":0.875,"dil3":0.925,"dil4":1.125,"dil5":1.025,"dil6":0.975,"rots":[25,5,15,-15,-25,-5],"dils":[1.075,0.875,0.925,1.125,1.025,0.975]},{"id":"test","shape":"square","outlier_type":2,"choice":3,"outlierPosition":3,"success":true,"majorityOfMostRegularShapes":false,"rt":4981,"rot1":25,"rot2":-5,"rot3":-15,"rot4":15,"rot5":5,"rot6":-25,"dil1":0.925,"dil2":1.075,"dil3":0.975,"dil4":1.125,"dil5":0.875,"dil6":1.025,"rots":[25,-5,-15,15,5,-25],"dils":[0.925,1.075,0.975,1.125,0.875,1.025]},{"id":"test","shape":"rectangle","outlier_type":1,"choice":1,"outlierPosition":1,"success":true,"majorityOfMostRegularShapes":false,"rt":4458,"rot1":-5,"rot2":25,"rot3":-25,"rot4":-15,"rot5":15,"rot6":5,"dil1":0.975,"dil2":1.075,"dil3":0.925,"dil4":1.025,"dil5":1.125,"dil6":0.875,"rots":[-5,25,-25,-15,15,5],"dils":[0.975,1.075,0.925,1.025,1.125,0.875]},{"id":"test","shape":"kite","outlier_type":0,"choice":0,"outlierPosition":2,"success":false,"majorityOfMostRegularShapes":false,"rt":6735,"rot1":25,"rot2":5,"rot3":-25,"rot4":-15,"rot5":15,"rot6":-5,"dil1":0.875,"dil2":0.925,"dil3":1.075,"dil4":1.125,"dil5":0.975,"dil6":1.025,"rots":[25,5,-25,-15,15,-5],"dils":[0.875,0.925,1.075,1.125,0.975,1.025]},{"id":"test","shape":"isoTrapezoid","outlier_type":3,"choice":2,"outlierPosition":0,"success":false,"majorityOfMostRegularShapes":false,"rt":6555,"rot1":25,"rot2":5,"rot3":-15,"rot4":15,"rot5":-5,"rot6":-25,"dil1":0.975,"dil2":1.075,"dil3":0.875,"dil4":1.025,"dil5":1.125,"dil6":0.925,"rots":[25,5,-15,15,-5,-25],"dils":[0.975,1.075,0.875,1.025,1.125,0.925]},{"id":"test","shape":"rightKite","outlier_type":1,"choice":0,"outlierPosition":4,"success":false,"majorityOfMostRegularShapes":false,"rt":2303,"rot1":-5,"rot2":5,"rot3":15,"rot4":-25,"rot5":25,"rot6":-15,"dil1":0.875,"dil2":0.925,"dil3":1.075,"dil4":1.025,"dil5":0.975,"dil6":1.125,"rots":[-5,5,15,-25,25,-15],"dils":[0.875,0.925,1.075,1.025,0.975,1.125]},{"id":"test","shape":"hinge","outlier_type":0,"choice":3,"outlierPosition":0,"success":false,"majorityOfMostRegularShapes":false,"rt":4994,"rot1":-25,"rot2":-5,"rot3":25,"rot4":5,"rot5":15,"rot6":-15,"dil1":1.025,"dil2":0.925,"dil3":1.075,"dil4":0.875,"dil5":1.125,"dil6":0.975,"rots":[-25,-5,25,5,15,-15],"dils":[1.025,0.925,1.075,0.875,1.125,0.975]},{"id":"test","shape":"isoTrapezoid","outlier_type":0,"choice":3,"outlierPosition":3,"success":true,"majorityOfMostRegularShapes":true,"rt":6183,"rot1":15,"rot2":-15,"rot3":25,"rot4":5,"rot5":-5,"rot6":-25,"dil1":0.875,"dil2":1.075,"dil3":0.925,"dil4":0.975,"dil5":1.025,"dil6":1.125,"rots":[15,-15,25,5,-5,-25],"dils":[0.875,1.075,0.925,0.975,1.025,1.125]},{"id":"test","shape":"random","outlier_type":2,"choice":1,"outlierPosition":1,"success":true,"majorityOfMostRegularShapes":true,"rt":8675,"rot1":-25,"rot2":25,"rot3":-5,"rot4":-15,"rot5":15,"rot6":5,"dil1":1.025,"dil2":0.875,"dil3":1.125,"dil4":0.925,"dil5":0.975,"dil6":1.075,"rots":[-25,25,-5,-15,15,5],"dils":[1.025,0.875,1.125,0.925,0.975,1.075]},{"id":"test","shape":"square","outlier_type":3,"choice":5,"outlierPosition":5,"success":true,"majorityOfMostRegularShapes":true,"rt":3551,"rot1":15,"rot2":25,"rot3":-25,"rot4":-15,"rot5":5,"rot6":-5,"dil1":1.125,"dil2":1.025,"dil3":1.075,"dil4":0.925,"dil5":0.875,"dil6":0.975,"rots":[15,25,-25,-15,5,-5],"dils":[1.125,1.025,1.075,0.925,0.875,0.975]},{"id":"test","shape":"kite","outlier_type":2,"choice":0,"outlierPosition":0,"success":true,"majorityOfMostRegularShapes":true,"rt":5060,"rot1":-15,"rot2":-5,"rot3":25,"rot4":-25,"rot5":5,"rot6":15,"dil1":1.075,"dil2":0.975,"dil3":0.925,"dil4":1.125,"dil5":0.875,"dil6":1.025,"rots":[-15,-5,25,-25,5,15],"dils":[1.075,0.975,0.925,1.125,0.875,1.025]},{"id":"test","shape":"losange","outlier_type":3,"choice":1,"outlierPosition":1,"success":true,"majorityOfMostRegularShapes":false,"rt":3862,"rot1":25,"rot2":5,"rot3":-5,"rot4":15,"rot5":-25,"rot6":-15,"dil1":1.025,"dil2":1.075,"dil3":0.875,"dil4":0.975,"dil5":1.125,"dil6":0.925,"rots":[25,5,-5,15,-25,-15],"dils":[1.025,1.075,0.875,0.975,1.125,0.925]},{"id":"test","shape":"kite","outlier_type":2,"choice":2,"outlierPosition":2,"success":true,"majorityOfMostRegularShapes":false,"rt":5998,"rot1":5,"rot2":15,"rot3":-15,"rot4":-5,"rot5":25,"rot6":-25,"dil1":1.075,"dil2":0.875,"dil3":1.025,"dil4":1.125,"dil5":0.975,"dil6":0.925,"rots":[5,15,-15,-5,25,-25],"dils":[1.075,0.875,1.025,1.125,0.975,0.925]},{"id":"test","shape":"rightKite","outlier_type":1,"choice":0,"outlierPosition":0,"success":true,"majorityOfMostRegularShapes":true,"rt":3930,"rot1":-5,"rot2":25,"rot3":5,"rot4":-15,"rot5":-25,"rot6":15,"dil1":0.925,"dil2":0.975,"dil3":0.875,"dil4":1.025,"dil5":1.125,"dil6":1.075,"rots":[-5,25,5,-15,-25,15],"dils":[0.925,0.975,0.875,1.025,1.125,1.075]},{"id":"test","shape":"trapezoid","outlier_type":3,"choice":0,"outlierPosition":2,"success":false,"majorityOfMostRegularShapes":false,"rt":5985,"rot1":5,"rot2":25,"rot3":15,"rot4":-25,"rot5":-5,"rot6":-15,"dil1":0.875,"dil2":0.925,"dil3":1.075,"dil4":1.125,"dil5":0.975,"dil6":1.025,"rots":[5,25,15,-25,-5,-15],"dils":[0.875,0.925,1.075,1.125,0.975,1.025]},{"id":"test","shape":"square","outlier_type":0,"choice":4,"outlierPosition":4,"success":true,"majorityOfMostRegularShapes":false,"rt":6000,"rot1":-5,"rot2":5,"rot3":15,"rot4":25,"rot5":-25,"rot6":-15,"dil1":0.975,"dil2":1.025,"dil3":0.925,"dil4":0.875,"dil5":1.125,"dil6":1.075,"rots":[-5,5,15,25,-25,-15],"dils":[0.975,1.025,0.925,0.875,1.125,1.075]},{"id":"test","shape":"square","outlier_type":3,"choice":4,"outlierPosition":5,"success":false,"majorityOfMostRegularShapes":false,"rt":3670,"rot1":5,"rot2":-15,"rot3":15,"rot4":-5,"rot5":25,"rot6":-25,"dil1":1.025,"dil2":0.925,"dil3":1.075,"dil4":0.975,"dil5":0.875,"dil6":1.125,"rots":[5,-15,15,-5,25,-25],"dils":[1.025,0.925,1.075,0.975,0.875,1.125]},{"id":"test","shape":"trapezoid","outlier_type":2,"choice":1,"outlierPosition":1,"success":true,"majorityOfMostRegularShapes":true,"rt":4161,"rot1":15,"rot2":-15,"rot3":25,"rot4":-25,"rot5":5,"rot6":-5,"dil1":1.075,"dil2":1.025,"dil3":1.125,"dil4":0.975,"dil5":0.925,"dil6":0.875,"rots":[15,-15,25,-25,5,-5],"dils":[1.075,1.025,1.125,0.975,0.925,0.875]},{"id":"test","shape":"kite","outlier_type":0,"choice":2,"outlierPosition":2,"success":true,"majorityOfMostRegularShapes":true,"rt":4453,"rot1":-15,"rot2":-25,"rot3":25,"rot4":15,"rot5":5,"rot6":-5,"dil1":1.075,"dil2":0.975,"dil3":0.875,"dil4":0.925,"dil5":1.125,"dil6":1.025,"rots":[-15,-25,25,15,5,-5],"dils":[1.075,0.975,0.875,0.925,1.125,1.025]},{"id":"test","shape":"trapezoid","outlier_type":2,"choice":4,"outlierPosition":3,"success":false,"majorityOfMostRegularShapes":false,"rt":2059,"rot1":-5,"rot2":5,"rot3":-25,"rot4":-15,"rot5":15,"rot6":25,"dil1":0.925,"dil2":1.075,"dil3":0.975,"dil4":1.125,"dil5":0.875,"dil6":1.025,"rots":[-5,5,-25,-15,15,25],"dils":[0.925,1.075,0.975,1.125,0.875,1.025]},{"id":"test","shape":"losange","outlier_type":3,"choice":3,"outlierPosition":3,"success":true,"majorityOfMostRegularShapes":true,"rt":3114,"rot1":15,"rot2":-5,"rot3":-25,"rot4":25,"rot5":-15,"rot6":5,"dil1":1.125,"dil2":0.875,"dil3":0.975,"dil4":0.925,"dil5":1.025,"dil6":1.075,"rots":[15,-5,-25,25,-15,5],"dils":[1.125,0.875,0.975,0.925,1.025,1.075]},{"id":"test","shape":"rectangle","outlier_type":2,"choice":0,"outlierPosition":1,"success":false,"majorityOfMostRegularShapes":false,"rt":4184,"rot1":15,"rot2":-25,"rot3":-5,"rot4":5,"rot5":-15,"rot6":25,"dil1":0.875,"dil2":1.025,"dil3":1.075,"dil4":0.975,"dil5":0.925,"dil6":1.125,"rots":[15,-25,-5,5,-15,25],"dils":[0.875,1.025,1.075,0.975,0.925,1.125]},{"id":"test","shape":"isoTrapezoid","outlier_type":1,"choice":0,"outlierPosition":0,"success":true,"majorityOfMostRegularShapes":false,"rt":4410,"rot1":-5,"rot2":-25,"rot3":25,"rot4":-15,"rot5":15,"rot6":5,"dil1":1.025,"dil2":0.875,"dil3":1.075,"dil4":0.925,"dil5":0.975,"dil6":1.125,"rots":[-5,-25,25,-15,15,5],"dils":[1.025,0.875,1.075,0.925,0.975,1.125]},{"id":"test","shape":"random","outlier_type":0,"choice":2,"outlierPosition":5,"success":false,"majorityOfMostRegularShapes":false,"rt":3345,"rot1":-5,"rot2":-25,"rot3":15,"rot4":25,"rot5":5,"rot6":-15,"dil1":1.075,"dil2":0.925,"dil3":1.125,"dil4":1.025,"dil5":0.875,"dil6":0.975,"rots":[-5,-25,15,25,5,-15],"dils":[1.075,0.925,1.125,1.025,0.875,0.975]},{"id":"test","shape":"parallelogram","outlier_type":3,"choice":2,"outlierPosition":5,"success":false,"majorityOfMostRegularShapes":false,"rt":6466,"rot1":25,"rot2":-25,"rot3":15,"rot4":-15,"rot5":-5,"rot6":5,"dil1":1.025,"dil2":1.075,"dil3":0.875,"dil4":1.125,"dil5":0.975,"dil6":0.925,"rots":[25,-25,15,-15,-5,5],"dils":[1.025,1.075,0.875,1.125,0.975,0.925]},{"id":"test","shape":"rightKite","outlier_type":2,"choice":5,"outlierPosition":5,"success":true,"majorityOfMostRegularShapes":false,"rt":6182,"rot1":5,"rot2":-5,"rot3":-25,"rot4":-15,"rot5":15,"rot6":25,"dil1":0.925,"dil2":0.875,"dil3":0.975,"dil4":1.125,"dil5":1.075,"dil6":1.025,"rots":[5,-5,-25,-15,15,25],"dils":[0.925,0.875,0.975,1.125,1.075,1.025]},{"id":"test","shape":"rectangle","outlier_type":1,"choice":0,"outlierPosition":0,"success":true,"majorityOfMostRegularShapes":true,"rt":1693,"rot1":25,"rot2":5,"rot3":-5,"rot4":-15,"rot5":15,"rot6":-25,"dil1":0.975,"dil2":0.875,"dil3":1.025,"dil4":0.925,"dil5":1.125,"dil6":1.075,"rots":[25,5,-5,-15,15,-25],"dils":[0.975,0.875,1.025,0.925,1.125,1.075]},{"id":"test","shape":"random","outlier_type":3,"choice":0,"outlierPosition":4,"success":false,"majorityOfMostRegularShapes":true,"rt":6831,"rot1":-5,"rot2":-25,"rot3":-15,"rot4":25,"rot5":15,"rot6":5,"dil1":1.125,"dil2":0.875,"dil3":1.075,"dil4":0.975,"dil5":0.925,"dil6":1.025,"rots":[-5,-25,-15,25,15,5],"dils":[1.125,0.875,1.075,0.975,0.925,1.025]},{"id":"test","shape":"square","outlier_type":0,"choice":2,"outlierPosition":2,"success":true,"majorityOfMostRegularShapes":true,"rt":2321,"rot1":5,"rot2":25,"rot3":15,"rot4":-5,"rot5":-15,"rot6":-25,"dil1":1.125,"dil2":0.925,"dil3":0.975,"dil4":1.075,"dil5":1.025,"dil6":0.875,"rots":[5,25,15,-5,-15,-25],"dils":[1.125,0.925,0.975,1.075,1.025,0.875]},{"id":"test","shape":"parallelogram","outlier_type":1,"choice":5,"outlierPosition":4,"success":false,"majorityOfMostRegularShapes":false,"rt":8247,"rot1":-15,"rot2":5,"rot3":15,"rot4":-25,"rot5":25,"rot6":-5,"dil1":0.975,"dil2":1.075,"dil3":0.875,"dil4":1.125,"dil5":0.925,"dil6":1.025,"rots":[-15,5,15,-25,25,-5],"dils":[0.975,1.075,0.875,1.125,0.925,1.025]},{"id":"test","shape":"isoTrapezoid","outlier_type":0,"choice":3,"outlierPosition":3,"success":true,"majorityOfMostRegularShapes":false,"rt":7000,"rot1":15,"rot2":25,"rot3":-5,"rot4":5,"rot5":-15,"rot6":-25,"dil1":0.975,"dil2":0.875,"dil3":0.925,"dil4":1.025,"dil5":1.075,"dil6":1.125,"rots":[15,25,-5,5,-15,-25],"dils":[0.975,0.875,0.925,1.025,1.075,1.125]},{"id":"test","shape":"square","outlier_type":1,"choice":0,"outlierPosition":0,"success":true,"majorityOfMostRegularShapes":true,"rt":1514,"rot1":-15,"rot2":5,"rot3":-5,"rot4":-25,"rot5":25,"rot6":15,"dil1":0.925,"dil2":1.025,"dil3":0.875,"dil4":1.075,"dil5":1.125,"dil6":0.975,"rots":[-15,5,-5,-25,25,15],"dils":[0.925,1.025,0.875,1.075,1.125,0.975]},{"id":"test","shape":"losange","outlier_type":0,"choice":2,"outlierPosition":4,"success":false,"majorityOfMostRegularShapes":false,"rt":7908,"rot1":-15,"rot2":15,"rot3":5,"rot4":-5,"rot5":25,"rot6":-25,"dil1":1.025,"dil2":0.875,"dil3":1.125,"dil4":0.975,"dil5":1.075,"dil6":0.925,"rots":[-15,15,5,-5,25,-25],"dils":[1.025,0.875,1.125,0.975,1.075,0.925]},{"id":"test","shape":"kite","outlier_type":1,"choice":1,"outlierPosition":5,"success":false,"majorityOfMostRegularShapes":true,"rt":8715,"rot1":-25,"rot2":5,"rot3":-15,"rot4":-5,"rot5":25,"rot6":15,"dil1":1.125,"dil2":1.075,"dil3":0.975,"dil4":0.925,"dil5":1.025,"dil6":0.875,"rots":[-25,5,-15,-5,25,15],"dils":[1.125,1.075,0.975,0.925,1.025,0.875]},{"id":"test","shape":"rightKite","outlier_type":0,"choice":5,"outlierPosition":4,"success":false,"majorityOfMostRegularShapes":false,"rt":12473,"rot1":-5,"rot2":25,"rot3":15,"rot4":-15,"rot5":5,"rot6":-25,"dil1":1.075,"dil2":0.975,"dil3":1.025,"dil4":1.125,"dil5":0.875,"dil6":0.925,"rots":[-5,25,15,-15,5,-25],"dils":[1.075,0.975,1.025,1.125,0.875,0.925]},{"id":"test","shape":"kite","outlier_type":1,"choice":5,"outlierPosition":4,"success":false,"majorityOfMostRegularShapes":false,"rt":12338,"rot1":-5,"rot2":-15,"rot3":15,"rot4":-25,"rot5":5,"rot6":25,"dil1":0.875,"dil2":0.925,"dil3":0.975,"dil4":1.075,"dil5":1.025,"dil6":1.125,"rots":[-5,-15,15,-25,5,25],"dils":[0.875,0.925,0.975,1.075,1.025,1.125]},{"id":"test","shape":"hinge","outlier_type":2,"choice":5,"outlierPosition":5,"success":true,"majorityOfMostRegularShapes":true,"rt":2027,"rot1":-25,"rot2":5,"rot3":15,"rot4":-5,"rot5":-15,"rot6":25,"dil1":1.125,"dil2":1.025,"dil3":0.875,"dil4":0.975,"dil5":1.075,"dil6":0.925,"rots":[-25,5,15,-5,-15,25],"dils":[1.125,1.025,0.875,0.975,1.075,0.925]},{"id":"test","shape":"hinge","outlier_type":1,"choice":0,"outlierPosition":3,"success":false,"majorityOfMostRegularShapes":false,"rt":11750,"rot1":-5,"rot2":25,"rot3":5,"rot4":15,"rot5":-25,"rot6":-15,"dil1":1.025,"dil2":1.125,"dil3":0.925,"dil4":0.875,"dil5":0.975,"dil6":1.075,"rots":[-5,25,5,15,-25,-15],"dils":[1.025,1.125,0.925,0.875,0.975,1.075]},{"id":"test","shape":"isoTrapezoid","outlier_type":3,"choice":2,"outlierPosition":5,"success":false,"majorityOfMostRegularShapes":true,"rt":5654,"rot1":-5,"rot2":15,"rot3":-25,"rot4":-15,"rot5":5,"rot6":25,"dil1":0.925,"dil2":1.125,"dil3":0.875,"dil4":0.975,"dil5":1.075,"dil6":1.025,"rots":[-5,15,-25,-15,5,25],"dils":[0.925,1.125,0.875,0.975,1.075,1.025]},{"id":"test","shape":"parallelogram","outlier_type":1,"choice":5,"outlierPosition":4,"success":false,"majorityOfMostRegularShapes":true,"rt":6149,"rot1":5,"rot2":25,"rot3":15,"rot4":-5,"rot5":-15,"rot6":-25,"dil1":1.125,"dil2":0.975,"dil3":1.075,"dil4":0.875,"dil5":1.025,"dil6":0.925,"rots":[5,25,15,-5,-15,-25],"dils":[1.125,0.975,1.075,0.875,1.025,0.925]},{"id":"test","shape":"rectangle","outlier_type":3,"choice":0,"outlierPosition":0,"success":true,"majorityOfMostRegularShapes":false,"rt":7790,"rot1":-15,"rot2":25,"rot3":-25,"rot4":15,"rot5":-5,"rot6":5,"dil1":0.925,"dil2":1.025,"dil3":1.075,"dil4":0.875,"dil5":1.125,"dil6":0.975,"rots":[-15,25,-25,15,-5,5],"dils":[0.925,1.025,1.075,0.875,1.125,0.975]},{"id":"test","shape":"hinge","outlier_type":0,"choice":3,"outlierPosition":1,"success":false,"majorityOfMostRegularShapes":true,"rt":13689,"rot1":-25,"rot2":-15,"rot3":-5,"rot4":25,"rot5":15,"rot6":5,"dil1":1.075,"dil2":1.025,"dil3":1.125,"dil4":0.875,"dil5":0.925,"dil6":0.975,"rots":[-25,-15,-5,25,15,5],"dils":[1.075,1.025,1.125,0.875,0.925,0.975]},{"id":"test","shape":"square","outlier_type":2,"choice":5,"outlierPosition":5,"success":true,"majorityOfMostRegularShapes":true,"rt":1347,"rot1":15,"rot2":-5,"rot3":-15,"rot4":5,"rot5":25,"rot6":-25,"dil1":0.975,"dil2":1.125,"dil3":1.075,"dil4":0.925,"dil5":1.025,"dil6":0.875,"rots":[15,-5,-15,5,25,-25],"dils":[0.975,1.125,1.075,0.925,1.025,0.875]},{"id":"test","shape":"random","outlier_type":1,"choice":1,"outlierPosition":1,"success":true,"majorityOfMostRegularShapes":false,"rt":6413,"rot1":-15,"rot2":5,"rot3":-5,"rot4":-25,"rot5":15,"rot6":25,"dil1":0.975,"dil2":0.925,"dil3":1.125,"dil4":1.025,"dil5":1.075,"dil6":0.875,"rots":[-15,5,-5,-25,15,25],"dils":[0.975,0.925,1.125,1.025,1.075,0.875]},{"id":"test","shape":"parallelogram","outlier_type":2,"choice":5,"outlierPosition":5,"success":true,"majorityOfMostRegularShapes":true,"rt":8344,"rot1":5,"rot2":25,"rot3":-5,"rot4":15,"rot5":-15,"rot6":-25,"dil1":1.125,"dil2":0.875,"dil3":0.925,"dil4":0.975,"dil5":1.075,"dil6":1.025,"rots":[5,25,-5,15,-15,-25],"dils":[1.125,0.875,0.925,0.975,1.075,1.025]},{"id":"test","shape":"hinge","outlier_type":3,"choice":0,"outlierPosition":3,"success":false,"majorityOfMostRegularShapes":false,"rt":8165,"rot1":-25,"rot2":25,"rot3":15,"rot4":-5,"rot5":5,"rot6":-15,"dil1":1.125,"dil2":0.875,"dil3":0.975,"dil4":1.075,"dil5":1.025,"dil6":0.925,"rots":[-25,25,15,-5,5,-15],"dils":[1.125,0.875,0.975,1.075,1.025,0.925]},{"id":"test","shape":"losange","outlier_type":1,"choice":5,"outlierPosition":5,"success":true,"majorityOfMostRegularShapes":true,"rt":4361,"rot1":-25,"rot2":-15,"rot3":25,"rot4":15,"rot5":-5,"rot6":5,"dil1":0.875,"dil2":1.025,"dil3":0.975,"dil4":0.925,"dil5":1.125,"dil6":1.075,"rots":[-25,-15,25,15,-5,5],"dils":[0.875,1.025,0.975,0.925,1.125,1.075]},{"id":"test","shape":"losange","outlier_type":2,"choice":5,"outlierPosition":5,"success":true,"majorityOfMostRegularShapes":false,"rt":6735,"rot1":-25,"rot2":-5,"rot3":5,"rot4":-15,"rot5":25,"rot6":15,"dil1":0.925,"dil2":0.875,"dil3":0.975,"dil4":1.125,"dil5":1.025,"dil6":1.075,"rots":[-25,-5,5,-15,25,15],"dils":[0.925,0.875,0.975,1.125,1.025,1.075]},{"id":"test","shape":"rightKite","outlier_type":0,"choice":3,"outlierPosition":4,"success":false,"majorityOfMostRegularShapes":true,"rt":5130,"rot1":-15,"rot2":25,"rot3":5,"rot4":15,"rot5":-5,"rot6":-25,"dil1":0.975,"dil2":0.875,"dil3":1.125,"dil4":1.025,"dil5":1.075,"dil6":0.925,"rots":[-15,25,5,15,-5,-25],"dils":[0.975,0.875,1.125,1.025,1.075,0.925]},{"id":"test","shape":"rectangle","outlier_type":2,"choice":0,"outlierPosition":0,"success":true,"majorityOfMostRegularShapes":true,"rt":3742,"rot1":-25,"rot2":-5,"rot3":-15,"rot4":15,"rot5":25,"rot6":5,"dil1":0.875,"dil2":1.025,"dil3":1.075,"dil4":1.125,"dil5":0.975,"dil6":0.925,"rots":[-25,-5,-15,15,25,5],"dils":[0.875,1.025,1.075,1.125,0.975,0.925]},{"id":"test","shape":"trapezoid","outlier_type":1,"choice":2,"outlierPosition":5,"success":false,"majorityOfMostRegularShapes":false,"rt":5889,"rot1":5,"rot2":15,"rot3":-25,"rot4":-15,"rot5":-5,"rot6":25,"dil1":1.075,"dil2":1.025,"dil3":0.875,"dil4":0.975,"dil5":0.925,"dil6":1.125,"rots":[5,15,-25,-15,-5,25],"dils":[1.075,1.025,0.875,0.975,0.925,1.125]},{"id":"test","shape":"hinge","outlier_type":3,"choice":1,"outlierPosition":3,"success":false,"majorityOfMostRegularShapes":true,"rt":11544,"rot1":5,"rot2":25,"rot3":15,"rot4":-15,"rot5":-25,"rot6":-5,"dil1":0.925,"dil2":1.075,"dil3":0.875,"dil4":1.125,"dil5":1.025,"dil6":0.975,"rots":[5,25,15,-15,-25,-5],"dils":[0.925,1.075,0.875,1.125,1.025,0.975]},{"id":"test","shape":"rectangle","outlier_type":0,"choice":1,"outlierPosition":1,"success":true,"majorityOfMostRegularShapes":true,"rt":2927,"rot1":-25,"rot2":25,"rot3":-5,"rot4":15,"rot5":-15,"rot6":5,"dil1":0.975,"dil2":1.075,"dil3":0.925,"dil4":1.025,"dil5":0.875,"dil6":1.125,"rots":[-25,25,-5,15,-15,5],"dils":[0.975,1.075,0.925,1.025,0.875,1.125]},{"id":"test","shape":"parallelogram","outlier_type":2,"choice":0,"outlierPosition":1,"success":false,"majorityOfMostRegularShapes":false,"rt":8910,"rot1":5,"rot2":-25,"rot3":25,"rot4":15,"rot5":-15,"rot6":-5,"dil1":0.875,"dil2":0.925,"dil3":1.075,"dil4":1.125,"dil5":1.025,"dil6":0.975,"rots":[5,-25,25,15,-15,-5],"dils":[0.875,0.925,1.075,1.125,1.025,0.975]},{"id":"test","shape":"rectangle","outlier_type":0,"choice":1,"outlierPosition":1,"success":true,"majorityOfMostRegularShapes":false,"rt":8911,"rot1":5,"rot2":25,"rot3":-5,"rot4":15,"rot5":-15,"rot6":-25,"dil1":0.925,"dil2":0.975,"dil3":1.025,"dil4":0.875,"dil5":1.125,"dil6":1.075,"rots":[5,25,-5,15,-15,-25],"dils":[0.925,0.975,1.025,0.875,1.125,1.075]},{"id":"test","shape":"trapezoid","outlier_type":0,"choice":5,"outlierPosition":5,"success":true,"majorityOfMostRegularShapes":true,"rt":4259,"rot1":-15,"rot2":25,"rot3":-5,"rot4":-25,"rot5":15,"rot6":5,"dil1":1.125,"dil2":1.025,"dil3":0.925,"dil4":0.975,"dil5":0.875,"dil6":1.075,"rots":[-15,25,-5,-25,15,5],"dils":[1.125,1.025,0.925,0.975,0.875,1.075]},{"id":"test","shape":"random","outlier_type":1,"choice":0,"outlierPosition":4,"success":false,"majorityOfMostRegularShapes":true,"rt":3778,"rot1":5,"rot2":-25,"rot3":15,"rot4":-15,"rot5":25,"rot6":-5,"dil1":1.125,"dil2":0.925,"dil3":1.075,"dil4":0.875,"dil5":0.975,"dil6":1.025,"rots":[5,-25,15,-15,25,-5],"dils":[1.125,0.925,1.075,0.875,0.975,1.025]},{"id":"test","shape":"parallelogram","outlier_type":0,"choice":5,"outlierPosition":5,"success":true,"majorityOfMostRegularShapes":false,"rt":9019,"rot1":25,"rot2":-15,"rot3":5,"rot4":-5,"rot5":15,"rot6":-25,"dil1":1.125,"dil2":0.975,"dil3":0.875,"dil4":1.025,"dil5":0.925,"dil6":1.075,"rots":[25,-15,5,-5,15,-25],"dils":[1.125,0.975,0.875,1.025,0.925,1.075]},{"id":"test","shape":"rustedHinge","outlier_type":3,"choice":3,"outlierPosition":3,"success":true,"majorityOfMostRegularShapes":true,"rt":7310,"rot1":25,"rot2":-5,"rot3":15,"rot4":-15,"rot5":-25,"rot6":5,"dil1":1.125,"dil2":0.925,"dil3":0.875,"dil4":1.025,"dil5":1.075,"dil6":0.975,"rots":[25,-5,15,-15,-25,5],"dils":[1.125,0.925,0.875,1.025,1.075,0.975]},{"id":"test","shape":"random","outlier_type":2,"choice":3,"outlierPosition":2,"success":false,"majorityOfMostRegularShapes":false,"rt":3943,"rot1":-25,"rot2":-5,"rot3":25,"rot4":15,"rot5":-15,"rot6":5,"dil1":0.925,"dil2":1.075,"dil3":0.875,"dil4":1.025,"dil5":0.975,"dil6":1.125,"rots":[-25,-5,25,15,-15,5],"dils":[0.925,1.075,0.875,1.025,0.975,1.125]},{"id":"test","shape":"rustedHinge","outlier_type":1,"choice":3,"outlierPosition":4,"success":false,"majorityOfMostRegularShapes":false,"rt":2362,"rot1":15,"rot2":-15,"rot3":5,"rot4":-25,"rot5":-5,"rot6":25,"dil1":0.875,"dil2":1.125,"dil3":1.075,"dil4":1.025,"dil5":0.925,"dil6":0.975,"rots":[15,-15,5,-25,-5,25],"dils":[0.875,1.125,1.075,1.025,0.925,0.975]},{"id":"test","shape":"trapezoid","outlier_type":0,"choice":2,"outlierPosition":0,"success":false,"majorityOfMostRegularShapes":false,"rt":6077,"rot1":-25,"rot2":-15,"rot3":25,"rot4":5,"rot5":15,"rot6":-5,"dil1":0.875,"dil2":0.975,"dil3":0.925,"dil4":1.025,"dil5":1.075,"dil6":1.125,"rots":[-25,-15,25,5,15,-5],"dils":[0.875,0.975,0.925,1.025,1.075,1.125]},{"id":"test","shape":"rightKite","outlier_type":2,"choice":2,"outlierPosition":3,"success":false,"majorityOfMostRegularShapes":true,"rt":5691,"rot1":-15,"rot2":15,"rot3":-25,"rot4":5,"rot5":-5,"rot6":25,"dil1":1.075,"dil2":0.875,"dil3":1.025,"dil4":1.125,"dil5":0.925,"dil6":0.975,"rots":[-15,15,-25,5,-5,25],"dils":[1.075,0.875,1.025,1.125,0.925,0.975]},{"id":"test","shape":"hinge","outlier_type":1,"choice":0,"outlierPosition":0,"success":true,"majorityOfMostRegularShapes":true,"rt":10283,"rot1":15,"rot2":-25,"rot3":5,"rot4":25,"rot5":-5,"rot6":-15,"dil1":1.125,"dil2":0.875,"dil3":1.075,"dil4":0.975,"dil5":0.925,"dil6":1.025,"rots":[15,-25,5,25,-5,-15],"dils":[1.125,0.875,1.075,0.975,0.925,1.025]},{"id":"test","shape":"rustedHinge","outlier_type":2,"choice":4,"outlierPosition":4,"success":true,"majorityOfMostRegularShapes":false,"rt":10037,"rot1":-15,"rot2":-5,"rot3":-25,"rot4":15,"rot5":5,"rot6":25,"dil1":0.975,"dil2":0.875,"dil3":1.075,"dil4":0.925,"dil5":1.125,"dil6":1.025,"rots":[-15,-5,-25,15,5,25],"dils":[0.975,0.875,1.075,0.925,1.125,1.025]},{"id":"test","shape":"square","outlier_type":1,"choice":4,"outlierPosition":4,"success":true,"majorityOfMostRegularShapes":false,"rt":4328,"rot1":15,"rot2":-15,"rot3":-5,"rot4":5,"rot5":-25,"rot6":25,"dil1":0.975,"dil2":1.075,"dil3":0.875,"dil4":1.025,"dil5":0.925,"dil6":1.125,"rots":[15,-15,-5,5,-25,25],"dils":[0.975,1.075,0.875,1.025,0.925,1.125]},{"id":"test","shape":"rustedHinge","outlier_type":3,"choice":0,"outlierPosition":1,"success":false,"majorityOfMostRegularShapes":false,"rt":5218,"rot1":-15,"rot2":-25,"rot3":5,"rot4":25,"rot5":-5,"rot6":15,"dil1":1.075,"dil2":1.125,"dil3":0.875,"dil4":0.925,"dil5":0.975,"dil6":1.025,"rots":[-15,-25,5,25,-5,15],"dils":[1.075,1.125,0.875,0.925,0.975,1.025]},{"id":"test","shape":"rectangle","outlier_type":3,"choice":5,"outlierPosition":5,"success":true,"majorityOfMostRegularShapes":true,"rt":1703,"rot1":15,"rot2":25,"rot3":-15,"rot4":5,"rot5":-25,"rot6":-5,"dil1":0.875,"dil2":1.075,"dil3":0.925,"dil4":1.125,"dil5":0.975,"dil6":1.025,"rots":[15,25,-15,5,-25,-5],"dils":[0.875,1.075,0.925,1.125,0.975,1.025]},{"id":"test","shape":"hinge","outlier_type":2,"choice":3,"outlierPosition":3,"success":true,"majorityOfMostRegularShapes":false,"rt":5423,"rot1":-5,"rot2":5,"rot3":-25,"rot4":25,"rot5":-15,"rot6":15,"dil1":0.875,"dil2":0.975,"dil3":1.125,"dil4":1.075,"dil5":1.025,"dil6":0.925,"rots":[-5,5,-25,25,-15,15],"dils":[0.875,0.975,1.125,1.075,1.025,0.925]},{"id":"test","shape":"trapezoid","outlier_type":3,"choice":5,"outlierPosition":5,"success":true,"majorityOfMostRegularShapes":true,"rt":7828,"rot1":25,"rot2":15,"rot3":5,"rot4":-15,"rot5":-5,"rot6":-25,"dil1":1.025,"dil2":0.875,"dil3":0.925,"dil4":0.975,"dil5":1.075,"dil6":1.125,"rots":[25,15,5,-15,-5,-25],"dils":[1.025,0.875,0.925,0.975,1.075,1.125]},{"id":"test","shape":"parallelogram","outlier_type":0,"choice":0,"outlierPosition":0,"success":true,"majorityOfMostRegularShapes":true,"rt":7648,"rot1":-15,"rot2":15,"rot3":-5,"rot4":25,"rot5":5,"rot6":-25,"dil1":1.025,"dil2":0.925,"dil3":0.875,"dil4":0.975,"dil5":1.075,"dil6":1.125,"rots":[-15,15,-5,25,5,-25],"dils":[1.025,0.925,0.875,0.975,1.075,1.125]},{"id":"test","shape":"random","outlier_type":3,"choice":0,"outlierPosition":0,"success":true,"majorityOfMostRegularShapes":false,"rt":7852,"rot1":5,"rot2":-25,"rot3":25,"rot4":15,"rot5":-15,"rot6":-5,"dil1":1.125,"dil2":1.025,"dil3":0.875,"dil4":1.075,"dil5":0.925,"dil6":0.975,"rots":[5,-25,25,15,-15,-5],"dils":[1.125,1.025,0.875,1.075,0.925,0.975]},{"id":"test","shape":"rustedHinge","outlier_type":2,"choice":5,"outlierPosition":5,"success":true,"majorityOfMostRegularShapes":true,"rt":2679,"rot1":-5,"rot2":5,"rot3":25,"rot4":15,"rot5":-15,"rot6":-25,"dil1":0.875,"dil2":0.975,"dil3":1.075,"dil4":0.925,"dil5":1.025,"dil6":1.125,"rots":[-5,5,25,15,-15,-25],"dils":[0.875,0.975,1.075,0.925,1.025,1.125]},{"id":"test","shape":"kite","outlier_type":3,"choice":2,"outlierPosition":2,"success":true,"majorityOfMostRegularShapes":false,"rt":3423,"rot1":5,"rot2":-15,"rot3":-25,"rot4":25,"rot5":-5,"rot6":15,"dil1":1.025,"dil2":0.925,"dil3":0.875,"dil4":1.075,"dil5":0.975,"dil6":1.125,"rots":[5,-15,-25,25,-5,15],"dils":[1.025,0.925,0.875,1.075,0.975,1.125]},{"id":"test","shape":"rustedHinge","outlier_type":0,"choice":2,"outlierPosition":2,"success":true,"majorityOfMostRegularShapes":false,"rt":3966,"rot1":25,"rot2":5,"rot3":15,"rot4":-5,"rot5":-25,"rot6":-15,"dil1":1.075,"dil2":0.975,"dil3":0.875,"dil4":1.125,"dil5":1.025,"dil6":0.925,"rots":[25,5,15,-5,-25,-15],"dils":[1.075,0.975,0.875,1.125,1.025,0.925]},{"id":"test","shape":"kite","outlier_type":3,"choice":2,"outlierPosition":1,"success":false,"majorityOfMostRegularShapes":true,"rt":2427,"rot1":-5,"rot2":-25,"rot3":15,"rot4":25,"rot5":-15,"rot6":5,"dil1":1.125,"dil2":1.075,"dil3":0.975,"dil4":0.925,"dil5":0.875,"dil6":1.025,"rots":[-5,-25,15,25,-15,5],"dils":[1.125,1.075,0.975,0.925,0.875,1.025]},{"id":"test","shape":"random","outlier_type":0,"choice":2,"outlierPosition":0,"success":false,"majorityOfMostRegularShapes":true,"rt":2835,"rot1":-25,"rot2":-15,"rot3":25,"rot4":-5,"rot5":5,"rot6":15,"dil1":0.875,"dil2":0.925,"dil3":0.975,"dil4":1.125,"dil5":1.025,"dil6":1.075,"rots":[-25,-15,25,-5,5,15],"dils":[0.875,0.925,0.975,1.125,1.025,1.075]},{"id":"test","shape":"losange","outlier_type":1,"choice":0,"outlierPosition":1,"success":false,"majorityOfMostRegularShapes":false,"rt":4837,"rot1":25,"rot2":-25,"rot3":5,"rot4":-5,"rot5":15,"rot6":-15,"dil1":0.875,"dil2":0.925,"dil3":0.975,"dil4":1.025,"dil5":1.125,"dil6":1.075,"rots":[25,-25,5,-5,15,-15],"dils":[0.875,0.925,0.975,1.025,1.125,1.075]}],"desiredDistance":0.3,"trial_type":"oddball-grid","trial_index":5,"time_elapsed":995220,"internal_node_id":"0.0-5.0","score":0.5454545454545454,"early_termination":false}]