[{"rt":2409,"url":"external-consent.html","trial_type":"external-html","trial_index":0,"time_elapsed":2416,"internal_node_id":"0.0-0.0","score":0.8068181818181818,"early_termination":false},{"rt":3179.2000000029802,"responses":"{\"Q0\":\"NA\",\"Q1\":\"NA\",\"Q2\":\"NA\"}","trial_type":"survey-text","trial_index":1,"time_elapsed":5596,"internal_node_id":"0.0-1.0","score":0.8068181818181818,"early_termination":false},{"success":true,"trial_type":"fullscreen","trial_index":2,"time_elapsed":479627,"internal_node_id":"0.0-2.0","score":0.8068181818181818,"early_termination":false},{"results":[{"id":"train-images","loop_number":1,"shape":"test6","outlier_type":"NA","choice":0,"outlierPosition":0,"success":true,"majorityOfMostRegularShapes":true,"rt":2655.2000000029802,"rot1":15,"rot2":-15,"rot3":5,"rot4":25,"rot5":-25,"rot6":-5,"dil1":0.925,"dil2":1.025,"dil3":1.075,"dil4":0.875,"dil5":1.125,"dil6":0.975,"rots":[15,-15,5,25,-25,-5],"dils":[0.925,1.025,1.075,0.875,1.125,0.975],"possible_pos":[0,1,2,3,4,5]},{"id":"train-images","loop_number":1,"shape":"test8","outlier_type":"NA","choice":5,"outlierPosition":5,"success":true,"majorityOfMostRegularShapes":false,"rt":988.2999999970198,"rot1":15,"rot2":5,"rot3":-5,"rot4":-25,"rot5":-15,"rot6":25,"dil1":0.975,"dil2":1.025,"dil3":1.125,"dil4":1.075,"dil5":0.925,"dil6":0.875,"rots":[15,5,-5,-25,-15,25],"dils":[0.975,1.025,1.125,1.075,0.925,0.875],"possible_pos":[0,1,2,3,4,5]},{"id":"train-images","loop_number":1,"shape":"test7","outlier_type":"NA","choice":0,"outlierPosition":0,"success":true,"majorityOfMostRegularShapes":true,"rt":1142.6000000014901,"rot1":-15,"rot2":-25,"rot3":25,"rot4":5,"rot5":-5,"rot6":15,"dil1":0.875,"dil2":0.975,"dil3":1.075,"dil4":1.125,"dil5":0.925,"dil6":1.025,"rots":[-15,-25,25,5,-5,15],"dils":[0.875,0.975,1.075,1.125,0.925,1.025],"possible_pos":[0,1,2,3,4,5]},{"id":"train-images","loop_number":1,"shape":"test10","outlier_type":"NA","choice":3,"outlierPosition":3,"success":true,"majorityOfMostRegularShapes":true,"rt":1504.8999999985099,"rot1":-5,"rot2":-15,"rot3":-25,"rot4":25,"rot5":15,"rot6":5,"dil1":0.925,"dil2":1.125,"dil3":0.975,"dil4":0.875,"dil5":1.025,"dil6":1.075,"rots":[-5,-15,-25,25,15,5],"dils":[0.925,1.125,0.975,0.875,1.025,1.075],"possible_pos":[0,1,2,3,4,5]},{"id":"train-images","loop_number":1,"shape":"test1","outlier_type":"NA","choice":2,"outlierPosition":2,"success":true,"majorityOfMostRegularShapes":true,"rt":879.1000000014901,"rot1":-15,"rot2":5,"rot3":25,"rot4":-5,"rot5":15,"rot6":-25,"dil1":0.975,"dil2":1.025,"dil3":1.125,"dil4":1.075,"dil5":0.925,"dil6":0.875,"rots":[-15,5,25,-5,15,-25],"dils":[0.975,1.025,1.125,1.075,0.925,0.875],"possible_pos":[0,1,2,3,4,5]},{"id":"train-images","loop_number":1,"shape":"test3","outlier_type":"NA","choice":4,"outlierPosition":4,"success":true,"majorityOfMostRegularShapes":true,"rt":1195.4000000059605,"rot1":-5,"rot2":25,"rot3":5,"rot4":-25,"rot5":-15,"rot6":15,"dil1":1.125,"dil2":1.075,"dil3":1.025,"dil4":0.925,"dil5":0.975,"dil6":0.875,"rots":[-5,25,5,-25,-15,15],"dils":[1.125,1.075,1.025,0.925,0.975,0.875],"possible_pos":[0,1,2,3,4,5]},{"id":"train-images","loop_number":1,"shape":"test4","outlier_type":"NA","choice":3,"outlierPosition":3,"success":true,"majorityOfMostRegularShapes":true,"rt":1804.2000000029802,"rot1":5,"rot2":15,"rot3":-5,"rot4":-15,"rot5":-25,"rot6":25,"dil1":0.975,"dil2":0.875,"dil3":1.025,"dil4":1.075,"dil5":0.925,"dil6":1.125,"rots":[5,15,-5,-15,-25,25],"dils":[0.975,0.875,1.025,1.075,0.925,1.125],"possible_pos":[0,1,2,3,4,5]},{"id":"train-images","loop_number":1,"shape":"test5","outlier_type":"NA","choice":1,"outlierPosition":1,"success":true,"majorityOfMostRegularShapes":true,"rt":1177,"rot1":-25,"rot2":25,"rot3":5,"rot4":-15,"rot5":15,"rot6":-5,"dil1":0.925,"dil2":1.075,"dil3":1.025,"dil4":1.125,"dil5":0.975,"dil6":0.875,"rots":[-25,25,5,-15,15,-5],"dils":[0.925,1.075,1.025,1.125,0.975,0.875],"possible_pos":[0,1,2,3,4,5]},{"id":"train-images","loop_number":1,"shape":"test6","outlier_type":"NA","choice":3,"outlierPosition":3,"success":true,"majorityOfMostRegularShapes":false,"rt":2401.2000000029802,"rot1":-15,"rot2":-5,"rot3":-25,"rot4":5,"rot5":15,"rot6":25,"dil1":0.925,"dil2":1.125,"dil3":0.875,"dil4":1.075,"dil5":1.025,"dil6":0.975,"rots":[-15,-5,-25,5,15,25],"dils":[0.925,1.125,0.875,1.075,1.025,0.975],"possible_pos":[0,1,2,3,4,5]},{"id":"train-images","loop_number":1,"shape":"test3","outlier_type":"NA","choice":4,"outlierPosition":4,"success":true,"majorityOfMostRegularShapes":false,"rt":1189.8999999985099,"rot1":15,"rot2":-25,"rot3":25,"rot4":-5,"rot5":-15,"rot6":5,"dil1":1.025,"dil2":1.075,"dil3":0.925,"dil4":0.875,"dil5":0.975,"dil6":1.125,"rots":[15,-25,25,-5,-15,5],"dils":[1.025,1.075,0.925,0.875,0.975,1.125],"possible_pos":[0,1,2,3,4,5]},{"id":"train-images","loop_number":1,"shape":"test2","outlier_type":"NA","choice":4,"outlierPosition":4,"success":true,"majorityOfMostRegularShapes":false,"rt":876.7999999970198,"rot1":15,"rot2":25,"rot3":-15,"rot4":-25,"rot5":5,"rot6":-5,"dil1":0.875,"dil2":0.975,"dil3":1.075,"dil4":0.925,"dil5":1.025,"dil6":1.125,"rots":[15,25,-15,-25,5,-5],"dils":[0.875,0.975,1.075,0.925,1.025,1.125],"possible_pos":[0,1,2,3,4,5]},{"id":"train-images","loop_number":1,"shape":"test10","outlier_type":"NA","choice":5,"outlierPosition":5,"success":true,"majorityOfMostRegularShapes":false,"rt":959.5,"rot1":5,"rot2":25,"rot3":15,"rot4":-25,"rot5":-15,"rot6":-5,"dil1":1.075,"dil2":0.925,"dil3":0.975,"dil4":1.125,"dil5":0.875,"dil6":1.025,"rots":[5,25,15,-25,-15,-5],"dils":[1.075,0.925,0.975,1.125,0.875,1.025],"possible_pos":[0,1,2,3,4,5]},{"id":"train-images","loop_number":1,"shape":"test8","outlier_type":"NA","choice":2,"outlierPosition":2,"success":true,"majorityOfMostRegularShapes":true,"rt":1003.0999999940395,"rot1":-5,"rot2":5,"rot3":-25,"rot4":-15,"rot5":15,"rot6":25,"dil1":1.075,"dil2":1.025,"dil3":0.925,"dil4":0.875,"dil5":1.125,"dil6":0.975,"rots":[-5,5,-25,-15,15,25],"dils":[1.075,1.025,0.925,0.875,1.125,0.975],"possible_pos":[0,1,2,3,4,5]},{"id":"train-images","loop_number":1,"shape":"test5","outlier_type":"NA","choice":0,"outlierPosition":0,"success":true,"majorityOfMostRegularShapes":false,"rt":1339.3999999985099,"rot1":-25,"rot2":15,"rot3":-15,"rot4":25,"rot5":-5,"rot6":5,"dil1":0.925,"dil2":1.025,"dil3":0.875,"dil4":0.975,"dil5":1.075,"dil6":1.125,"rots":[-25,15,-15,25,-5,5],"dils":[0.925,1.025,0.875,0.975,1.075,1.125],"possible_pos":[0,1,2,3,4,5]},{"id":"train-images","loop_number":1,"shape":"test9","outlier_type":"NA","choice":3,"outlierPosition":3,"success":true,"majorityOfMostRegularShapes":true,"rt":1162.6000000014901,"rot1":-15,"rot2":5,"rot3":15,"rot4":25,"rot5":-5,"rot6":-25,"dil1":1.125,"dil2":0.875,"dil3":0.975,"dil4":1.025,"dil5":1.075,"dil6":0.925,"rots":[-15,5,15,25,-5,-25],"dils":[1.125,0.875,0.975,1.025,1.075,0.925],"possible_pos":[0,1,2,3,4,5]},{"id":"train-images","loop_number":1,"shape":"test7","outlier_type":"NA","choice":5,"outlierPosition":5,"success":true,"majorityOfMostRegularShapes":false,"rt":1084.1000000014901,"rot1":-15,"rot2":15,"rot3":-25,"rot4":25,"rot5":5,"rot6":-5,"dil1":0.875,"dil2":0.925,"dil3":0.975,"dil4":1.125,"dil5":1.025,"dil6":1.075,"rots":[-15,15,-25,25,5,-5],"dils":[0.875,0.925,0.975,1.125,1.025,1.075],"possible_pos":[0,1,2,3,4,5]},{"id":"train-images","loop_number":1,"shape":"test2","outlier_type":"NA","choice":1,"outlierPosition":1,"success":true,"majorityOfMostRegularShapes":true,"rt":978.5,"rot1":-5,"rot2":15,"rot3":-15,"rot4":-25,"rot5":5,"rot6":25,"dil1":0.975,"dil2":0.875,"dil3":1.125,"dil4":1.025,"dil5":0.925,"dil6":1.075,"rots":[-5,15,-15,-25,5,25],"dils":[0.975,0.875,1.125,1.025,0.925,1.075],"possible_pos":[0,1,2,3,4,5]},{"id":"train-images","loop_number":1,"shape":"test1","outlier_type":"NA","choice":5,"outlierPosition":5,"success":true,"majorityOfMostRegularShapes":false,"rt":1038.2999999970198,"rot1":-5,"rot2":15,"rot3":25,"rot4":-15,"rot5":5,"rot6":-25,"dil1":1.075,"dil2":0.875,"dil3":1.125,"dil4":0.975,"dil5":0.925,"dil6":1.025,"rots":[-5,15,25,-15,5,-25],"dils":[1.075,0.875,1.125,0.975,0.925,1.025],"possible_pos":[0,1,2,3,4,5]},{"id":"train-images","loop_number":1,"shape":"test9","outlier_type":"NA","choice":2,"outlierPosition":2,"success":true,"majorityOfMostRegularShapes":false,"rt":971.1999999955297,"rot1":5,"rot2":25,"rot3":-5,"rot4":15,"rot5":-25,"rot6":-15,"dil1":1.025,"dil2":0.975,"dil3":0.925,"dil4":1.125,"dil5":0.875,"dil6":1.075,"rots":[5,25,-5,15,-25,-15],"dils":[1.025,0.975,0.925,1.125,0.875,1.075],"possible_pos":[0,1,2,3,4,5]},{"id":"train-images","loop_number":1,"shape":"test4","outlier_type":"NA","choice":2,"outlierPosition":4,"success":false,"majorityOfMostRegularShapes":false,"rt":1445.4000000059605,"rot1":-5,"rot2":-25,"rot3":5,"rot4":25,"rot5":-15,"rot6":15,"dil1":0.925,"dil2":1.125,"dil3":0.875,"dil4":1.025,"dil5":0.975,"dil6":1.075,"rots":[-5,-25,5,25,-15,15],"dils":[0.925,1.125,0.875,1.025,0.975,1.075],"possible_pos":[0,1,2,3,4,5]}],"trial_type":"oddball-grid-image","trial_index":3,"time_elapsed":652052,"internal_node_id":"0.0-3.0","score":0.8068181818181818,"early_termination":false},{"results":[{"id":"gen2","loop_number":1,"shape":1,"outlier_type":"NA","choice":1,"outlierPosition":1,"success":true,"majorityOfMostRegularShapes":false,"rt":1422.6000000014901,"rot1":15,"rot2":5,"rot3":-5,"rot4":-25,"rot5":-15,"rot6":25,"dil1":1.075,"dil2":1.025,"dil3":0.925,"dil4":1.125,"dil5":0.975,"dil6":0.875,"rots":[15,5,-5,-25,-15,25],"dils":[1.075,1.025,0.925,1.125,0.975,0.875]},{"id":"gen2","loop_number":1,"shape":0,"outlier_type":"NA","choice":4,"outlierPosition":4,"success":true,"majorityOfMostRegularShapes":true,"rt":1763.3999999985099,"rot1":5,"rot2":15,"rot3":-25,"rot4":25,"rot5":-15,"rot6":-5,"dil1":0.925,"dil2":0.875,"dil3":0.975,"dil4":1.075,"dil5":1.125,"dil6":1.025,"rots":[5,15,-25,25,-15,-5],"dils":[0.925,0.875,0.975,1.075,1.125,1.025]},{"id":"gen2","loop_number":1,"shape":2,"outlier_type":"NA","choice":4,"outlierPosition":4,"success":true,"majorityOfMostRegularShapes":true,"rt":1150.4000000059605,"rot1":5,"rot2":25,"rot3":15,"rot4":-15,"rot5":-25,"rot6":-5,"dil1":0.875,"dil2":0.925,"dil3":1.025,"dil4":0.975,"dil5":1.075,"dil6":1.125,"rots":[5,25,15,-15,-25,-5],"dils":[0.875,0.925,1.025,0.975,1.075,1.125]},{"id":"gen2","loop_number":1,"shape":0,"outlier_type":"NA","choice":2,"outlierPosition":2,"success":true,"majorityOfMostRegularShapes":false,"rt":1001.1000000014901,"rot1":-25,"rot2":5,"rot3":25,"rot4":-5,"rot5":-15,"rot6":15,"dil1":0.875,"dil2":0.975,"dil3":1.075,"dil4":1.125,"dil5":0.925,"dil6":1.025,"rots":[-25,5,25,-5,-15,15],"dils":[0.875,0.975,1.075,1.125,0.925,1.025]},{"id":"gen2","loop_number":1,"shape":2,"outlier_type":"NA","choice":3,"outlierPosition":3,"success":true,"majorityOfMostRegularShapes":false,"rt":981.7000000029802,"rot1":-25,"rot2":25,"rot3":15,"rot4":-5,"rot5":5,"rot6":-15,"dil1":0.925,"dil2":1.025,"dil3":1.125,"dil4":0.875,"dil5":0.975,"dil6":1.075,"rots":[-25,25,15,-5,5,-15],"dils":[0.925,1.025,1.125,0.875,0.975,1.075]},{"id":"gen2","loop_number":1,"shape":0,"outlier_type":"NA","choice":4,"outlierPosition":4,"success":true,"majorityOfMostRegularShapes":false,"rt":851.8999999985099,"rot1":15,"rot2":25,"rot3":-15,"rot4":-5,"rot5":-25,"rot6":5,"dil1":1.025,"dil2":0.975,"dil3":1.075,"dil4":0.925,"dil5":0.875,"dil6":1.125,"rots":[15,25,-15,-5,-25,5],"dils":[1.025,0.975,1.075,0.925,0.875,1.125]},{"id":"gen2","loop_number":1,"shape":2,"outlier_type":"NA","choice":1,"outlierPosition":1,"success":true,"majorityOfMostRegularShapes":false,"rt":1135.5999999940395,"rot1":15,"rot2":5,"rot3":-15,"rot4":-5,"rot5":25,"rot6":-25,"dil1":0.875,"dil2":1.075,"dil3":0.975,"dil4":1.125,"dil5":1.025,"dil6":0.925,"rots":[15,5,-15,-5,25,-25],"dils":[0.875,1.075,0.975,1.125,1.025,0.925]},{"id":"gen2","loop_number":1,"shape":1,"outlier_type":"NA","choice":5,"outlierPosition":5,"success":true,"majorityOfMostRegularShapes":false,"rt":987.3999999985099,"rot1":5,"rot2":-15,"rot3":-25,"rot4":-5,"rot5":15,"rot6":25,"dil1":1.025,"dil2":0.925,"dil3":1.125,"dil4":0.975,"dil5":0.875,"dil6":1.075,"rots":[5,-15,-25,-5,15,25],"dils":[1.025,0.925,1.125,0.975,0.875,1.075]},{"id":"gen2","loop_number":1,"shape":2,"outlier_type":"NA","choice":4,"outlierPosition":4,"success":true,"majorityOfMostRegularShapes":true,"rt":1025.5,"rot1":-15,"rot2":5,"rot3":25,"rot4":15,"rot5":-25,"rot6":-5,"dil1":0.925,"dil2":1.125,"dil3":0.875,"dil4":1.075,"dil5":0.975,"dil6":1.025,"rots":[-15,5,25,15,-25,-5],"dils":[0.925,1.125,0.875,1.075,0.975,1.025]},{"id":"gen2","loop_number":1,"shape":0,"outlier_type":"NA","choice":3,"outlierPosition":3,"success":true,"majorityOfMostRegularShapes":true,"rt":1553.2000000029802,"rot1":5,"rot2":-15,"rot3":15,"rot4":-5,"rot5":25,"rot6":-25,"dil1":1.025,"dil2":0.975,"dil3":0.875,"dil4":1.075,"dil5":0.925,"dil6":1.125,"rots":[5,-15,15,-5,25,-25],"dils":[1.025,0.975,0.875,1.075,0.925,1.125]},{"id":"gen2","loop_number":1,"shape":1,"outlier_type":"NA","choice":1,"outlierPosition":1,"success":true,"majorityOfMostRegularShapes":true,"rt":1454.7000000029802,"rot1":25,"rot2":5,"rot3":15,"rot4":-25,"rot5":-5,"rot6":-15,"dil1":1.025,"dil2":1.075,"dil3":1.125,"dil4":0.975,"dil5":0.925,"dil6":0.875,"rots":[25,5,15,-25,-5,-15],"dils":[1.025,1.075,1.125,0.975,0.925,0.875]},{"id":"gen2","loop_number":1,"shape":0,"outlier_type":"NA","choice":4,"outlierPosition":4,"success":true,"majorityOfMostRegularShapes":false,"rt":1470.6000000014901,"rot1":5,"rot2":15,"rot3":-5,"rot4":25,"rot5":-25,"rot6":-15,"dil1":1.025,"dil2":0.925,"dil3":0.875,"dil4":1.075,"dil5":1.125,"dil6":0.975,"rots":[5,15,-5,25,-25,-15],"dils":[1.025,0.925,0.875,1.075,1.125,0.975]},{"id":"gen2","loop_number":1,"shape":1,"outlier_type":"NA","choice":2,"outlierPosition":2,"success":true,"majorityOfMostRegularShapes":true,"rt":1268.5,"rot1":-5,"rot2":15,"rot3":25,"rot4":5,"rot5":-25,"rot6":-15,"dil1":0.875,"dil2":1.025,"dil3":0.925,"dil4":1.125,"dil5":0.975,"dil6":1.075,"rots":[-5,15,25,5,-25,-15],"dils":[0.875,1.025,0.925,1.125,0.975,1.075]},{"id":"gen2","loop_number":1,"shape":2,"outlier_type":"NA","choice":1,"outlierPosition":1,"success":true,"majorityOfMostRegularShapes":true,"rt":1410,"rot1":15,"rot2":-15,"rot3":-25,"rot4":25,"rot5":-5,"rot6":5,"dil1":0.925,"dil2":1.125,"dil3":1.025,"dil4":1.075,"dil5":0.875,"dil6":0.975,"rots":[15,-15,-25,25,-5,5],"dils":[0.925,1.125,1.025,1.075,0.875,0.975]},{"id":"gen2","loop_number":1,"shape":0,"outlier_type":"NA","choice":0,"outlierPosition":0,"success":true,"majorityOfMostRegularShapes":true,"rt":1354.1999999955297,"rot1":-25,"rot2":15,"rot3":5,"rot4":-15,"rot5":-5,"rot6":25,"dil1":0.975,"dil2":0.925,"dil3":0.875,"dil4":1.075,"dil5":1.025,"dil6":1.125,"rots":[-25,15,5,-15,-5,25],"dils":[0.975,0.925,0.875,1.075,1.025,1.125]},{"id":"gen2","loop_number":1,"shape":1,"outlier_type":"NA","choice":5,"outlierPosition":5,"success":true,"majorityOfMostRegularShapes":false,"rt":926.6000000014901,"rot1":5,"rot2":25,"rot3":-15,"rot4":15,"rot5":-5,"rot6":-25,"dil1":1.025,"dil2":1.125,"dil3":0.875,"dil4":0.975,"dil5":0.925,"dil6":1.075,"rots":[5,25,-15,15,-5,-25],"dils":[1.025,1.125,0.875,0.975,0.925,1.075]},{"id":"gen2","loop_number":1,"shape":2,"outlier_type":"NA","choice":2,"outlierPosition":2,"success":true,"majorityOfMostRegularShapes":false,"rt":1534.6999999955297,"rot1":5,"rot2":-5,"rot3":25,"rot4":-25,"rot5":15,"rot6":-15,"dil1":0.875,"dil2":0.975,"dil3":1.025,"dil4":1.075,"dil5":1.125,"dil6":0.925,"rots":[5,-5,25,-25,15,-15],"dils":[0.875,0.975,1.025,1.075,1.125,0.925]},{"id":"gen2","loop_number":1,"shape":1,"outlier_type":"NA","choice":4,"outlierPosition":4,"success":true,"majorityOfMostRegularShapes":true,"rt":1052.8000000044703,"rot1":-5,"rot2":-25,"rot3":5,"rot4":15,"rot5":-15,"rot6":25,"dil1":0.875,"dil2":0.975,"dil3":1.025,"dil4":0.925,"dil5":1.125,"dil6":1.075,"rots":[-5,-25,5,15,-15,25],"dils":[0.875,0.975,1.025,0.925,1.125,1.075]}],"trial_type":"oddball-grid-easy","trial_index":4,"time_elapsed":711434,"internal_node_id":"0.0-4.0","score":0.8068181818181818,"early_termination":false},{"results":[{"id":"test","shape":"losange","outlier_type":2,"choice":3,"outlierPosition":3,"success":true,"majorityOfMostRegularShapes":false,"rt":7546.70000000298,"rot1":5,"rot2":-25,"rot3":-15,"rot4":-5,"rot5":25,"rot6":15,"dil1":1.125,"dil2":1.025,"dil3":1.075,"dil4":0.975,"dil5":0.925,"dil6":0.875,"rots":[5,-25,-15,-5,25,15],"dils":[1.125,1.025,1.075,0.975,0.925,0.875]},{"id":"test","shape":"random","outlier_type":1,"choice":3,"outlierPosition":3,"success":true,"majorityOfMostRegularShapes":false,"rt":5646.60000000149,"rot1":15,"rot2":-5,"rot3":-15,"rot4":25,"rot5":5,"rot6":-25,"dil1":0.975,"dil2":1.025,"dil3":0.925,"dil4":1.075,"dil5":0.875,"dil6":1.125,"rots":[15,-5,-15,25,5,-25],"dils":[0.975,1.025,0.925,1.075,0.875,1.125]},{"id":"test","shape":"square","outlier_type":0,"choice":2,"outlierPosition":2,"success":true,"majorityOfMostRegularShapes":false,"rt":1482.1000000014901,"rot1":-5,"rot2":-15,"rot3":15,"rot4":25,"rot5":-25,"rot6":5,"dil1":0.975,"dil2":1.075,"dil3":0.925,"dil4":1.025,"dil5":1.125,"dil6":0.875,"rots":[-5,-15,15,25,-25,5],"dils":[0.975,1.075,0.925,1.025,1.125,0.875]},{"id":"test","shape":"rustedHinge","outlier_type":2,"choice":0,"outlierPosition":0,"success":true,"majorityOfMostRegularShapes":true,"rt":2801.39999999851,"rot1":25,"rot2":-5,"rot3":-25,"rot4":-15,"rot5":5,"rot6":15,"dil1":0.975,"dil2":0.925,"dil3":0.875,"dil4":1.125,"dil5":1.075,"dil6":1.025,"rots":[25,-5,-25,-15,5,15],"dils":[0.975,0.925,0.875,1.125,1.075,1.025]},{"id":"test","shape":"hinge","outlier_type":2,"choice":4,"outlierPosition":4,"success":true,"majorityOfMostRegularShapes":true,"rt":1822.6000000014901,"rot1":-15,"rot2":-5,"rot3":5,"rot4":25,"rot5":15,"rot6":-25,"dil1":1.125,"dil2":0.975,"dil3":0.875,"dil4":1.025,"dil5":1.075,"dil6":0.925,"rots":[-15,-5,5,25,15,-25],"dils":[1.125,0.975,0.875,1.025,1.075,0.925]},{"id":"test","shape":"random","outlier_type":3,"choice":4,"outlierPosition":4,"success":true,"majorityOfMostRegularShapes":true,"rt":4597.70000000298,"rot1":5,"rot2":-15,"rot3":25,"rot4":-5,"rot5":15,"rot6":-25,"dil1":1.025,"dil2":0.925,"dil3":1.125,"dil4":0.875,"dil5":0.975,"dil6":1.075,"rots":[5,-15,25,-5,15,-25],"dils":[1.025,0.925,1.125,0.875,0.975,1.075]},{"id":"test","shape":"isoTrapezoid","outlier_type":0,"choice":3,"outlierPosition":3,"success":true,"majorityOfMostRegularShapes":true,"rt":3380.7000000029802,"rot1":-25,"rot2":-5,"rot3":5,"rot4":15,"rot5":-15,"rot6":25,"dil1":0.975,"dil2":0.875,"dil3":1.075,"dil4":1.125,"dil5":0.925,"dil6":1.025,"rots":[-25,-5,5,15,-15,25],"dils":[0.975,0.875,1.075,1.125,0.925,1.025]},{"id":"test","shape":"kite","outlier_type":3,"choice":2,"outlierPosition":2,"success":true,"majorityOfMostRegularShapes":false,"rt":2321.89999999851,"rot1":-15,"rot2":-25,"rot3":15,"rot4":-5,"rot5":5,"rot6":25,"dil1":1.125,"dil2":0.975,"dil3":1.075,"dil4":0.925,"dil5":1.025,"dil6":0.875,"rots":[-15,-25,15,-5,5,25],"dils":[1.125,0.975,1.075,0.925,1.025,0.875]},{"id":"test","shape":"rightKite","outlier_type":0,"choice":2,"outlierPosition":1,"success":false,"majorityOfMostRegularShapes":false,"rt":3549.39999999851,"rot1":-5,"rot2":-15,"rot3":25,"rot4":5,"rot5":15,"rot6":-25,"dil1":0.975,"dil2":0.925,"dil3":1.125,"dil4":0.875,"dil5":1.025,"dil6":1.075,"rots":[-5,-15,25,5,15,-25],"dils":[0.975,0.925,1.125,0.875,1.025,1.075]},{"id":"test","shape":"hinge","outlier_type":3,"choice":0,"outlierPosition":0,"success":true,"majorityOfMostRegularShapes":false,"rt":4641.69999999553,"rot1":25,"rot2":5,"rot3":-15,"rot4":-25,"rot5":15,"rot6":-5,"dil1":1.075,"dil2":0.925,"dil3":1.025,"dil4":0.975,"dil5":0.875,"dil6":1.125,"rots":[25,5,-15,-25,15,-5],"dils":[1.075,0.925,1.025,0.975,0.875,1.125]},{"id":"test","shape":"random","outlier_type":2,"choice":4,"outlierPosition":3,"success":false,"majorityOfMostRegularShapes":true,"rt":5582.20000000298,"rot1":-25,"rot2":15,"rot3":5,"rot4":-5,"rot5":25,"rot6":-15,"dil1":1.125,"dil2":0.925,"dil3":1.075,"dil4":1.025,"dil5":0.975,"dil6":0.875,"rots":[-25,15,5,-5,25,-15],"dils":[1.125,0.925,1.075,1.025,0.975,0.875]},{"id":"test","shape":"rectangle","outlier_type":1,"choice":0,"outlierPosition":0,"success":true,"majorityOfMostRegularShapes":true,"rt":3505.5999999940395,"rot1":5,"rot2":15,"rot3":25,"rot4":-25,"rot5":-5,"rot6":-15,"dil1":1.025,"dil2":1.125,"dil3":0.975,"dil4":1.075,"dil5":0.925,"dil6":0.875,"rots":[5,15,25,-25,-5,-15],"dils":[1.025,1.125,0.975,1.075,0.925,0.875]},{"id":"test","shape":"rightKite","outlier_type":2,"choice":5,"outlierPosition":5,"success":true,"majorityOfMostRegularShapes":false,"rt":4625.89999999851,"rot1":-5,"rot2":-25,"rot3":5,"rot4":25,"rot5":15,"rot6":-15,"dil1":1.075,"dil2":0.925,"dil3":0.875,"dil4":1.125,"dil5":1.025,"dil6":0.975,"rots":[-5,-25,5,25,15,-15],"dils":[1.075,0.925,0.875,1.125,1.025,0.975]},{"id":"test","shape":"parallelogram","outlier_type":1,"choice":1,"outlierPosition":1,"success":true,"majorityOfMostRegularShapes":false,"rt":4172.80000000447,"rot1":-5,"rot2":25,"rot3":-15,"rot4":15,"rot5":-25,"rot6":5,"dil1":1.125,"dil2":0.875,"dil3":0.925,"dil4":0.975,"dil5":1.025,"dil6":1.075,"rots":[-5,25,-15,15,-25,5],"dils":[1.125,0.875,0.925,0.975,1.025,1.075]},{"id":"test","shape":"trapezoid","outlier_type":2,"choice":0,"outlierPosition":0,"success":true,"majorityOfMostRegularShapes":true,"rt":5924.60000000149,"rot1":-25,"rot2":15,"rot3":-15,"rot4":25,"rot5":5,"rot6":-5,"dil1":1.125,"dil2":1.025,"dil3":0.875,"dil4":1.075,"dil5":0.975,"dil6":0.925,"rots":[-25,15,-15,25,5,-5],"dils":[1.125,1.025,0.875,1.075,0.975,0.925]},{"id":"test","shape":"isoTrapezoid","outlier_type":3,"choice":5,"outlierPosition":5,"success":true,"majorityOfMostRegularShapes":false,"rt":2592,"rot1":-15,"rot2":5,"rot3":-25,"rot4":-5,"rot5":15,"rot6":25,"dil1":1.125,"dil2":1.075,"dil3":1.025,"dil4":0.925,"dil5":0.875,"dil6":0.975,"rots":[-15,5,-25,-5,15,25],"dils":[1.125,1.075,1.025,0.925,0.875,0.975]},{"id":"test","shape":"trapezoid","outlier_type":0,"choice":4,"outlierPosition":1,"success":false,"majorityOfMostRegularShapes":true,"rt":5943.60000000149,"rot1":-25,"rot2":5,"rot3":-5,"rot4":15,"rot5":25,"rot6":-15,"dil1":0.925,"dil2":0.975,"dil3":1.075,"dil4":1.025,"dil5":0.875,"dil6":1.125,"rots":[-25,5,-5,15,25,-15],"dils":[0.925,0.975,1.075,1.025,0.875,1.125]},{"id":"test","shape":"square","outlier_type":1,"choice":2,"outlierPosition":5,"success":false,"majorityOfMostRegularShapes":true,"rt":1656.1000000014901,"rot1":-25,"rot2":-15,"rot3":5,"rot4":25,"rot5":-5,"rot6":15,"dil1":0.975,"dil2":1.025,"dil3":0.875,"dil4":0.925,"dil5":1.125,"dil6":1.075,"rots":[-25,-15,5,25,-5,15],"dils":[0.975,1.025,0.875,0.925,1.125,1.075]},{"id":"test","shape":"trapezoid","outlier_type":3,"choice":4,"outlierPosition":4,"success":true,"majorityOfMostRegularShapes":true,"rt":4109.10000000149,"rot1":-25,"rot2":15,"rot3":25,"rot4":-5,"rot5":-15,"rot6":5,"dil1":1.025,"dil2":0.875,"dil3":0.925,"dil4":1.125,"dil5":1.075,"dil6":0.975,"rots":[-25,15,25,-5,-15,5],"dils":[1.025,0.875,0.925,1.125,1.075,0.975]},{"id":"test","shape":"rectangle","outlier_type":0,"choice":0,"outlierPosition":0,"success":true,"majorityOfMostRegularShapes":true,"rt":3331.5,"rot1":-15,"rot2":-25,"rot3":-5,"rot4":25,"rot5":15,"rot6":5,"dil1":1.075,"dil2":1.125,"dil3":0.925,"dil4":1.025,"dil5":0.875,"dil6":0.975,"rots":[-15,-25,-5,25,15,5],"dils":[1.075,1.125,0.925,1.025,0.875,0.975]},{"id":"test","shape":"trapezoid","outlier_type":1,"choice":3,"outlierPosition":3,"success":true,"majorityOfMostRegularShapes":false,"rt":4546.19999999553,"rot1":25,"rot2":-25,"rot3":-5,"rot4":5,"rot5":15,"rot6":-15,"dil1":1.025,"dil2":0.925,"dil3":0.875,"dil4":0.975,"dil5":1.125,"dil6":1.075,"rots":[25,-25,-5,5,15,-15],"dils":[1.025,0.925,0.875,0.975,1.125,1.075]},{"id":"test","shape":"hinge","outlier_type":2,"choice":1,"outlierPosition":1,"success":true,"majorityOfMostRegularShapes":false,"rt":3656.7999999970198,"rot1":25,"rot2":-5,"rot3":5,"rot4":-25,"rot5":-15,"rot6":15,"dil1":0.925,"dil2":1.075,"dil3":0.875,"dil4":1.025,"dil5":0.975,"dil6":1.125,"rots":[25,-5,5,-25,-15,15],"dils":[0.925,1.075,0.875,1.025,0.975,1.125]},{"id":"test","shape":"kite","outlier_type":1,"choice":2,"outlierPosition":2,"success":true,"majorityOfMostRegularShapes":false,"rt":4097,"rot1":5,"rot2":-25,"rot3":-5,"rot4":15,"rot5":25,"rot6":-15,"dil1":0.875,"dil2":1.125,"dil3":0.925,"dil4":1.025,"dil5":0.975,"dil6":1.075,"rots":[5,-25,-5,15,25,-15],"dils":[0.875,1.125,0.925,1.025,0.975,1.075]},{"id":"test","shape":"rectangle","outlier_type":3,"choice":0,"outlierPosition":0,"success":true,"majorityOfMostRegularShapes":true,"rt":2464.5,"rot1":25,"rot2":15,"rot3":-5,"rot4":5,"rot5":-25,"rot6":-15,"dil1":1.125,"dil2":1.075,"dil3":0.925,"dil4":0.875,"dil5":0.975,"dil6":1.025,"rots":[25,15,-5,5,-25,-15],"dils":[1.125,1.075,0.925,0.875,0.975,1.025]},{"id":"test","shape":"random","outlier_type":1,"choice":5,"outlierPosition":5,"success":true,"majorityOfMostRegularShapes":true,"rt":4094.10000000149,"rot1":25,"rot2":-25,"rot3":5,"rot4":-5,"rot5":15,"rot6":-15,"dil1":1.025,"dil2":1.125,"dil3":0.875,"dil4":0.925,"dil5":0.975,"dil6":1.075,"rots":[25,-25,5,-5,15,-15],"dils":[1.025,1.125,0.875,0.925,0.975,1.075]},{"id":"test","shape":"hinge","outlier_type":0,"choice":4,"outlierPosition":0,"success":false,"majorityOfMostRegularShapes":true,"rt":6863,"rot1":-15,"rot2":-25,"rot3":25,"rot4":5,"rot5":-5,"rot6":15,"dil1":0.975,"dil2":0.925,"dil3":1.125,"dil4":1.075,"dil5":0.875,"dil6":1.025,"rots":[-15,-25,25,5,-5,15],"dils":[0.975,0.925,1.125,1.075,0.875,1.025]},{"id":"test","shape":"kite","outlier_type":2,"choice":4,"outlierPosition":4,"success":true,"majorityOfMostRegularShapes":true,"rt":2912.0999999940395,"rot1":-15,"rot2":-5,"rot3":15,"rot4":25,"rot5":-25,"rot6":5,"dil1":0.925,"dil2":1.075,"dil3":1.125,"dil4":0.975,"dil5":1.025,"dil6":0.875,"rots":[-15,-5,15,25,-25,5],"dils":[0.925,1.075,1.125,0.975,1.025,0.875]},{"id":"test","shape":"rustedHinge","outlier_type":1,"choice":1,"outlierPosition":2,"success":false,"majorityOfMostRegularShapes":false,"rt":3685.7000000029802,"rot1":15,"rot2":25,"rot3":-25,"rot4":-15,"rot5":5,"rot6":-5,"dil1":1.025,"dil2":1.075,"dil3":0.875,"dil4":1.125,"dil5":0.975,"dil6":0.925,"rots":[15,25,-25,-15,5,-5],"dils":[1.025,1.075,0.875,1.125,0.975,0.925]},{"id":"test","shape":"random","outlier_type":2,"choice":1,"outlierPosition":1,"success":true,"majorityOfMostRegularShapes":false,"rt":5634.10000000149,"rot1":25,"rot2":5,"rot3":15,"rot4":-25,"rot5":-15,"rot6":-5,"dil1":0.875,"dil2":1.025,"dil3":1.125,"dil4":1.075,"dil5":0.975,"dil6":0.925,"rots":[25,5,15,-25,-15,-5],"dils":[0.875,1.025,1.125,1.075,0.975,0.925]},{"id":"test","shape":"isoTrapezoid","outlier_type":1,"choice":3,"outlierPosition":3,"success":true,"majorityOfMostRegularShapes":false,"rt":3006.2000000029802,"rot1":-15,"rot2":5,"rot3":15,"rot4":-25,"rot5":25,"rot6":-5,"dil1":0.875,"dil2":1.075,"dil3":0.925,"dil4":1.025,"dil5":0.975,"dil6":1.125,"rots":[-15,5,15,-25,25,-5],"dils":[0.875,1.075,0.925,1.025,0.975,1.125]},{"id":"test","shape":"losange","outlier_type":3,"choice":3,"outlierPosition":3,"success":true,"majorityOfMostRegularShapes":false,"rt":4985,"rot1":25,"rot2":-5,"rot3":-25,"rot4":5,"rot5":15,"rot6":-15,"dil1":1.075,"dil2":0.975,"dil3":0.925,"dil4":1.025,"dil5":1.125,"dil6":0.875,"rots":[25,-5,-25,5,15,-15],"dils":[1.075,0.975,0.925,1.025,1.125,0.875]},{"id":"test","shape":"rightKite","outlier_type":1,"choice":3,"outlierPosition":3,"success":true,"majorityOfMostRegularShapes":false,"rt":4152.10000000149,"rot1":15,"rot2":-5,"rot3":5,"rot4":-25,"rot5":-15,"rot6":25,"dil1":1.125,"dil2":0.875,"dil3":1.075,"dil4":1.025,"dil5":0.975,"dil6":0.925,"rots":[15,-5,5,-25,-15,25],"dils":[1.125,0.875,1.075,1.025,0.975,0.925]},{"id":"test","shape":"rustedHinge","outlier_type":0,"choice":0,"outlierPosition":0,"success":true,"majorityOfMostRegularShapes":false,"rt":3931.60000000149,"rot1":5,"rot2":15,"rot3":-15,"rot4":-5,"rot5":-25,"rot6":25,"dil1":0.975,"dil2":0.925,"dil3":1.025,"dil4":0.875,"dil5":1.125,"dil6":1.075,"rots":[5,15,-15,-5,-25,25],"dils":[0.975,0.925,1.025,0.875,1.125,1.075]},{"id":"test","shape":"trapezoid","outlier_type":2,"choice":4,"outlierPosition":0,"success":false,"majorityOfMostRegularShapes":false,"rt":9310.39999999851,"rot1":5,"rot2":-15,"rot3":15,"rot4":25,"rot5":-25,"rot6":-5,"dil1":0.975,"dil2":1.075,"dil3":0.925,"dil4":1.025,"dil5":1.125,"dil6":0.875,"rots":[5,-15,15,25,-25,-5],"dils":[0.975,1.075,0.925,1.025,1.125,0.875]},{"id":"test","shape":"rightKite","outlier_type":3,"choice":5,"outlierPosition":5,"success":true,"majorityOfMostRegularShapes":true,"rt":6250.70000000298,"rot1":25,"rot2":5,"rot3":15,"rot4":-15,"rot5":-5,"rot6":-25,"dil1":0.875,"dil2":0.975,"dil3":0.925,"dil4":1.025,"dil5":1.125,"dil6":1.075,"rots":[25,5,15,-15,-5,-25],"dils":[0.875,0.975,0.925,1.025,1.125,1.075]},{"id":"test","shape":"random","outlier_type":0,"choice":1,"outlierPosition":2,"success":false,"majorityOfMostRegularShapes":true,"rt":4110.29999999702,"rot1":5,"rot2":-15,"rot3":25,"rot4":-5,"rot5":15,"rot6":-25,"dil1":1.125,"dil2":0.975,"dil3":0.875,"dil4":1.025,"dil5":0.925,"dil6":1.075,"rots":[5,-15,25,-5,15,-25],"dils":[1.125,0.975,0.875,1.025,0.925,1.075]},{"id":"test","shape":"rectangle","outlier_type":1,"choice":3,"outlierPosition":3,"success":true,"majorityOfMostRegularShapes":false,"rt":3094.5,"rot1":-5,"rot2":25,"rot3":15,"rot4":-15,"rot5":5,"rot6":-25,"dil1":0.975,"dil2":1.125,"dil3":1.075,"dil4":0.875,"dil5":0.925,"dil6":1.025,"rots":[-5,25,15,-15,5,-25],"dils":[0.975,1.125,1.075,0.875,0.925,1.025]},{"id":"test","shape":"parallelogram","outlier_type":2,"choice":4,"outlierPosition":4,"success":true,"majorityOfMostRegularShapes":true,"rt":3442.5,"rot1":15,"rot2":-25,"rot3":25,"rot4":-15,"rot5":-5,"rot6":5,"dil1":1.075,"dil2":0.875,"dil3":1.025,"dil4":0.975,"dil5":1.125,"dil6":0.925,"rots":[15,-25,25,-15,-5,5],"dils":[1.075,0.875,1.025,0.975,1.125,0.925]},{"id":"test","shape":"losange","outlier_type":0,"choice":4,"outlierPosition":3,"success":false,"majorityOfMostRegularShapes":true,"rt":4158,"rot1":-5,"rot2":15,"rot3":25,"rot4":-15,"rot5":-25,"rot6":5,"dil1":0.975,"dil2":0.925,"dil3":1.025,"dil4":0.875,"dil5":1.125,"dil6":1.075,"rots":[-5,15,25,-15,-25,5],"dils":[0.975,0.925,1.025,0.875,1.125,1.075]},{"id":"test","shape":"trapezoid","outlier_type":1,"choice":5,"outlierPosition":5,"success":true,"majorityOfMostRegularShapes":true,"rt":2617.89999999851,"rot1":-25,"rot2":-15,"rot3":15,"rot4":25,"rot5":-5,"rot6":5,"dil1":0.875,"dil2":1.025,"dil3":1.125,"dil4":1.075,"dil5":0.925,"dil6":0.975,"rots":[-25,-15,15,25,-5,5],"dils":[0.875,1.025,1.125,1.075,0.925,0.975]},{"id":"test","shape":"rustedHinge","outlier_type":3,"choice":2,"outlierPosition":5,"success":false,"majorityOfMostRegularShapes":false,"rt":3098.89999999851,"rot1":5,"rot2":-25,"rot3":25,"rot4":-5,"rot5":-15,"rot6":15,"dil1":0.975,"dil2":1.125,"dil3":0.875,"dil4":1.025,"dil5":1.075,"dil6":0.925,"rots":[5,-25,25,-5,-15,15],"dils":[0.975,1.125,0.875,1.025,1.075,0.925]},{"id":"test","shape":"rectangle","outlier_type":0,"choice":5,"outlierPosition":5,"success":true,"majorityOfMostRegularShapes":false,"rt":3729.3000000044703,"rot1":-15,"rot2":5,"rot3":15,"rot4":-25,"rot5":25,"rot6":-5,"dil1":1.075,"dil2":1.125,"dil3":1.025,"dil4":0.975,"dil5":0.925,"dil6":0.875,"rots":[-15,5,15,-25,25,-5],"dils":[1.075,1.125,1.025,0.975,0.925,0.875]},{"id":"test","shape":"square","outlier_type":3,"choice":2,"outlierPosition":2,"success":true,"majorityOfMostRegularShapes":true,"rt":1986.5999999940395,"rot1":-25,"rot2":5,"rot3":-15,"rot4":15,"rot5":-5,"rot6":25,"dil1":0.975,"dil2":0.925,"dil3":1.125,"dil4":0.875,"dil5":1.075,"dil6":1.025,"rots":[-25,5,-15,15,-5,25],"dils":[0.975,0.925,1.125,0.875,1.075,1.025]},{"id":"test","shape":"losange","outlier_type":2,"choice":1,"outlierPosition":1,"success":true,"majorityOfMostRegularShapes":true,"rt":4023.2999999970198,"rot1":15,"rot2":-5,"rot3":-25,"rot4":-15,"rot5":25,"rot6":5,"dil1":1.125,"dil2":0.925,"dil3":1.075,"dil4":0.975,"dil5":0.875,"dil6":1.025,"rots":[15,-5,-25,-15,25,5],"dils":[1.125,0.925,1.075,0.975,0.875,1.025]},{"id":"test","shape":"parallelogram","outlier_type":3,"choice":1,"outlierPosition":1,"success":true,"majorityOfMostRegularShapes":false,"rt":3821.7000000029802,"rot1":15,"rot2":-5,"rot3":-25,"rot4":25,"rot5":-15,"rot6":5,"dil1":1.075,"dil2":0.925,"dil3":1.125,"dil4":1.025,"dil5":0.875,"dil6":0.975,"rots":[15,-5,-25,25,-15,5],"dils":[1.075,0.925,1.125,1.025,0.875,0.975]},{"id":"test","shape":"trapezoid","outlier_type":0,"choice":2,"outlierPosition":2,"success":true,"majorityOfMostRegularShapes":false,"rt":7876.20000000298,"rot1":25,"rot2":5,"rot3":-5,"rot4":-15,"rot5":15,"rot6":-25,"dil1":0.875,"dil2":1.125,"dil3":1.075,"dil4":1.025,"dil5":0.925,"dil6":0.975,"rots":[25,5,-5,-15,15,-25],"dils":[0.875,1.125,1.075,1.025,0.925,0.975]},{"id":"test","shape":"square","outlier_type":1,"choice":4,"outlierPosition":4,"success":true,"majorityOfMostRegularShapes":false,"rt":2707.3000000044703,"rot1":5,"rot2":-25,"rot3":-5,"rot4":15,"rot5":-15,"rot6":25,"dil1":0.875,"dil2":1.025,"dil3":0.925,"dil4":1.075,"dil5":0.975,"dil6":1.125,"rots":[5,-25,-5,15,-15,25],"dils":[0.875,1.025,0.925,1.075,0.975,1.125]},{"id":"test","shape":"rustedHinge","outlier_type":3,"choice":0,"outlierPosition":0,"success":true,"majorityOfMostRegularShapes":true,"rt":10362.5,"rot1":25,"rot2":5,"rot3":-15,"rot4":-5,"rot5":15,"rot6":-25,"dil1":1.125,"dil2":0.925,"dil3":1.075,"dil4":0.875,"dil5":0.975,"dil6":1.025,"rots":[25,5,-15,-5,15,-25],"dils":[1.125,0.925,1.075,0.875,0.975,1.025]},{"id":"test","shape":"rightKite","outlier_type":0,"choice":2,"outlierPosition":2,"success":true,"majorityOfMostRegularShapes":true,"rt":7287.80000000447,"rot1":25,"rot2":-25,"rot3":15,"rot4":5,"rot5":-15,"rot6":-5,"dil1":0.925,"dil2":1.075,"dil3":1.025,"dil4":0.875,"dil5":1.125,"dil6":0.975,"rots":[25,-25,15,5,-15,-5],"dils":[0.925,1.075,1.025,0.875,1.125,0.975]},{"id":"test","shape":"kite","outlier_type":2,"choice":5,"outlierPosition":5,"success":true,"majorityOfMostRegularShapes":false,"rt":3021,"rot1":-15,"rot2":5,"rot3":25,"rot4":-25,"rot5":-5,"rot6":15,"dil1":0.925,"dil2":1.125,"dil3":1.025,"dil4":1.075,"dil5":0.975,"dil6":0.875,"rots":[-15,5,25,-25,-5,15],"dils":[0.925,1.125,1.025,1.075,0.975,0.875]},{"id":"test","shape":"losange","outlier_type":1,"choice":5,"outlierPosition":5,"success":true,"majorityOfMostRegularShapes":false,"rt":4132.39999999851,"rot1":15,"rot2":5,"rot3":25,"rot4":-15,"rot5":-5,"rot6":-25,"dil1":0.875,"dil2":1.125,"dil3":0.925,"dil4":1.075,"dil5":0.975,"dil6":1.025,"rots":[15,5,25,-15,-5,-25],"dils":[0.875,1.125,0.925,1.075,0.975,1.025]},{"id":"test","shape":"square","outlier_type":2,"choice":4,"outlierPosition":4,"success":true,"majorityOfMostRegularShapes":false,"rt":2069.8000000044703,"rot1":15,"rot2":25,"rot3":-25,"rot4":-5,"rot5":5,"rot6":-15,"dil1":0.875,"dil2":1.025,"dil3":1.125,"dil4":0.925,"dil5":1.075,"dil6":0.975,"rots":[15,25,-25,-5,5,-15],"dils":[0.875,1.025,1.125,0.925,1.075,0.975]},{"id":"test","shape":"kite","outlier_type":1,"choice":2,"outlierPosition":2,"success":true,"majorityOfMostRegularShapes":true,"rt":4648.89999999851,"rot1":-25,"rot2":-5,"rot3":5,"rot4":15,"rot5":25,"rot6":-15,"dil1":1.025,"dil2":0.975,"dil3":1.125,"dil4":0.875,"dil5":1.075,"dil6":0.925,"rots":[-25,-5,5,15,25,-15],"dils":[1.025,0.975,1.125,0.875,1.075,0.925]},{"id":"test","shape":"isoTrapezoid","outlier_type":2,"choice":5,"outlierPosition":5,"success":true,"majorityOfMostRegularShapes":false,"rt":3867.2999999970198,"rot1":25,"rot2":15,"rot3":-15,"rot4":5,"rot5":-5,"rot6":-25,"dil1":1.075,"dil2":0.875,"dil3":0.925,"dil4":0.975,"dil5":1.125,"dil6":1.025,"rots":[25,15,-15,5,-5,-25],"dils":[1.075,0.875,0.925,0.975,1.125,1.025]},{"id":"test","shape":"parallelogram","outlier_type":3,"choice":1,"outlierPosition":1,"success":true,"majorityOfMostRegularShapes":true,"rt":2601.89999999851,"rot1":5,"rot2":-25,"rot3":25,"rot4":15,"rot5":-5,"rot6":-15,"dil1":0.975,"dil2":1.075,"dil3":0.875,"dil4":1.125,"dil5":1.025,"dil6":0.925,"rots":[5,-25,25,15,-5,-15],"dils":[0.975,1.075,0.875,1.125,1.025,0.925]},{"id":"test","shape":"random","outlier_type":0,"choice":1,"outlierPosition":0,"success":false,"majorityOfMostRegularShapes":false,"rt":7184.20000000298,"rot1":-25,"rot2":25,"rot3":-5,"rot4":5,"rot5":-15,"rot6":15,"dil1":0.975,"dil2":1.125,"dil3":0.875,"dil4":0.925,"dil5":1.025,"dil6":1.075,"rots":[-25,25,-5,5,-15,15],"dils":[0.975,1.125,0.875,0.925,1.025,1.075]},{"id":"test","shape":"isoTrapezoid","outlier_type":1,"choice":1,"outlierPosition":1,"success":true,"majorityOfMostRegularShapes":true,"rt":2805.7999999970198,"rot1":-5,"rot2":-15,"rot3":25,"rot4":-25,"rot5":5,"rot6":15,"dil1":0.975,"dil2":0.925,"dil3":1.075,"dil4":1.025,"dil5":0.875,"dil6":1.125,"rots":[-5,-15,25,-25,5,15],"dils":[0.975,0.925,1.075,1.025,0.875,1.125]},{"id":"test","shape":"kite","outlier_type":0,"choice":2,"outlierPosition":5,"success":false,"majorityOfMostRegularShapes":true,"rt":4837.69999999553,"rot1":-5,"rot2":-15,"rot3":-25,"rot4":25,"rot5":15,"rot6":5,"dil1":0.875,"dil2":0.925,"dil3":1.025,"dil4":1.125,"dil5":1.075,"dil6":0.975,"rots":[-5,-15,-25,25,15,5],"dils":[0.875,0.925,1.025,1.125,1.075,0.975]},{"id":"test","shape":"rustedHinge","outlier_type":1,"choice":3,"outlierPosition":3,"success":true,"majorityOfMostRegularShapes":true,"rt":4808.4000000059605,"rot1":-15,"rot2":15,"rot3":25,"rot4":-5,"rot5":-25,"rot6":5,"dil1":0.975,"dil2":1.125,"dil3":0.925,"dil4":0.875,"dil5":1.025,"dil6":1.075,"rots":[-15,15,25,-5,-25,5],"dils":[0.975,1.125,0.925,0.875,1.025,1.075]},{"id":"test","shape":"rectangle","outlier_type":2,"choice":2,"outlierPosition":2,"success":true,"majorityOfMostRegularShapes":false,"rt":3615.7000000029802,"rot1":-5,"rot2":-25,"rot3":15,"rot4":5,"rot5":-15,"rot6":25,"dil1":1.125,"dil2":0.925,"dil3":0.875,"dil4":1.025,"dil5":0.975,"dil6":1.075,"rots":[-5,-25,15,5,-15,25],"dils":[1.125,0.925,0.875,1.025,0.975,1.075]},{"id":"test","shape":"losange","outlier_type":3,"choice":2,"outlierPosition":2,"success":true,"majorityOfMostRegularShapes":true,"rt":3467.2000000029802,"rot1":15,"rot2":-25,"rot3":5,"rot4":25,"rot5":-15,"rot6":-5,"dil1":0.975,"dil2":1.025,"dil3":1.125,"dil4":0.875,"dil5":0.925,"dil6":1.075,"rots":[15,-25,5,25,-15,-5],"dils":[0.975,1.025,1.125,0.875,0.925,1.075]},{"id":"test","shape":"rustedHinge","outlier_type":2,"choice":2,"outlierPosition":2,"success":true,"majorityOfMostRegularShapes":false,"rt":7056,"rot1":25,"rot2":-5,"rot3":15,"rot4":5,"rot5":-25,"rot6":-15,"dil1":1.075,"dil2":0.975,"dil3":1.025,"dil4":0.875,"dil5":1.125,"dil6":0.925,"rots":[25,-5,15,5,-25,-15],"dils":[1.075,0.975,1.025,0.875,1.125,0.925]},{"id":"test","shape":"isoTrapezoid","outlier_type":3,"choice":1,"outlierPosition":1,"success":true,"majorityOfMostRegularShapes":true,"rt":6476.9000000059605,"rot1":15,"rot2":-15,"rot3":-25,"rot4":-5,"rot5":25,"rot6":5,"dil1":1.075,"dil2":0.975,"dil3":0.925,"dil4":1.125,"dil5":0.875,"dil6":1.025,"rots":[15,-15,-25,-5,25,5],"dils":[1.075,0.975,0.925,1.125,0.875,1.025]},{"id":"test","shape":"parallelogram","outlier_type":0,"choice":2,"outlierPosition":5,"success":false,"majorityOfMostRegularShapes":true,"rt":5844.60000000149,"rot1":-15,"rot2":5,"rot3":-25,"rot4":25,"rot5":15,"rot6":-5,"dil1":0.875,"dil2":0.925,"dil3":1.025,"dil4":1.125,"dil5":0.975,"dil6":1.075,"rots":[-15,5,-25,25,15,-5],"dils":[0.875,0.925,1.025,1.125,0.975,1.075]},{"id":"test","shape":"parallelogram","outlier_type":2,"choice":1,"outlierPosition":1,"success":true,"majorityOfMostRegularShapes":false,"rt":3464.60000000149,"rot1":15,"rot2":-25,"rot3":-15,"rot4":-5,"rot5":25,"rot6":5,"dil1":0.925,"dil2":1.025,"dil3":0.875,"dil4":1.075,"dil5":1.125,"dil6":0.975,"rots":[15,-25,-15,-5,25,5],"dils":[0.925,1.025,0.875,1.075,1.125,0.975]},{"id":"test","shape":"random","outlier_type":3,"choice":1,"outlierPosition":3,"success":false,"majorityOfMostRegularShapes":false,"rt":9985.30000000447,"rot1":5,"rot2":25,"rot3":15,"rot4":-15,"rot5":-25,"rot6":-5,"dil1":1.025,"dil2":0.925,"dil3":1.125,"dil4":1.075,"dil5":0.975,"dil6":0.875,"rots":[5,25,15,-15,-25,-5],"dils":[1.025,0.925,1.125,1.075,0.975,0.875]},{"id":"test","shape":"square","outlier_type":0,"choice":3,"outlierPosition":3,"success":true,"majorityOfMostRegularShapes":true,"rt":2814.7999999970198,"rot1":-15,"rot2":5,"rot3":-5,"rot4":-25,"rot5":25,"rot6":15,"dil1":0.925,"dil2":0.975,"dil3":1.025,"dil4":1.125,"dil5":0.875,"dil6":1.075,"rots":[-15,5,-5,-25,25,15],"dils":[0.925,0.975,1.025,1.125,0.875,1.075]},{"id":"test","shape":"trapezoid","outlier_type":3,"choice":5,"outlierPosition":5,"success":true,"majorityOfMostRegularShapes":false,"rt":11593,"rot1":-5,"rot2":-25,"rot3":-15,"rot4":15,"rot5":25,"rot6":5,"dil1":1.025,"dil2":0.925,"dil3":0.975,"dil4":1.125,"dil5":1.075,"dil6":0.875,"rots":[-5,-25,-15,15,25,5],"dils":[1.025,0.925,0.975,1.125,1.075,0.875]},{"id":"test","shape":"losange","outlier_type":1,"choice":1,"outlierPosition":1,"success":true,"majorityOfMostRegularShapes":true,"rt":4995.5,"rot1":15,"rot2":5,"rot3":-15,"rot4":25,"rot5":-5,"rot6":-25,"dil1":0.925,"dil2":1.025,"dil3":1.125,"dil4":0.875,"dil5":1.075,"dil6":0.975,"rots":[15,5,-15,25,-5,-25],"dils":[0.925,1.025,1.125,0.875,1.075,0.975]},{"id":"test","shape":"isoTrapezoid","outlier_type":0,"choice":2,"outlierPosition":2,"success":true,"majorityOfMostRegularShapes":false,"rt":10137.79999999702,"rot1":-25,"rot2":25,"rot3":-5,"rot4":-15,"rot5":5,"rot6":15,"dil1":1.025,"dil2":0.975,"dil3":1.125,"dil4":0.925,"dil5":1.075,"dil6":0.875,"rots":[-25,25,-5,-15,5,15],"dils":[1.025,0.975,1.125,0.925,1.075,0.875]},{"id":"test","shape":"hinge","outlier_type":3,"choice":3,"outlierPosition":3,"success":true,"majorityOfMostRegularShapes":true,"rt":4706.89999999851,"rot1":-25,"rot2":-5,"rot3":25,"rot4":-15,"rot5":5,"rot6":15,"dil1":0.925,"dil2":1.025,"dil3":0.875,"dil4":1.075,"dil5":1.125,"dil6":0.975,"rots":[-25,-5,25,-15,5,15],"dils":[0.925,1.025,0.875,1.075,1.125,0.975]},{"id":"test","shape":"square","outlier_type":2,"choice":5,"outlierPosition":5,"success":true,"majorityOfMostRegularShapes":true,"rt":1708.5,"rot1":-25,"rot2":15,"rot3":-15,"rot4":25,"rot5":5,"rot6":-5,"dil1":1.025,"dil2":0.875,"dil3":1.075,"dil4":0.975,"dil5":1.125,"dil6":0.925,"rots":[-25,15,-15,25,5,-5],"dils":[1.025,0.875,1.075,0.975,1.125,0.925]},{"id":"test","shape":"rustedHinge","outlier_type":0,"choice":4,"outlierPosition":4,"success":true,"majorityOfMostRegularShapes":true,"rt":4709.70000000298,"rot1":25,"rot2":15,"rot3":-5,"rot4":5,"rot5":-15,"rot6":-25,"dil1":1.075,"dil2":0.975,"dil3":1.025,"dil4":1.125,"dil5":0.875,"dil6":0.925,"rots":[25,15,-5,5,-15,-25],"dils":[1.075,0.975,1.025,1.125,0.875,0.925]},{"id":"test","shape":"rectangle","outlier_type":2,"choice":1,"outlierPosition":1,"success":true,"majorityOfMostRegularShapes":true,"rt":2321.5,"rot1":-15,"rot2":5,"rot3":-25,"rot4":25,"rot5":15,"rot6":-5,"dil1":1.125,"dil2":0.925,"dil3":0.875,"dil4":0.975,"dil5":1.025,"dil6":1.075,"rots":[-15,5,-25,25,15,-5],"dils":[1.125,0.925,0.875,0.975,1.025,1.075]},{"id":"test","shape":"hinge","outlier_type":1,"choice":5,"outlierPosition":1,"success":false,"majorityOfMostRegularShapes":true,"rt":7867.10000000149,"rot1":5,"rot2":15,"rot3":-15,"rot4":-5,"rot5":-25,"rot6":25,"dil1":0.875,"dil2":1.075,"dil3":1.125,"dil4":0.925,"dil5":1.025,"dil6":0.975,"rots":[5,15,-15,-5,-25,25],"dils":[0.875,1.075,1.125,0.925,1.025,0.975]},{"id":"test","shape":"parallelogram","outlier_type":0,"choice":4,"outlierPosition":4,"success":true,"majorityOfMostRegularShapes":false,"rt":2941.89999999851,"rot1":25,"rot2":-15,"rot3":-5,"rot4":15,"rot5":-25,"rot6":5,"dil1":1.025,"dil2":0.975,"dil3":1.075,"dil4":0.875,"dil5":0.925,"dil6":1.125,"rots":[25,-15,-5,15,-25,5],"dils":[1.025,0.975,1.075,0.875,0.925,1.125]},{"id":"test","shape":"rectangle","outlier_type":3,"choice":2,"outlierPosition":2,"success":true,"majorityOfMostRegularShapes":false,"rt":5435.89999999851,"rot1":-25,"rot2":15,"rot3":25,"rot4":5,"rot5":-5,"rot6":-15,"dil1":1.125,"dil2":0.875,"dil3":1.025,"dil4":0.925,"dil5":1.075,"dil6":0.975,"rots":[-25,15,25,5,-5,-15],"dils":[1.125,0.875,1.025,0.925,1.075,0.975]},{"id":"test","shape":"rightKite","outlier_type":1,"choice":3,"outlierPosition":3,"success":true,"majorityOfMostRegularShapes":true,"rt":10136.39999999851,"rot1":25,"rot2":15,"rot3":5,"rot4":-5,"rot5":-15,"rot6":-25,"dil1":0.975,"dil2":1.075,"dil3":1.125,"dil4":0.875,"dil5":1.025,"dil6":0.925,"rots":[25,15,5,-5,-15,-25],"dils":[0.975,1.075,1.125,0.875,1.025,0.925]},{"id":"test","shape":"square","outlier_type":3,"choice":0,"outlierPosition":0,"success":true,"majorityOfMostRegularShapes":false,"rt":2359.5,"rot1":25,"rot2":15,"rot3":-15,"rot4":-25,"rot5":5,"rot6":-5,"dil1":1.125,"dil2":0.875,"dil3":0.975,"dil4":1.025,"dil5":1.075,"dil6":0.925,"rots":[25,15,-15,-25,5,-5],"dils":[1.125,0.875,0.975,1.025,1.075,0.925]},{"id":"test","shape":"losange","outlier_type":0,"choice":2,"outlierPosition":1,"success":false,"majorityOfMostRegularShapes":false,"rt":7395.5,"rot1":5,"rot2":-5,"rot3":-25,"rot4":15,"rot5":-15,"rot6":25,"dil1":1.025,"dil2":0.975,"dil3":1.125,"dil4":1.075,"dil5":0.925,"dil6":0.875,"rots":[5,-5,-25,15,-15,25],"dils":[1.025,0.975,1.125,1.075,0.925,0.875]},{"id":"test","shape":"hinge","outlier_type":0,"choice":5,"outlierPosition":5,"success":true,"majorityOfMostRegularShapes":false,"rt":5975.89999999851,"rot1":-15,"rot2":25,"rot3":5,"rot4":-5,"rot5":15,"rot6":-25,"dil1":0.925,"dil2":0.875,"dil3":1.125,"dil4":0.975,"dil5":1.075,"dil6":1.025,"rots":[-15,25,5,-5,15,-25],"dils":[0.925,0.875,1.125,0.975,1.075,1.025]},{"id":"test","shape":"parallelogram","outlier_type":1,"choice":4,"outlierPosition":4,"success":true,"majorityOfMostRegularShapes":true,"rt":3418,"rot1":5,"rot2":15,"rot3":-15,"rot4":-25,"rot5":25,"rot6":-5,"dil1":0.975,"dil2":0.925,"dil3":1.025,"dil4":1.125,"dil5":1.075,"dil6":0.875,"rots":[5,15,-15,-25,25,-5],"dils":[0.975,0.925,1.025,1.125,1.075,0.875]},{"id":"test","shape":"rightKite","outlier_type":2,"choice":4,"outlierPosition":4,"success":true,"majorityOfMostRegularShapes":true,"rt":10204.89999999851,"rot1":-25,"rot2":25,"rot3":5,"rot4":15,"rot5":-5,"rot6":-15,"dil1":1.025,"dil2":1.075,"dil3":0.975,"dil4":1.125,"dil5":0.875,"dil6":0.925,"rots":[-25,25,5,15,-5,-15],"dils":[1.025,1.075,0.975,1.125,0.875,0.925]},{"id":"test","shape":"hinge","outlier_type":1,"choice":5,"outlierPosition":0,"success":false,"majorityOfMostRegularShapes":false,"rt":6793.29999999702,"rot1":-25,"rot2":5,"rot3":15,"rot4":25,"rot5":-5,"rot6":-15,"dil1":0.875,"dil2":1.125,"dil3":0.925,"dil4":0.975,"dil5":1.075,"dil6":1.025,"rots":[-25,5,15,25,-5,-15],"dils":[0.875,1.125,0.925,0.975,1.075,1.025]},{"id":"test","shape":"kite","outlier_type":3,"choice":0,"outlierPosition":0,"success":true,"majorityOfMostRegularShapes":true,"rt":5179.30000000447,"rot1":5,"rot2":-15,"rot3":15,"rot4":25,"rot5":-25,"rot6":-5,"dil1":0.975,"dil2":0.925,"dil3":0.875,"dil4":1.025,"dil5":1.125,"dil6":1.075,"rots":[5,-15,15,25,-25,-5],"dils":[0.975,0.925,0.875,1.025,1.125,1.075]},{"id":"test","shape":"isoTrapezoid","outlier_type":2,"choice":0,"outlierPosition":0,"success":true,"majorityOfMostRegularShapes":true,"rt":2984,"rot1":-15,"rot2":15,"rot3":25,"rot4":5,"rot5":-5,"rot6":-25,"dil1":0.925,"dil2":0.875,"dil3":1.125,"dil4":0.975,"dil5":1.075,"dil6":1.025,"rots":[-15,15,25,5,-5,-25],"dils":[0.925,0.875,1.125,0.975,1.075,1.025]},{"id":"test","shape":"kite","outlier_type":0,"choice":2,"outlierPosition":2,"success":true,"majorityOfMostRegularShapes":false,"rt":9604.10000000149,"rot1":-25,"rot2":25,"rot3":15,"rot4":5,"rot5":-5,"rot6":-15,"dil1":0.925,"dil2":0.975,"dil3":0.875,"dil4":1.075,"dil5":1.125,"dil6":1.025,"rots":[-25,25,15,5,-5,-15],"dils":[0.925,0.975,0.875,1.075,1.125,1.025]},{"id":"test","shape":"rightKite","outlier_type":3,"choice":1,"outlierPosition":1,"success":true,"majorityOfMostRegularShapes":false,"rt":1855,"rot1":-5,"rot2":-25,"rot3":5,"rot4":15,"rot5":-15,"rot6":25,"dil1":0.875,"dil2":0.925,"dil3":1.125,"dil4":0.975,"dil5":1.025,"dil6":1.075,"rots":[-5,-25,5,15,-15,25],"dils":[0.875,0.925,1.125,0.975,1.025,1.075]}],"desiredDistance":0.3,"trial_type":"oddball-grid","trial_index":5,"time_elapsed":1289090,"internal_node_id":"0.0-5.0","score":0.8068181818181818,"early_termination":false}]