[{"rt":2099,"url":"external-consent.html","trial_type":"external-html","trial_index":0,"time_elapsed":2120,"internal_node_id":"0.0-0.0","score":0.7386363636363636,"early_termination":false},{"rt":5737,"responses":"{\"Q0\":\"NA\",\"Q1\":\"NA\",\"Q2\":\"NA\"}","trial_type":"survey-text","trial_index":1,"time_elapsed":7858,"internal_node_id":"0.0-1.0","score":0.7386363636363636,"early_termination":false},{"success":true,"trial_type":"fullscreen","trial_index":2,"time_elapsed":136047,"internal_node_id":"0.0-2.0","score":0.7386363636363636,"early_termination":false},{"results":[{"id":"train-images","loop_number":1,"shape":"test6","outlier_type":"NA","choice":0,"outlierPosition":0,"success":true,"majorityOfMostRegularShapes":false,"rt":2949,"rot1":15,"rot2":-5,"rot3":-25,"rot4":5,"rot5":-15,"rot6":25,"dil1":0.875,"dil2":1.025,"dil3":1.125,"dil4":0.975,"dil5":1.075,"dil6":0.925,"rots":[15,-5,-25,5,-15,25],"dils":[0.875,1.025,1.125,0.975,1.075,0.925],"possible_pos":[0,1,2,3,4,5]},{"id":"train-images","loop_number":1,"shape":"test8","outlier_type":"NA","choice":5,"outlierPosition":5,"success":true,"majorityOfMostRegularShapes":true,"rt":957,"rot1":-25,"rot2":5,"rot3":15,"rot4":-5,"rot5":-15,"rot6":25,"dil1":1.125,"dil2":1.025,"dil3":0.875,"dil4":0.975,"dil5":0.925,"dil6":1.075,"rots":[-25,5,15,-5,-15,25],"dils":[1.125,1.025,0.875,0.975,0.925,1.075],"possible_pos":[0,1,2,3,4,5]},{"id":"train-images","loop_number":1,"shape":"test2","outlier_type":"NA","choice":5,"outlierPosition":5,"success":true,"majorityOfMostRegularShapes":false,"rt":724,"rot1":-5,"rot2":25,"rot3":15,"rot4":-15,"rot5":5,"rot6":-25,"dil1":0.975,"dil2":1.025,"dil3":0.875,"dil4":0.925,"dil5":1.075,"dil6":1.125,"rots":[-5,25,15,-15,5,-25],"dils":[0.975,1.025,0.875,0.925,1.075,1.125],"possible_pos":[0,1,2,3,4,5]},{"id":"train-images","loop_number":1,"shape":"test3","outlier_type":"NA","choice":1,"outlierPosition":1,"success":true,"majorityOfMostRegularShapes":false,"rt":1064,"rot1":-25,"rot2":-15,"rot3":-5,"rot4":5,"rot5":15,"rot6":25,"dil1":0.875,"dil2":0.975,"dil3":1.125,"dil4":1.075,"dil5":1.025,"dil6":0.925,"rots":[-25,-15,-5,5,15,25],"dils":[0.875,0.975,1.125,1.075,1.025,0.925],"possible_pos":[0,1,2,3,4,5]},{"id":"train-images","loop_number":1,"shape":"test7","outlier_type":"NA","choice":2,"outlierPosition":2,"success":true,"majorityOfMostRegularShapes":false,"rt":663,"rot1":-15,"rot2":25,"rot3":-25,"rot4":-5,"rot5":5,"rot6":15,"dil1":0.975,"dil2":1.125,"dil3":1.075,"dil4":0.925,"dil5":0.875,"dil6":1.025,"rots":[-15,25,-25,-5,5,15],"dils":[0.975,1.125,1.075,0.925,0.875,1.025],"possible_pos":[0,1,2,3,4,5]},{"id":"train-images","loop_number":1,"shape":"test5","outlier_type":"NA","choice":2,"outlierPosition":2,"success":true,"majorityOfMostRegularShapes":true,"rt":708,"rot1":25,"rot2":-15,"rot3":5,"rot4":-25,"rot5":15,"rot6":-5,"dil1":1.075,"dil2":1.025,"dil3":0.875,"dil4":0.975,"dil5":1.125,"dil6":0.925,"rots":[25,-15,5,-25,15,-5],"dils":[1.075,1.025,0.875,0.975,1.125,0.925],"possible_pos":[0,1,2,3,4,5]},{"id":"train-images","loop_number":1,"shape":"test9","outlier_type":"NA","choice":0,"outlierPosition":0,"success":true,"majorityOfMostRegularShapes":true,"rt":750,"rot1":-5,"rot2":15,"rot3":5,"rot4":-15,"rot5":25,"rot6":-25,"dil1":1.125,"dil2":1.075,"dil3":0.875,"dil4":0.925,"dil5":1.025,"dil6":0.975,"rots":[-5,15,5,-15,25,-25],"dils":[1.125,1.075,0.875,0.925,1.025,0.975],"possible_pos":[0,1,2,3,4,5]},{"id":"train-images","loop_number":1,"shape":"test4","outlier_type":"NA","choice":1,"outlierPosition":1,"success":true,"majorityOfMostRegularShapes":false,"rt":1198,"rot1":-5,"rot2":-15,"rot3":15,"rot4":-25,"rot5":5,"rot6":25,"dil1":0.975,"dil2":1.025,"dil3":0.925,"dil4":0.875,"dil5":1.125,"dil6":1.075,"rots":[-5,-15,15,-25,5,25],"dils":[0.975,1.025,0.925,0.875,1.125,1.075],"possible_pos":[0,1,2,3,4,5]},{"id":"train-images","loop_number":1,"shape":"test1","outlier_type":"NA","choice":1,"outlierPosition":1,"success":true,"majorityOfMostRegularShapes":true,"rt":707,"rot1":25,"rot2":5,"rot3":-25,"rot4":-5,"rot5":-15,"rot6":15,"dil1":1.125,"dil2":0.975,"dil3":1.075,"dil4":0.875,"dil5":1.025,"dil6":0.925,"rots":[25,5,-25,-5,-15,15],"dils":[1.125,0.975,1.075,0.875,1.025,0.925],"possible_pos":[0,1,2,3,4,5]},{"id":"train-images","loop_number":1,"shape":"test10","outlier_type":"NA","choice":2,"outlierPosition":2,"success":true,"majorityOfMostRegularShapes":false,"rt":689,"rot1":-15,"rot2":-25,"rot3":15,"rot4":5,"rot5":-5,"rot6":25,"dil1":0.925,"dil2":0.875,"dil3":1.075,"dil4":1.025,"dil5":0.975,"dil6":1.125,"rots":[-15,-25,15,5,-5,25],"dils":[0.925,0.875,1.075,1.025,0.975,1.125],"possible_pos":[0,1,2,3,4,5]},{"id":"train-images","loop_number":1,"shape":"test1","outlier_type":"NA","choice":2,"outlierPosition":2,"success":true,"majorityOfMostRegularShapes":false,"rt":598,"rot1":-15,"rot2":-25,"rot3":5,"rot4":25,"rot5":15,"rot6":-5,"dil1":0.925,"dil2":0.975,"dil3":1.025,"dil4":1.075,"dil5":0.875,"dil6":1.125,"rots":[-15,-25,5,25,15,-5],"dils":[0.925,0.975,1.025,1.075,0.875,1.125],"possible_pos":[0,1,2,3,4,5]},{"id":"train-images","loop_number":1,"shape":"test6","outlier_type":"NA","choice":4,"outlierPosition":1,"success":false,"majorityOfMostRegularShapes":true,"rt":876,"rot1":-15,"rot2":-5,"rot3":5,"rot4":-25,"rot5":15,"rot6":25,"dil1":0.975,"dil2":1.025,"dil3":0.875,"dil4":1.075,"dil5":1.125,"dil6":0.925,"rots":[-15,-5,5,-25,15,25],"dils":[0.975,1.025,0.875,1.075,1.125,0.925],"possible_pos":[0,1,2,3,4,5]},{"id":"train-images","loop_number":1,"shape":"test3","outlier_type":"NA","choice":3,"outlierPosition":3,"success":true,"majorityOfMostRegularShapes":true,"rt":925,"rot1":15,"rot2":25,"rot3":5,"rot4":-15,"rot5":-25,"rot6":-5,"dil1":0.875,"dil2":1.125,"dil3":1.075,"dil4":1.025,"dil5":0.925,"dil6":0.975,"rots":[15,25,5,-15,-25,-5],"dils":[0.875,1.125,1.075,1.025,0.925,0.975],"possible_pos":[0,1,2,3,4,5]},{"id":"train-images","loop_number":1,"shape":"test7","outlier_type":"NA","choice":1,"outlierPosition":1,"success":true,"majorityOfMostRegularShapes":true,"rt":761,"rot1":-15,"rot2":25,"rot3":5,"rot4":-5,"rot5":15,"rot6":-25,"dil1":0.975,"dil2":1.075,"dil3":1.025,"dil4":0.875,"dil5":0.925,"dil6":1.125,"rots":[-15,25,5,-5,15,-25],"dils":[0.975,1.075,1.025,0.875,0.925,1.125],"possible_pos":[0,1,2,3,4,5]},{"id":"train-images","loop_number":1,"shape":"test4","outlier_type":"NA","choice":1,"outlierPosition":1,"success":true,"majorityOfMostRegularShapes":true,"rt":1370,"rot1":5,"rot2":25,"rot3":-25,"rot4":15,"rot5":-5,"rot6":-15,"dil1":1.125,"dil2":0.975,"dil3":0.875,"dil4":1.075,"dil5":1.025,"dil6":0.925,"rots":[5,25,-25,15,-5,-15],"dils":[1.125,0.975,0.875,1.075,1.025,0.925],"possible_pos":[0,1,2,3,4,5]},{"id":"train-images","loop_number":1,"shape":"test10","outlier_type":"NA","choice":4,"outlierPosition":4,"success":true,"majorityOfMostRegularShapes":true,"rt":642,"rot1":-15,"rot2":15,"rot3":5,"rot4":-25,"rot5":-5,"rot6":25,"dil1":1.075,"dil2":0.925,"dil3":0.875,"dil4":1.125,"dil5":0.975,"dil6":1.025,"rots":[-15,15,5,-25,-5,25],"dils":[1.075,0.925,0.875,1.125,0.975,1.025],"possible_pos":[0,1,2,3,4,5]},{"id":"train-images","loop_number":1,"shape":"test5","outlier_type":"NA","choice":0,"outlierPosition":0,"success":true,"majorityOfMostRegularShapes":false,"rt":756,"rot1":-15,"rot2":-5,"rot3":25,"rot4":-25,"rot5":15,"rot6":5,"dil1":0.925,"dil2":1.125,"dil3":1.075,"dil4":0.875,"dil5":1.025,"dil6":0.975,"rots":[-15,-5,25,-25,15,5],"dils":[0.925,1.125,1.075,0.875,1.025,0.975],"possible_pos":[0,1,2,3,4,5]},{"id":"train-images","loop_number":1,"shape":"test8","outlier_type":"NA","choice":3,"outlierPosition":3,"success":true,"majorityOfMostRegularShapes":false,"rt":534,"rot1":-25,"rot2":15,"rot3":-5,"rot4":25,"rot5":-15,"rot6":5,"dil1":0.875,"dil2":0.925,"dil3":1.075,"dil4":1.125,"dil5":1.025,"dil6":0.975,"rots":[-25,15,-5,25,-15,5],"dils":[0.875,0.925,1.075,1.125,1.025,0.975],"possible_pos":[0,1,2,3,4,5]},{"id":"train-images","loop_number":1,"shape":"test2","outlier_type":"NA","choice":2,"outlierPosition":2,"success":true,"majorityOfMostRegularShapes":true,"rt":661,"rot1":-5,"rot2":-15,"rot3":-25,"rot4":25,"rot5":5,"rot6":15,"dil1":1.075,"dil2":0.875,"dil3":1.025,"dil4":0.975,"dil5":1.125,"dil6":0.925,"rots":[-5,-15,-25,25,5,15],"dils":[1.075,0.875,1.025,0.975,1.125,0.925],"possible_pos":[0,1,2,3,4,5]},{"id":"train-images","loop_number":1,"shape":"test9","outlier_type":"NA","choice":2,"outlierPosition":2,"success":true,"majorityOfMostRegularShapes":false,"rt":635,"rot1":15,"rot2":-15,"rot3":25,"rot4":5,"rot5":-5,"rot6":-25,"dil1":1.075,"dil2":0.925,"dil3":0.875,"dil4":1.025,"dil5":0.975,"dil6":1.125,"rots":[15,-15,25,5,-5,-25],"dils":[1.075,0.925,0.875,1.025,0.975,1.125],"possible_pos":[0,1,2,3,4,5]}],"trial_type":"oddball-grid-image","trial_index":3,"time_elapsed":230916,"internal_node_id":"0.0-3.0","score":0.7386363636363636,"early_termination":false},{"results":[{"id":"gen2","loop_number":1,"shape":1,"outlier_type":"NA","choice":5,"outlierPosition":5,"success":true,"majorityOfMostRegularShapes":true,"rt":626,"rot1":-15,"rot2":-25,"rot3":5,"rot4":-5,"rot5":25,"rot6":15,"dil1":1.075,"dil2":1.025,"dil3":0.875,"dil4":0.975,"dil5":1.125,"dil6":0.925,"rots":[-15,-25,5,-5,25,15],"dils":[1.075,1.025,0.875,0.975,1.125,0.925]},{"id":"gen2","loop_number":1,"shape":2,"outlier_type":"NA","choice":0,"outlierPosition":0,"success":true,"majorityOfMostRegularShapes":true,"rt":750,"rot1":25,"rot2":-15,"rot3":15,"rot4":-5,"rot5":5,"rot6":-25,"dil1":0.975,"dil2":0.925,"dil3":1.075,"dil4":1.025,"dil5":1.125,"dil6":0.875,"rots":[25,-15,15,-5,5,-25],"dils":[0.975,0.925,1.075,1.025,1.125,0.875]},{"id":"gen2","loop_number":1,"shape":0,"outlier_type":"NA","choice":3,"outlierPosition":3,"success":true,"majorityOfMostRegularShapes":false,"rt":725,"rot1":25,"rot2":-25,"rot3":-15,"rot4":-5,"rot5":15,"rot6":5,"dil1":1.125,"dil2":1.025,"dil3":0.975,"dil4":1.075,"dil5":0.875,"dil6":0.925,"rots":[25,-25,-15,-5,15,5],"dils":[1.125,1.025,0.975,1.075,0.875,0.925]},{"id":"gen2","loop_number":1,"shape":2,"outlier_type":"NA","choice":3,"outlierPosition":3,"success":true,"majorityOfMostRegularShapes":false,"rt":825,"rot1":-25,"rot2":-15,"rot3":25,"rot4":5,"rot5":-5,"rot6":15,"dil1":0.925,"dil2":0.975,"dil3":1.075,"dil4":0.875,"dil5":1.125,"dil6":1.025,"rots":[-25,-15,25,5,-5,15],"dils":[0.925,0.975,1.075,0.875,1.125,1.025]},{"id":"gen2","loop_number":1,"shape":1,"outlier_type":"NA","choice":0,"outlierPosition":0,"success":true,"majorityOfMostRegularShapes":true,"rt":653,"rot1":-5,"rot2":15,"rot3":-15,"rot4":25,"rot5":-25,"rot6":5,"dil1":0.975,"dil2":0.925,"dil3":1.025,"dil4":1.075,"dil5":0.875,"dil6":1.125,"rots":[-5,15,-15,25,-25,5],"dils":[0.975,0.925,1.025,1.075,0.875,1.125]},{"id":"gen2","loop_number":1,"shape":0,"outlier_type":"NA","choice":1,"outlierPosition":1,"success":true,"majorityOfMostRegularShapes":true,"rt":1263,"rot1":-25,"rot2":15,"rot3":-5,"rot4":25,"rot5":5,"rot6":-15,"dil1":0.875,"dil2":0.925,"dil3":1.125,"dil4":1.075,"dil5":1.025,"dil6":0.975,"rots":[-25,15,-5,25,5,-15],"dils":[0.875,0.925,1.125,1.075,1.025,0.975]},{"id":"gen2","loop_number":1,"shape":1,"outlier_type":"NA","choice":0,"outlierPosition":0,"success":true,"majorityOfMostRegularShapes":false,"rt":648,"rot1":-5,"rot2":15,"rot3":-25,"rot4":25,"rot5":5,"rot6":-15,"dil1":1.075,"dil2":0.975,"dil3":1.125,"dil4":1.025,"dil5":0.925,"dil6":0.875,"rots":[-5,15,-25,25,5,-15],"dils":[1.075,0.975,1.125,1.025,0.925,0.875]},{"id":"gen2","loop_number":1,"shape":2,"outlier_type":"NA","choice":3,"outlierPosition":3,"success":true,"majorityOfMostRegularShapes":false,"rt":947,"rot1":5,"rot2":-25,"rot3":15,"rot4":25,"rot5":-15,"rot6":-5,"dil1":1.025,"dil2":0.875,"dil3":1.125,"dil4":1.075,"dil5":0.975,"dil6":0.925,"rots":[5,-25,15,25,-15,-5],"dils":[1.025,0.875,1.125,1.075,0.975,0.925]},{"id":"gen2","loop_number":1,"shape":0,"outlier_type":"NA","choice":1,"outlierPosition":1,"success":true,"majorityOfMostRegularShapes":true,"rt":910,"rot1":15,"rot2":-15,"rot3":-25,"rot4":5,"rot5":-5,"rot6":25,"dil1":1.025,"dil2":1.125,"dil3":0.925,"dil4":1.075,"dil5":0.975,"dil6":0.875,"rots":[15,-15,-25,5,-5,25],"dils":[1.025,1.125,0.925,1.075,0.975,0.875]},{"id":"gen2","loop_number":1,"shape":1,"outlier_type":"NA","choice":1,"outlierPosition":1,"success":true,"majorityOfMostRegularShapes":false,"rt":697,"rot1":-15,"rot2":-25,"rot3":15,"rot4":25,"rot5":5,"rot6":-5,"dil1":1.025,"dil2":0.925,"dil3":1.125,"dil4":0.875,"dil5":0.975,"dil6":1.075,"rots":[-15,-25,15,25,5,-5],"dils":[1.025,0.925,1.125,0.875,0.975,1.075]},{"id":"gen2","loop_number":1,"shape":0,"outlier_type":"NA","choice":4,"outlierPosition":4,"success":true,"majorityOfMostRegularShapes":false,"rt":927,"rot1":15,"rot2":25,"rot3":-15,"rot4":-5,"rot5":-25,"rot6":5,"dil1":1.075,"dil2":0.875,"dil3":0.925,"dil4":1.025,"dil5":0.975,"dil6":1.125,"rots":[15,25,-15,-5,-25,5],"dils":[1.075,0.875,0.925,1.025,0.975,1.125]},{"id":"gen2","loop_number":1,"shape":2,"outlier_type":"NA","choice":3,"outlierPosition":3,"success":true,"majorityOfMostRegularShapes":false,"rt":647,"rot1":15,"rot2":-5,"rot3":-25,"rot4":25,"rot5":-15,"rot6":5,"dil1":0.875,"dil2":1.025,"dil3":1.075,"dil4":1.125,"dil5":0.925,"dil6":0.975,"rots":[15,-5,-25,25,-15,5],"dils":[0.875,1.025,1.075,1.125,0.925,0.975]},{"id":"gen2","loop_number":1,"shape":0,"outlier_type":"NA","choice":2,"outlierPosition":2,"success":true,"majorityOfMostRegularShapes":false,"rt":711,"rot1":25,"rot2":5,"rot3":-25,"rot4":-5,"rot5":-15,"rot6":15,"dil1":0.875,"dil2":0.925,"dil3":0.975,"dil4":1.075,"dil5":1.125,"dil6":1.025,"rots":[25,5,-25,-5,-15,15],"dils":[0.875,0.925,0.975,1.075,1.125,1.025]},{"id":"gen2","loop_number":1,"shape":1,"outlier_type":"NA","choice":4,"outlierPosition":4,"success":true,"majorityOfMostRegularShapes":true,"rt":606,"rot1":-15,"rot2":-5,"rot3":25,"rot4":15,"rot5":-25,"rot6":5,"dil1":1.075,"dil2":0.975,"dil3":1.125,"dil4":1.025,"dil5":0.875,"dil6":0.925,"rots":[-15,-5,25,15,-25,5],"dils":[1.075,0.975,1.125,1.025,0.875,0.925]},{"id":"gen2","loop_number":1,"shape":0,"outlier_type":"NA","choice":2,"outlierPosition":2,"success":true,"majorityOfMostRegularShapes":true,"rt":808,"rot1":-25,"rot2":-15,"rot3":15,"rot4":25,"rot5":-5,"rot6":5,"dil1":0.875,"dil2":0.975,"dil3":1.125,"dil4":1.025,"dil5":0.925,"dil6":1.075,"rots":[-25,-15,15,25,-5,5],"dils":[0.875,0.975,1.125,1.025,0.925,1.075]},{"id":"gen2","loop_number":1,"shape":2,"outlier_type":"NA","choice":0,"outlierPosition":0,"success":true,"majorityOfMostRegularShapes":true,"rt":659,"rot1":5,"rot2":-15,"rot3":-5,"rot4":15,"rot5":25,"rot6":-25,"dil1":0.875,"dil2":1.075,"dil3":0.925,"dil4":1.025,"dil5":0.975,"dil6":1.125,"rots":[5,-15,-5,15,25,-25],"dils":[0.875,1.075,0.925,1.025,0.975,1.125]},{"id":"gen2","loop_number":1,"shape":1,"outlier_type":"NA","choice":1,"outlierPosition":1,"success":true,"majorityOfMostRegularShapes":false,"rt":730,"rot1":-15,"rot2":-25,"rot3":15,"rot4":25,"rot5":-5,"rot6":5,"dil1":0.925,"dil2":1.125,"dil3":0.975,"dil4":1.075,"dil5":0.875,"dil6":1.025,"rots":[-15,-25,15,25,-5,5],"dils":[0.925,1.125,0.975,1.075,0.875,1.025]},{"id":"gen2","loop_number":1,"shape":2,"outlier_type":"NA","choice":0,"outlierPosition":0,"success":true,"majorityOfMostRegularShapes":true,"rt":560,"rot1":-5,"rot2":25,"rot3":5,"rot4":-15,"rot5":15,"rot6":-25,"dil1":0.975,"dil2":0.925,"dil3":1.025,"dil4":1.075,"dil5":0.875,"dil6":1.125,"rots":[-5,25,5,-15,15,-25],"dils":[0.975,0.925,1.025,1.075,0.875,1.125]}],"trial_type":"oddball-grid-easy","trial_index":4,"time_elapsed":270355,"internal_node_id":"0.0-4.0","score":0.7386363636363636,"early_termination":false},{"results":[{"id":"test","shape":"rightKite","outlier_type":3,"choice":2,"outlierPosition":2,"success":true,"majorityOfMostRegularShapes":false,"rt":4646,"rot1":-15,"rot2":25,"rot3":-25,"rot4":5,"rot5":15,"rot6":-5,"dil1":1.025,"dil2":0.875,"dil3":1.125,"dil4":0.925,"dil5":1.075,"dil6":0.975,"rots":[-15,25,-25,5,15,-5],"dils":[1.025,0.875,1.125,0.925,1.075,0.975]},{"id":"test","shape":"parallelogram","outlier_type":1,"choice":3,"outlierPosition":3,"success":true,"majorityOfMostRegularShapes":true,"rt":2375,"rot1":15,"rot2":-5,"rot3":-15,"rot4":5,"rot5":-25,"rot6":25,"dil1":0.975,"dil2":1.125,"dil3":1.025,"dil4":0.925,"dil5":0.875,"dil6":1.075,"rots":[15,-5,-15,5,-25,25],"dils":[0.975,1.125,1.025,0.925,0.875,1.075]},{"id":"test","shape":"square","outlier_type":2,"choice":3,"outlierPosition":3,"success":true,"majorityOfMostRegularShapes":true,"rt":1152,"rot1":-15,"rot2":5,"rot3":25,"rot4":-5,"rot5":15,"rot6":-25,"dil1":1.125,"dil2":1.075,"dil3":0.925,"dil4":0.975,"dil5":1.025,"dil6":0.875,"rots":[-15,5,25,-5,15,-25],"dils":[1.125,1.075,0.925,0.975,1.025,0.875]},{"id":"test","shape":"rustedHinge","outlier_type":1,"choice":4,"outlierPosition":1,"success":false,"majorityOfMostRegularShapes":true,"rt":1668,"rot1":5,"rot2":-15,"rot3":25,"rot4":-5,"rot5":-25,"rot6":15,"dil1":1.025,"dil2":1.075,"dil3":1.125,"dil4":0.875,"dil5":0.975,"dil6":0.925,"rots":[5,-15,25,-5,-25,15],"dils":[1.025,1.075,1.125,0.875,0.975,0.925]},{"id":"test","shape":"kite","outlier_type":2,"choice":0,"outlierPosition":0,"success":true,"majorityOfMostRegularShapes":false,"rt":2306,"rot1":-5,"rot2":-25,"rot3":-15,"rot4":5,"rot5":25,"rot6":15,"dil1":0.875,"dil2":1.125,"dil3":0.975,"dil4":1.075,"dil5":0.925,"dil6":1.025,"rots":[-5,-25,-15,5,25,15],"dils":[0.875,1.125,0.975,1.075,0.925,1.025]},{"id":"test","shape":"losange","outlier_type":0,"choice":3,"outlierPosition":3,"success":true,"majorityOfMostRegularShapes":true,"rt":2838,"rot1":5,"rot2":-5,"rot3":-25,"rot4":15,"rot5":-15,"rot6":25,"dil1":0.975,"dil2":0.925,"dil3":1.025,"dil4":1.075,"dil5":1.125,"dil6":0.875,"rots":[5,-5,-25,15,-15,25],"dils":[0.975,0.925,1.025,1.075,1.125,0.875]},{"id":"test","shape":"rustedHinge","outlier_type":3,"choice":4,"outlierPosition":0,"success":false,"majorityOfMostRegularShapes":true,"rt":1140,"rot1":5,"rot2":-15,"rot3":-5,"rot4":15,"rot5":-25,"rot6":25,"dil1":0.875,"dil2":0.925,"dil3":0.975,"dil4":1.075,"dil5":1.125,"dil6":1.025,"rots":[5,-15,-5,15,-25,25],"dils":[0.875,0.925,0.975,1.075,1.125,1.025]},{"id":"test","shape":"kite","outlier_type":1,"choice":5,"outlierPosition":3,"success":false,"majorityOfMostRegularShapes":true,"rt":3547,"rot1":25,"rot2":15,"rot3":5,"rot4":-15,"rot5":-5,"rot6":-25,"dil1":0.875,"dil2":1.025,"dil3":1.125,"dil4":1.075,"dil5":0.975,"dil6":0.925,"rots":[25,15,5,-15,-5,-25],"dils":[0.875,1.025,1.125,1.075,0.975,0.925]},{"id":"test","shape":"rustedHinge","outlier_type":0,"choice":0,"outlierPosition":0,"success":true,"majorityOfMostRegularShapes":false,"rt":1808,"rot1":-15,"rot2":-5,"rot3":5,"rot4":25,"rot5":15,"rot6":-25,"dil1":1.075,"dil2":1.125,"dil3":1.025,"dil4":0.875,"dil5":0.975,"dil6":0.925,"rots":[-15,-5,5,25,15,-25],"dils":[1.075,1.125,1.025,0.875,0.975,0.925]},{"id":"test","shape":"trapezoid","outlier_type":2,"choice":5,"outlierPosition":1,"success":false,"majorityOfMostRegularShapes":false,"rt":7163,"rot1":-15,"rot2":-25,"rot3":15,"rot4":-5,"rot5":25,"rot6":5,"dil1":1.025,"dil2":0.975,"dil3":1.125,"dil4":0.875,"dil5":1.075,"dil6":0.925,"rots":[-15,-25,15,-5,25,5],"dils":[1.025,0.975,1.125,0.875,1.075,0.925]},{"id":"test","shape":"random","outlier_type":0,"choice":1,"outlierPosition":2,"success":false,"majorityOfMostRegularShapes":false,"rt":4752,"rot1":-25,"rot2":15,"rot3":-5,"rot4":-15,"rot5":25,"rot6":5,"dil1":0.875,"dil2":1.125,"dil3":1.025,"dil4":0.975,"dil5":1.075,"dil6":0.925,"rots":[-25,15,-5,-15,25,5],"dils":[0.875,1.125,1.025,0.975,1.075,0.925]},{"id":"test","shape":"rectangle","outlier_type":3,"choice":1,"outlierPosition":1,"success":true,"majorityOfMostRegularShapes":false,"rt":1556,"rot1":-25,"rot2":-15,"rot3":5,"rot4":25,"rot5":15,"rot6":-5,"dil1":0.925,"dil2":1.025,"dil3":1.125,"dil4":0.875,"dil5":1.075,"dil6":0.975,"rots":[-25,-15,5,25,15,-5],"dils":[0.925,1.025,1.125,0.875,1.075,0.975]},{"id":"test","shape":"isoTrapezoid","outlier_type":1,"choice":3,"outlierPosition":3,"success":true,"majorityOfMostRegularShapes":false,"rt":2747,"rot1":-15,"rot2":5,"rot3":-25,"rot4":-5,"rot5":15,"rot6":25,"dil1":1.025,"dil2":0.925,"dil3":1.075,"dil4":0.875,"dil5":0.975,"dil6":1.125,"rots":[-15,5,-25,-5,15,25],"dils":[1.025,0.925,1.075,0.875,0.975,1.125]},{"id":"test","shape":"kite","outlier_type":0,"choice":3,"outlierPosition":3,"success":true,"majorityOfMostRegularShapes":false,"rt":3353,"rot1":-25,"rot2":25,"rot3":-15,"rot4":15,"rot5":5,"rot6":-5,"dil1":1.075,"dil2":1.125,"dil3":1.025,"dil4":0.925,"dil5":0.875,"dil6":0.975,"rots":[-25,25,-15,15,5,-5],"dils":[1.075,1.125,1.025,0.925,0.875,0.975]},{"id":"test","shape":"rustedHinge","outlier_type":1,"choice":3,"outlierPosition":3,"success":true,"majorityOfMostRegularShapes":false,"rt":3778,"rot1":5,"rot2":25,"rot3":-15,"rot4":15,"rot5":-5,"rot6":-25,"dil1":0.875,"dil2":1.025,"dil3":0.925,"dil4":1.075,"dil5":1.125,"dil6":0.975,"rots":[5,25,-15,15,-5,-25],"dils":[0.875,1.025,0.925,1.075,1.125,0.975]},{"id":"test","shape":"trapezoid","outlier_type":3,"choice":4,"outlierPosition":4,"success":true,"majorityOfMostRegularShapes":true,"rt":2429,"rot1":-25,"rot2":-5,"rot3":15,"rot4":-15,"rot5":25,"rot6":5,"dil1":0.875,"dil2":1.075,"dil3":1.025,"dil4":0.925,"dil5":0.975,"dil6":1.125,"rots":[-25,-5,15,-15,25,5],"dils":[0.875,1.075,1.025,0.925,0.975,1.125]},{"id":"test","shape":"parallelogram","outlier_type":0,"choice":0,"outlierPosition":0,"success":true,"majorityOfMostRegularShapes":true,"rt":1785,"rot1":15,"rot2":5,"rot3":-15,"rot4":25,"rot5":-25,"rot6":-5,"dil1":1.025,"dil2":0.975,"dil3":1.125,"dil4":0.925,"dil5":1.075,"dil6":0.875,"rots":[15,5,-15,25,-25,-5],"dils":[1.025,0.975,1.125,0.925,1.075,0.875]},{"id":"test","shape":"random","outlier_type":1,"choice":3,"outlierPosition":3,"success":true,"majorityOfMostRegularShapes":true,"rt":2338,"rot1":-25,"rot2":-5,"rot3":25,"rot4":-15,"rot5":5,"rot6":15,"dil1":0.875,"dil2":1.025,"dil3":0.975,"dil4":1.075,"dil5":0.925,"dil6":1.125,"rots":[-25,-5,25,-15,5,15],"dils":[0.875,1.025,0.975,1.075,0.925,1.125]},{"id":"test","shape":"kite","outlier_type":3,"choice":2,"outlierPosition":5,"success":false,"majorityOfMostRegularShapes":true,"rt":2327,"rot1":-15,"rot2":15,"rot3":-25,"rot4":-5,"rot5":5,"rot6":25,"dil1":1.125,"dil2":1.025,"dil3":0.975,"dil4":0.875,"dil5":0.925,"dil6":1.075,"rots":[-15,15,-25,-5,5,25],"dils":[1.125,1.025,0.975,0.875,0.925,1.075]},{"id":"test","shape":"losange","outlier_type":0,"choice":5,"outlierPosition":1,"success":false,"majorityOfMostRegularShapes":false,"rt":4135,"rot1":-5,"rot2":15,"rot3":5,"rot4":-15,"rot5":25,"rot6":-25,"dil1":1.125,"dil2":0.925,"dil3":0.975,"dil4":1.025,"dil5":1.075,"dil6":0.875,"rots":[-5,15,5,-15,25,-25],"dils":[1.125,0.925,0.975,1.025,1.075,0.875]},{"id":"test","shape":"kite","outlier_type":2,"choice":5,"outlierPosition":5,"success":true,"majorityOfMostRegularShapes":true,"rt":2244,"rot1":25,"rot2":5,"rot3":15,"rot4":-25,"rot5":-15,"rot6":-5,"dil1":1.125,"dil2":1.075,"dil3":0.875,"dil4":0.925,"dil5":1.025,"dil6":0.975,"rots":[25,5,15,-25,-15,-5],"dils":[1.125,1.075,0.875,0.925,1.025,0.975]},{"id":"test","shape":"rectangle","outlier_type":1,"choice":4,"outlierPosition":4,"success":true,"majorityOfMostRegularShapes":false,"rt":1442,"rot1":-15,"rot2":25,"rot3":-25,"rot4":5,"rot5":-5,"rot6":15,"dil1":0.875,"dil2":0.925,"dil3":1.125,"dil4":1.075,"dil5":1.025,"dil6":0.975,"rots":[-15,25,-25,5,-5,15],"dils":[0.875,0.925,1.125,1.075,1.025,0.975]},{"id":"test","shape":"square","outlier_type":2,"choice":5,"outlierPosition":5,"success":true,"majorityOfMostRegularShapes":false,"rt":1735,"rot1":-25,"rot2":15,"rot3":-5,"rot4":25,"rot5":-15,"rot6":5,"dil1":0.975,"dil2":0.875,"dil3":1.075,"dil4":1.025,"dil5":0.925,"dil6":1.125,"rots":[-25,15,-5,25,-15,5],"dils":[0.975,0.875,1.075,1.025,0.925,1.125]},{"id":"test","shape":"parallelogram","outlier_type":3,"choice":5,"outlierPosition":5,"success":true,"majorityOfMostRegularShapes":false,"rt":1381,"rot1":-25,"rot2":-15,"rot3":5,"rot4":25,"rot5":15,"rot6":-5,"dil1":0.875,"dil2":1.075,"dil3":0.975,"dil4":0.925,"dil5":1.125,"dil6":1.025,"rots":[-25,-15,5,25,15,-5],"dils":[0.875,1.075,0.975,0.925,1.125,1.025]},{"id":"test","shape":"parallelogram","outlier_type":0,"choice":2,"outlierPosition":2,"success":true,"majorityOfMostRegularShapes":false,"rt":2382,"rot1":25,"rot2":-15,"rot3":15,"rot4":-25,"rot5":5,"rot6":-5,"dil1":0.875,"dil2":1.075,"dil3":1.125,"dil4":1.025,"dil5":0.975,"dil6":0.925,"rots":[25,-15,15,-25,5,-5],"dils":[0.875,1.075,1.125,1.025,0.975,0.925]},{"id":"test","shape":"losange","outlier_type":2,"choice":0,"outlierPosition":0,"success":true,"majorityOfMostRegularShapes":true,"rt":2210,"rot1":-25,"rot2":-5,"rot3":5,"rot4":-15,"rot5":25,"rot6":15,"dil1":1.025,"dil2":0.875,"dil3":0.925,"dil4":1.075,"dil5":1.125,"dil6":0.975,"rots":[-25,-5,5,-15,25,15],"dils":[1.025,0.875,0.925,1.075,1.125,0.975]},{"id":"test","shape":"kite","outlier_type":1,"choice":5,"outlierPosition":5,"success":true,"majorityOfMostRegularShapes":false,"rt":1643,"rot1":-15,"rot2":5,"rot3":15,"rot4":-5,"rot5":25,"rot6":-25,"dil1":1.025,"dil2":1.075,"dil3":0.875,"dil4":1.125,"dil5":0.925,"dil6":0.975,"rots":[-15,5,15,-5,25,-25],"dils":[1.025,1.075,0.875,1.125,0.925,0.975]},{"id":"test","shape":"isoTrapezoid","outlier_type":3,"choice":0,"outlierPosition":0,"success":true,"majorityOfMostRegularShapes":false,"rt":2667,"rot1":-15,"rot2":15,"rot3":5,"rot4":25,"rot5":-25,"rot6":-5,"dil1":0.975,"dil2":0.925,"dil3":1.125,"dil4":1.025,"dil5":1.075,"dil6":0.875,"rots":[-15,15,5,25,-25,-5],"dils":[0.975,0.925,1.125,1.025,1.075,0.875]},{"id":"test","shape":"rightKite","outlier_type":1,"choice":0,"outlierPosition":4,"success":false,"majorityOfMostRegularShapes":true,"rt":5119,"rot1":-15,"rot2":-5,"rot3":15,"rot4":-25,"rot5":25,"rot6":5,"dil1":0.925,"dil2":1.125,"dil3":0.975,"dil4":0.875,"dil5":1.025,"dil6":1.075,"rots":[-15,-5,15,-25,25,5],"dils":[0.925,1.125,0.975,0.875,1.025,1.075]},{"id":"test","shape":"rectangle","outlier_type":0,"choice":5,"outlierPosition":5,"success":true,"majorityOfMostRegularShapes":true,"rt":2322,"rot1":-25,"rot2":-5,"rot3":-15,"rot4":5,"rot5":25,"rot6":15,"dil1":0.975,"dil2":1.075,"dil3":0.925,"dil4":0.875,"dil5":1.125,"dil6":1.025,"rots":[-25,-5,-15,5,25,15],"dils":[0.975,1.075,0.925,0.875,1.125,1.025]},{"id":"test","shape":"parallelogram","outlier_type":2,"choice":1,"outlierPosition":1,"success":true,"majorityOfMostRegularShapes":false,"rt":2548,"rot1":15,"rot2":-5,"rot3":5,"rot4":-15,"rot5":25,"rot6":-25,"dil1":1.075,"dil2":0.975,"dil3":1.125,"dil4":1.025,"dil5":0.925,"dil6":0.875,"rots":[15,-5,5,-15,25,-25],"dils":[1.075,0.975,1.125,1.025,0.925,0.875]},{"id":"test","shape":"random","outlier_type":3,"choice":0,"outlierPosition":0,"success":true,"majorityOfMostRegularShapes":true,"rt":2053,"rot1":25,"rot2":15,"rot3":-15,"rot4":5,"rot5":-5,"rot6":-25,"dil1":0.925,"dil2":1.125,"dil3":1.075,"dil4":1.025,"dil5":0.975,"dil6":0.875,"rots":[25,15,-15,5,-5,-25],"dils":[0.925,1.125,1.075,1.025,0.975,0.875]},{"id":"test","shape":"kite","outlier_type":0,"choice":4,"outlierPosition":2,"success":false,"majorityOfMostRegularShapes":true,"rt":1264,"rot1":-5,"rot2":5,"rot3":-25,"rot4":25,"rot5":-15,"rot6":15,"dil1":0.875,"dil2":1.025,"dil3":1.075,"dil4":1.125,"dil5":0.925,"dil6":0.975,"rots":[-5,5,-25,25,-15,15],"dils":[0.875,1.025,1.075,1.125,0.925,0.975]},{"id":"test","shape":"square","outlier_type":3,"choice":2,"outlierPosition":2,"success":true,"majorityOfMostRegularShapes":true,"rt":1886,"rot1":-15,"rot2":15,"rot3":5,"rot4":25,"rot5":-25,"rot6":-5,"dil1":1.075,"dil2":0.975,"dil3":0.875,"dil4":0.925,"dil5":1.025,"dil6":1.125,"rots":[-15,15,5,25,-25,-5],"dils":[1.075,0.975,0.875,0.925,1.025,1.125]},{"id":"test","shape":"hinge","outlier_type":1,"choice":5,"outlierPosition":5,"success":true,"majorityOfMostRegularShapes":false,"rt":4706,"rot1":-15,"rot2":-5,"rot3":15,"rot4":25,"rot5":-25,"rot6":5,"dil1":1.075,"dil2":0.925,"dil3":0.875,"dil4":0.975,"dil5":1.025,"dil6":1.125,"rots":[-15,-5,15,25,-25,5],"dils":[1.075,0.925,0.875,0.975,1.025,1.125]},{"id":"test","shape":"rustedHinge","outlier_type":2,"choice":5,"outlierPosition":5,"success":true,"majorityOfMostRegularShapes":false,"rt":2255,"rot1":-5,"rot2":25,"rot3":-25,"rot4":15,"rot5":-15,"rot6":5,"dil1":0.925,"dil2":0.975,"dil3":1.025,"dil4":1.075,"dil5":0.875,"dil6":1.125,"rots":[-5,25,-25,15,-15,5],"dils":[0.925,0.975,1.025,1.075,0.875,1.125]},{"id":"test","shape":"losange","outlier_type":3,"choice":4,"outlierPosition":4,"success":true,"majorityOfMostRegularShapes":true,"rt":1900,"rot1":-5,"rot2":5,"rot3":-15,"rot4":-25,"rot5":15,"rot6":25,"dil1":0.975,"dil2":1.075,"dil3":1.025,"dil4":1.125,"dil5":0.925,"dil6":0.875,"rots":[-5,5,-15,-25,15,25],"dils":[0.975,1.075,1.025,1.125,0.925,0.875]},{"id":"test","shape":"rightKite","outlier_type":2,"choice":3,"outlierPosition":3,"success":true,"majorityOfMostRegularShapes":false,"rt":3215,"rot1":15,"rot2":-5,"rot3":-15,"rot4":25,"rot5":-25,"rot6":5,"dil1":1.075,"dil2":0.925,"dil3":0.975,"dil4":0.875,"dil5":1.125,"dil6":1.025,"rots":[15,-5,-15,25,-25,5],"dils":[1.075,0.925,0.975,0.875,1.125,1.025]},{"id":"test","shape":"trapezoid","outlier_type":1,"choice":4,"outlierPosition":4,"success":true,"majorityOfMostRegularShapes":true,"rt":1404,"rot1":-5,"rot2":15,"rot3":-15,"rot4":5,"rot5":25,"rot6":-25,"dil1":0.925,"dil2":1.125,"dil3":1.075,"dil4":0.975,"dil5":1.025,"dil6":0.875,"rots":[-5,15,-15,5,25,-25],"dils":[0.925,1.125,1.075,0.975,1.025,0.875]},{"id":"test","shape":"hinge","outlier_type":2,"choice":1,"outlierPosition":1,"success":true,"majorityOfMostRegularShapes":false,"rt":2851,"rot1":15,"rot2":25,"rot3":-25,"rot4":-5,"rot5":-15,"rot6":5,"dil1":1.125,"dil2":0.925,"dil3":1.075,"dil4":0.975,"dil5":1.025,"dil6":0.875,"rots":[15,25,-25,-5,-15,5],"dils":[1.125,0.925,1.075,0.975,1.025,0.875]},{"id":"test","shape":"rightKite","outlier_type":3,"choice":5,"outlierPosition":3,"success":false,"majorityOfMostRegularShapes":true,"rt":2753,"rot1":15,"rot2":5,"rot3":-15,"rot4":25,"rot5":-5,"rot6":-25,"dil1":0.925,"dil2":1.075,"dil3":0.875,"dil4":1.025,"dil5":1.125,"dil6":0.975,"rots":[15,5,-15,25,-5,-25],"dils":[0.925,1.075,0.875,1.025,1.125,0.975]},{"id":"test","shape":"rightKite","outlier_type":2,"choice":2,"outlierPosition":0,"success":false,"majorityOfMostRegularShapes":true,"rt":2042,"rot1":-15,"rot2":25,"rot3":-5,"rot4":5,"rot5":15,"rot6":-25,"dil1":1.025,"dil2":0.875,"dil3":0.925,"dil4":0.975,"dil5":1.125,"dil6":1.075,"rots":[-15,25,-5,5,15,-25],"dils":[1.025,0.875,0.925,0.975,1.125,1.075]},{"id":"test","shape":"trapezoid","outlier_type":2,"choice":3,"outlierPosition":3,"success":true,"majorityOfMostRegularShapes":true,"rt":3162,"rot1":5,"rot2":15,"rot3":25,"rot4":-15,"rot5":-25,"rot6":-5,"dil1":1.075,"dil2":0.975,"dil3":1.125,"dil4":0.875,"dil5":0.925,"dil6":1.025,"rots":[5,15,25,-15,-25,-5],"dils":[1.075,0.975,1.125,0.875,0.925,1.025]},{"id":"test","shape":"rustedHinge","outlier_type":3,"choice":5,"outlierPosition":2,"success":false,"majorityOfMostRegularShapes":false,"rt":1211,"rot1":-15,"rot2":15,"rot3":5,"rot4":-5,"rot5":25,"rot6":-25,"dil1":0.925,"dil2":1.025,"dil3":0.875,"dil4":0.975,"dil5":1.125,"dil6":1.075,"rots":[-15,15,5,-5,25,-25],"dils":[0.925,1.025,0.875,0.975,1.125,1.075]},{"id":"test","shape":"square","outlier_type":1,"choice":5,"outlierPosition":5,"success":true,"majorityOfMostRegularShapes":false,"rt":1379,"rot1":5,"rot2":-5,"rot3":25,"rot4":-15,"rot5":-25,"rot6":15,"dil1":1.075,"dil2":0.975,"dil3":0.925,"dil4":1.025,"dil5":1.125,"dil6":0.875,"rots":[5,-5,25,-15,-25,15],"dils":[1.075,0.975,0.925,1.025,1.125,0.875]},{"id":"test","shape":"rightKite","outlier_type":0,"choice":0,"outlierPosition":0,"success":true,"majorityOfMostRegularShapes":false,"rt":6168,"rot1":25,"rot2":15,"rot3":-15,"rot4":-5,"rot5":-25,"rot6":5,"dil1":0.875,"dil2":0.925,"dil3":1.125,"dil4":1.025,"dil5":0.975,"dil6":1.075,"rots":[25,15,-15,-5,-25,5],"dils":[0.875,0.925,1.125,1.025,0.975,1.075]},{"id":"test","shape":"rectangle","outlier_type":1,"choice":5,"outlierPosition":5,"success":true,"majorityOfMostRegularShapes":true,"rt":1669,"rot1":-5,"rot2":25,"rot3":5,"rot4":-15,"rot5":-25,"rot6":15,"dil1":0.925,"dil2":0.875,"dil3":1.125,"dil4":1.025,"dil5":1.075,"dil6":0.975,"rots":[-5,25,5,-15,-25,15],"dils":[0.925,0.875,1.125,1.025,1.075,0.975]},{"id":"test","shape":"isoTrapezoid","outlier_type":3,"choice":4,"outlierPosition":4,"success":true,"majorityOfMostRegularShapes":true,"rt":1713,"rot1":-25,"rot2":15,"rot3":5,"rot4":-15,"rot5":-5,"rot6":25,"dil1":0.925,"dil2":1.075,"dil3":0.875,"dil4":1.025,"dil5":0.975,"dil6":1.125,"rots":[-25,15,5,-15,-5,25],"dils":[0.925,1.075,0.875,1.025,0.975,1.125]},{"id":"test","shape":"hinge","outlier_type":1,"choice":4,"outlierPosition":4,"success":true,"majorityOfMostRegularShapes":true,"rt":3029,"rot1":-5,"rot2":15,"rot3":-15,"rot4":5,"rot5":-25,"rot6":25,"dil1":1.025,"dil2":0.925,"dil3":1.075,"dil4":0.975,"dil5":0.875,"dil6":1.125,"rots":[-5,15,-15,5,-25,25],"dils":[1.025,0.925,1.075,0.975,0.875,1.125]},{"id":"test","shape":"isoTrapezoid","outlier_type":2,"choice":3,"outlierPosition":3,"success":true,"majorityOfMostRegularShapes":true,"rt":1940,"rot1":15,"rot2":25,"rot3":5,"rot4":-15,"rot5":-5,"rot6":-25,"dil1":1.025,"dil2":0.875,"dil3":0.925,"dil4":0.975,"dil5":1.125,"dil6":1.075,"rots":[15,25,5,-15,-5,-25],"dils":[1.025,0.875,0.925,0.975,1.125,1.075]},{"id":"test","shape":"rectangle","outlier_type":0,"choice":4,"outlierPosition":3,"success":false,"majorityOfMostRegularShapes":false,"rt":1003,"rot1":-5,"rot2":-25,"rot3":25,"rot4":15,"rot5":5,"rot6":-15,"dil1":1.025,"dil2":0.875,"dil3":1.075,"dil4":0.925,"dil5":0.975,"dil6":1.125,"rots":[-5,-25,25,15,5,-15],"dils":[1.025,0.875,1.075,0.925,0.975,1.125]},{"id":"test","shape":"rightKite","outlier_type":1,"choice":2,"outlierPosition":0,"success":false,"majorityOfMostRegularShapes":false,"rt":2315,"rot1":-5,"rot2":15,"rot3":-15,"rot4":5,"rot5":-25,"rot6":25,"dil1":1.025,"dil2":0.925,"dil3":1.125,"dil4":0.875,"dil5":1.075,"dil6":0.975,"rots":[-5,15,-15,5,-25,25],"dils":[1.025,0.925,1.125,0.875,1.075,0.975]},{"id":"test","shape":"rustedHinge","outlier_type":0,"choice":1,"outlierPosition":2,"success":false,"majorityOfMostRegularShapes":true,"rt":1504,"rot1":-5,"rot2":-15,"rot3":-25,"rot4":5,"rot5":15,"rot6":25,"dil1":1.025,"dil2":0.925,"dil3":0.875,"dil4":1.075,"dil5":1.125,"dil6":0.975,"rots":[-5,-15,-25,5,15,25],"dils":[1.025,0.925,0.875,1.075,1.125,0.975]},{"id":"test","shape":"isoTrapezoid","outlier_type":2,"choice":1,"outlierPosition":1,"success":true,"majorityOfMostRegularShapes":false,"rt":1646,"rot1":-15,"rot2":-25,"rot3":25,"rot4":-5,"rot5":5,"rot6":15,"dil1":1.075,"dil2":1.025,"dil3":1.125,"dil4":0.975,"dil5":0.875,"dil6":0.925,"rots":[-15,-25,25,-5,5,15],"dils":[1.075,1.025,1.125,0.975,0.875,0.925]},{"id":"test","shape":"losange","outlier_type":1,"choice":2,"outlierPosition":2,"success":true,"majorityOfMostRegularShapes":false,"rt":1460,"rot1":5,"rot2":-5,"rot3":-25,"rot4":15,"rot5":-15,"rot6":25,"dil1":1.025,"dil2":0.975,"dil3":0.875,"dil4":1.075,"dil5":1.125,"dil6":0.925,"rots":[5,-5,-25,15,-15,25],"dils":[1.025,0.975,0.875,1.075,1.125,0.925]},{"id":"test","shape":"hinge","outlier_type":3,"choice":5,"outlierPosition":5,"success":true,"majorityOfMostRegularShapes":false,"rt":4837,"rot1":-5,"rot2":-15,"rot3":5,"rot4":25,"rot5":-25,"rot6":15,"dil1":0.925,"dil2":1.125,"dil3":0.875,"dil4":0.975,"dil5":1.075,"dil6":1.025,"rots":[-5,-15,5,25,-25,15],"dils":[0.925,1.125,0.875,0.975,1.075,1.025]},{"id":"test","shape":"random","outlier_type":2,"choice":0,"outlierPosition":0,"success":true,"majorityOfMostRegularShapes":false,"rt":1997,"rot1":-15,"rot2":15,"rot3":25,"rot4":-25,"rot5":5,"rot6":-5,"dil1":0.875,"dil2":1.075,"dil3":1.025,"dil4":0.925,"dil5":0.975,"dil6":1.125,"rots":[-15,15,25,-25,5,-5],"dils":[0.875,1.075,1.025,0.925,0.975,1.125]},{"id":"test","shape":"hinge","outlier_type":0,"choice":3,"outlierPosition":3,"success":true,"majorityOfMostRegularShapes":false,"rt":3168,"rot1":25,"rot2":-15,"rot3":5,"rot4":-5,"rot5":15,"rot6":-25,"dil1":1.125,"dil2":0.875,"dil3":0.925,"dil4":1.025,"dil5":1.075,"dil6":0.975,"rots":[25,-15,5,-5,15,-25],"dils":[1.125,0.875,0.925,1.025,1.075,0.975]},{"id":"test","shape":"rectangle","outlier_type":2,"choice":3,"outlierPosition":3,"success":true,"majorityOfMostRegularShapes":false,"rt":1790,"rot1":5,"rot2":25,"rot3":-15,"rot4":15,"rot5":-5,"rot6":-25,"dil1":0.925,"dil2":1.025,"dil3":0.975,"dil4":0.875,"dil5":1.075,"dil6":1.125,"rots":[5,25,-15,15,-5,-25],"dils":[0.925,1.025,0.975,0.875,1.075,1.125]},{"id":"test","shape":"losange","outlier_type":3,"choice":1,"outlierPosition":1,"success":true,"majorityOfMostRegularShapes":false,"rt":3881,"rot1":5,"rot2":-15,"rot3":15,"rot4":-5,"rot5":-25,"rot6":25,"dil1":1.125,"dil2":0.875,"dil3":1.025,"dil4":0.975,"dil5":0.925,"dil6":1.075,"rots":[5,-15,15,-5,-25,25],"dils":[1.125,0.875,1.025,0.975,0.925,1.075]},{"id":"test","shape":"trapezoid","outlier_type":0,"choice":4,"outlierPosition":2,"success":false,"majorityOfMostRegularShapes":false,"rt":7154,"rot1":-25,"rot2":25,"rot3":15,"rot4":-5,"rot5":5,"rot6":-15,"dil1":0.925,"dil2":1.075,"dil3":0.975,"dil4":1.125,"dil5":0.875,"dil6":1.025,"rots":[-25,25,15,-5,5,-15],"dils":[0.925,1.075,0.975,1.125,0.875,1.025]},{"id":"test","shape":"random","outlier_type":1,"choice":3,"outlierPosition":3,"success":true,"majorityOfMostRegularShapes":false,"rt":1963,"rot1":15,"rot2":5,"rot3":-25,"rot4":-15,"rot5":25,"rot6":-5,"dil1":1.075,"dil2":1.025,"dil3":0.925,"dil4":1.125,"dil5":0.975,"dil6":0.875,"rots":[15,5,-25,-15,25,-5],"dils":[1.075,1.025,0.925,1.125,0.975,0.875]},{"id":"test","shape":"isoTrapezoid","outlier_type":1,"choice":0,"outlierPosition":0,"success":true,"majorityOfMostRegularShapes":true,"rt":2047,"rot1":-25,"rot2":-5,"rot3":15,"rot4":-15,"rot5":25,"rot6":5,"dil1":0.975,"dil2":0.925,"dil3":1.025,"dil4":0.875,"dil5":1.125,"dil6":1.075,"rots":[-25,-5,15,-15,25,5],"dils":[0.975,0.925,1.025,0.875,1.125,1.075]},{"id":"test","shape":"parallelogram","outlier_type":3,"choice":4,"outlierPosition":4,"success":true,"majorityOfMostRegularShapes":true,"rt":2763,"rot1":25,"rot2":5,"rot3":-15,"rot4":-25,"rot5":-5,"rot6":15,"dil1":0.875,"dil2":0.975,"dil3":1.125,"dil4":0.925,"dil5":1.075,"dil6":1.025,"rots":[25,5,-15,-25,-5,15],"dils":[0.875,0.975,1.125,0.925,1.075,1.025]},{"id":"test","shape":"rustedHinge","outlier_type":2,"choice":1,"outlierPosition":5,"success":false,"majorityOfMostRegularShapes":true,"rt":2978,"rot1":-15,"rot2":25,"rot3":5,"rot4":15,"rot5":-5,"rot6":-25,"dil1":0.975,"dil2":0.875,"dil3":1.125,"dil4":0.925,"dil5":1.025,"dil6":1.075,"rots":[-15,25,5,15,-5,-25],"dils":[0.975,0.875,1.125,0.925,1.025,1.075]},{"id":"test","shape":"parallelogram","outlier_type":1,"choice":4,"outlierPosition":4,"success":true,"majorityOfMostRegularShapes":false,"rt":3373,"rot1":-25,"rot2":25,"rot3":-5,"rot4":15,"rot5":-15,"rot6":5,"dil1":1.125,"dil2":1.025,"dil3":0.875,"dil4":0.925,"dil5":0.975,"dil6":1.075,"rots":[-25,25,-5,15,-15,5],"dils":[1.125,1.025,0.875,0.925,0.975,1.075]},{"id":"test","shape":"random","outlier_type":0,"choice":4,"outlierPosition":4,"success":true,"majorityOfMostRegularShapes":true,"rt":1729,"rot1":5,"rot2":-5,"rot3":25,"rot4":-15,"rot5":-25,"rot6":15,"dil1":0.975,"dil2":0.875,"dil3":0.925,"dil4":1.025,"dil5":1.125,"dil6":1.075,"rots":[5,-5,25,-15,-25,15],"dils":[0.975,0.875,0.925,1.025,1.125,1.075]},{"id":"test","shape":"losange","outlier_type":2,"choice":2,"outlierPosition":4,"success":false,"majorityOfMostRegularShapes":false,"rt":986,"rot1":25,"rot2":15,"rot3":-25,"rot4":-15,"rot5":-5,"rot6":5,"dil1":1.125,"dil2":0.975,"dil3":1.075,"dil4":1.025,"dil5":0.875,"dil6":0.925,"rots":[25,15,-25,-15,-5,5],"dils":[1.125,0.975,1.075,1.025,0.875,0.925]},{"id":"test","shape":"isoTrapezoid","outlier_type":0,"choice":0,"outlierPosition":0,"success":true,"majorityOfMostRegularShapes":true,"rt":2431,"rot1":25,"rot2":-15,"rot3":-5,"rot4":15,"rot5":5,"rot6":-25,"dil1":1.125,"dil2":0.925,"dil3":0.975,"dil4":1.025,"dil5":0.875,"dil6":1.075,"rots":[25,-15,-5,15,5,-25],"dils":[1.125,0.925,0.975,1.025,0.875,1.075]},{"id":"test","shape":"rectangle","outlier_type":3,"choice":1,"outlierPosition":1,"success":true,"majorityOfMostRegularShapes":true,"rt":1561,"rot1":5,"rot2":15,"rot3":-25,"rot4":-15,"rot5":25,"rot6":-5,"dil1":0.875,"dil2":1.025,"dil3":0.975,"dil4":1.075,"dil5":1.125,"dil6":0.925,"rots":[5,15,-25,-15,25,-5],"dils":[0.875,1.025,0.975,1.075,1.125,0.925]},{"id":"test","shape":"square","outlier_type":0,"choice":0,"outlierPosition":0,"success":true,"majorityOfMostRegularShapes":true,"rt":1130,"rot1":-5,"rot2":25,"rot3":-25,"rot4":-15,"rot5":15,"rot6":5,"dil1":0.975,"dil2":1.075,"dil3":0.925,"dil4":0.875,"dil5":1.025,"dil6":1.125,"rots":[-5,25,-25,-15,15,5],"dils":[0.975,1.075,0.925,0.875,1.025,1.125]},{"id":"test","shape":"hinge","outlier_type":3,"choice":5,"outlierPosition":5,"success":true,"majorityOfMostRegularShapes":true,"rt":1639,"rot1":15,"rot2":-25,"rot3":-5,"rot4":5,"rot5":25,"rot6":-15,"dil1":1.125,"dil2":0.875,"dil3":0.975,"dil4":1.025,"dil5":0.925,"dil6":1.075,"rots":[15,-25,-5,5,25,-15],"dils":[1.125,0.875,0.975,1.025,0.925,1.075]},{"id":"test","shape":"rightKite","outlier_type":0,"choice":2,"outlierPosition":2,"success":true,"majorityOfMostRegularShapes":true,"rt":2661,"rot1":15,"rot2":-5,"rot3":25,"rot4":-25,"rot5":5,"rot6":-15,"dil1":0.875,"dil2":0.925,"dil3":1.075,"dil4":0.975,"dil5":1.025,"dil6":1.125,"rots":[15,-5,25,-25,5,-15],"dils":[0.875,0.925,1.075,0.975,1.025,1.125]},{"id":"test","shape":"rectangle","outlier_type":2,"choice":2,"outlierPosition":2,"success":true,"majorityOfMostRegularShapes":true,"rt":1289,"rot1":-25,"rot2":5,"rot3":-5,"rot4":-15,"rot5":25,"rot6":15,"dil1":0.975,"dil2":0.875,"dil3":1.125,"dil4":1.075,"dil5":0.925,"dil6":1.025,"rots":[-25,5,-5,-15,25,15],"dils":[0.975,0.875,1.125,1.075,0.925,1.025]},{"id":"test","shape":"isoTrapezoid","outlier_type":0,"choice":4,"outlierPosition":4,"success":true,"majorityOfMostRegularShapes":false,"rt":827,"rot1":-25,"rot2":15,"rot3":-15,"rot4":5,"rot5":25,"rot6":-5,"dil1":0.975,"dil2":1.125,"dil3":0.925,"dil4":1.075,"dil5":0.875,"dil6":1.025,"rots":[-25,15,-15,5,25,-5],"dils":[0.975,1.125,0.925,1.075,0.875,1.025]},{"id":"test","shape":"random","outlier_type":2,"choice":2,"outlierPosition":5,"success":false,"majorityOfMostRegularShapes":true,"rt":2212,"rot1":-25,"rot2":15,"rot3":25,"rot4":5,"rot5":-5,"rot6":-15,"dil1":1.125,"dil2":1.025,"dil3":0.875,"dil4":0.925,"dil5":0.975,"dil6":1.075,"rots":[-25,15,25,5,-5,-15],"dils":[1.125,1.025,0.875,0.925,0.975,1.075]},{"id":"test","shape":"square","outlier_type":3,"choice":2,"outlierPosition":2,"success":true,"majorityOfMostRegularShapes":false,"rt":1695,"rot1":-5,"rot2":5,"rot3":-15,"rot4":-25,"rot5":15,"rot6":25,"dil1":1.025,"dil2":0.875,"dil3":0.975,"dil4":1.125,"dil5":0.925,"dil6":1.075,"rots":[-5,5,-15,-25,15,25],"dils":[1.025,0.875,0.975,1.125,0.925,1.075]},{"id":"test","shape":"hinge","outlier_type":0,"choice":3,"outlierPosition":5,"success":false,"majorityOfMostRegularShapes":true,"rt":3811,"rot1":-15,"rot2":15,"rot3":25,"rot4":-25,"rot5":5,"rot6":-5,"dil1":1.075,"dil2":1.125,"dil3":0.925,"dil4":1.025,"dil5":0.875,"dil6":0.975,"rots":[-15,15,25,-25,5,-5],"dils":[1.075,1.125,0.925,1.025,0.875,0.975]},{"id":"test","shape":"parallelogram","outlier_type":2,"choice":4,"outlierPosition":4,"success":true,"majorityOfMostRegularShapes":true,"rt":4096,"rot1":-15,"rot2":-5,"rot3":-25,"rot4":25,"rot5":15,"rot6":5,"dil1":1.025,"dil2":0.875,"dil3":0.925,"dil4":1.075,"dil5":0.975,"dil6":1.125,"rots":[-15,-5,-25,25,15,5],"dils":[1.025,0.875,0.925,1.075,0.975,1.125]},{"id":"test","shape":"kite","outlier_type":3,"choice":5,"outlierPosition":5,"success":true,"majorityOfMostRegularShapes":false,"rt":2258,"rot1":25,"rot2":15,"rot3":-15,"rot4":-5,"rot5":-25,"rot6":5,"dil1":1.125,"dil2":1.075,"dil3":0.875,"dil4":0.975,"dil5":0.925,"dil6":1.025,"rots":[25,15,-15,-5,-25,5],"dils":[1.125,1.075,0.875,0.975,0.925,1.025]},{"id":"test","shape":"square","outlier_type":0,"choice":2,"outlierPosition":2,"success":true,"majorityOfMostRegularShapes":false,"rt":1907,"rot1":-15,"rot2":-25,"rot3":25,"rot4":15,"rot5":5,"rot6":-5,"dil1":0.925,"dil2":1.125,"dil3":1.025,"dil4":0.875,"dil5":0.975,"dil6":1.075,"rots":[-15,-25,25,15,5,-5],"dils":[0.925,1.125,1.025,0.875,0.975,1.075]},{"id":"test","shape":"trapezoid","outlier_type":1,"choice":2,"outlierPosition":2,"success":true,"majorityOfMostRegularShapes":false,"rt":3476,"rot1":25,"rot2":15,"rot3":-5,"rot4":5,"rot5":-15,"rot6":-25,"dil1":1.125,"dil2":0.875,"dil3":1.075,"dil4":0.975,"dil5":1.025,"dil6":0.925,"rots":[25,15,-5,5,-15,-25],"dils":[1.125,0.875,1.075,0.975,1.025,0.925]},{"id":"test","shape":"trapezoid","outlier_type":3,"choice":0,"outlierPosition":2,"success":false,"majorityOfMostRegularShapes":false,"rt":2625,"rot1":25,"rot2":-25,"rot3":-15,"rot4":5,"rot5":-5,"rot6":15,"dil1":1.125,"dil2":1.075,"dil3":0.975,"dil4":0.875,"dil5":0.925,"dil6":1.025,"rots":[25,-25,-15,5,-5,15],"dils":[1.125,1.075,0.975,0.875,0.925,1.025]},{"id":"test","shape":"losange","outlier_type":1,"choice":1,"outlierPosition":3,"success":false,"majorityOfMostRegularShapes":true,"rt":1532,"rot1":-25,"rot2":-15,"rot3":5,"rot4":15,"rot5":25,"rot6":-5,"dil1":1.025,"dil2":0.875,"dil3":0.975,"dil4":1.125,"dil5":1.075,"dil6":0.925,"rots":[-25,-15,5,15,25,-5],"dils":[1.025,0.875,0.975,1.125,1.075,0.925]},{"id":"test","shape":"trapezoid","outlier_type":0,"choice":2,"outlierPosition":2,"success":true,"majorityOfMostRegularShapes":true,"rt":2229,"rot1":-5,"rot2":5,"rot3":-15,"rot4":25,"rot5":15,"rot6":-25,"dil1":0.925,"dil2":1.025,"dil3":1.125,"dil4":0.875,"dil5":1.075,"dil6":0.975,"rots":[-5,5,-15,25,15,-25],"dils":[0.925,1.025,1.125,0.875,1.075,0.975]},{"id":"test","shape":"random","outlier_type":3,"choice":2,"outlierPosition":4,"success":false,"majorityOfMostRegularShapes":false,"rt":2000,"rot1":-15,"rot2":15,"rot3":5,"rot4":-25,"rot5":25,"rot6":-5,"dil1":1.075,"dil2":0.875,"dil3":1.125,"dil4":0.925,"dil5":0.975,"dil6":1.025,"rots":[-15,15,5,-25,25,-5],"dils":[1.075,0.875,1.125,0.925,0.975,1.025]},{"id":"test","shape":"hinge","outlier_type":2,"choice":2,"outlierPosition":2,"success":true,"majorityOfMostRegularShapes":true,"rt":3252,"rot1":-5,"rot2":-25,"rot3":-15,"rot4":15,"rot5":5,"rot6":25,"dil1":1.025,"dil2":0.925,"dil3":1.075,"dil4":1.125,"dil5":0.875,"dil6":0.975,"rots":[-5,-25,-15,15,5,25],"dils":[1.025,0.925,1.075,1.125,0.875,0.975]},{"id":"test","shape":"square","outlier_type":1,"choice":3,"outlierPosition":3,"success":true,"majorityOfMostRegularShapes":true,"rt":1307,"rot1":-15,"rot2":5,"rot3":-25,"rot4":-5,"rot5":15,"rot6":25,"dil1":0.925,"dil2":1.125,"dil3":1.025,"dil4":0.875,"dil5":0.975,"dil6":1.075,"rots":[-15,5,-25,-5,15,25],"dils":[0.925,1.125,1.025,0.875,0.975,1.075]}],"desiredDistance":0.3,"trial_type":"oddball-grid","trial_index":5,"time_elapsed":628378,"internal_node_id":"0.0-5.0","score":0.7386363636363636,"early_termination":false}]