[{"rt":2304,"url":"external-consent.html","trial_type":"external-html","trial_index":0,"time_elapsed":2352,"internal_node_id":"0.0-0.0","score":0.75,"early_termination":false},{"rt":3292,"responses":"{\"Q0\":\"NA\",\"Q1\":\"NA\",\"Q2\":\"NA\"}","trial_type":"survey-text","trial_index":1,"time_elapsed":5644,"internal_node_id":"0.0-1.0","score":0.75,"early_termination":false},{"success":true,"trial_type":"fullscreen","trial_index":2,"time_elapsed":7658,"internal_node_id":"0.0-2.0","score":0.75,"early_termination":false},{"results":[{"id":"train-images","loop_number":1,"shape":"test4","outlier_type":"NA","choice":3,"outlierPosition":3,"success":true,"majorityOfMostRegularShapes":false,"rt":1601,"rot1":15,"rot2":5,"rot3":-25,"rot4":-5,"rot5":-15,"rot6":25,"dil1":1.025,"dil2":0.975,"dil3":0.925,"dil4":1.075,"dil5":1.125,"dil6":0.875,"rots":[15,5,-25,-5,-15,25],"dils":[1.025,0.975,0.925,1.075,1.125,0.875],"possible_pos":[0,1,2,3,4,5]},{"id":"train-images","loop_number":1,"shape":"test1","outlier_type":"NA","choice":3,"outlierPosition":3,"success":true,"majorityOfMostRegularShapes":false,"rt":936,"rot1":25,"rot2":-5,"rot3":5,"rot4":-25,"rot5":-15,"rot6":15,"dil1":0.975,"dil2":0.875,"dil3":1.075,"dil4":1.125,"dil5":1.025,"dil6":0.925,"rots":[25,-5,5,-25,-15,15],"dils":[0.975,0.875,1.075,1.125,1.025,0.925],"possible_pos":[0,1,2,3,4,5]},{"id":"train-images","loop_number":1,"shape":"test7","outlier_type":"NA","choice":1,"outlierPosition":1,"success":true,"majorityOfMostRegularShapes":false,"rt":933,"rot1":-15,"rot2":-5,"rot3":15,"rot4":-25,"rot5":25,"rot6":5,"dil1":1.025,"dil2":0.925,"dil3":0.875,"dil4":0.975,"dil5":1.125,"dil6":1.075,"rots":[-15,-5,15,-25,25,5],"dils":[1.025,0.925,0.875,0.975,1.125,1.075],"possible_pos":[0,1,2,3,4,5]},{"id":"train-images","loop_number":1,"shape":"test5","outlier_type":"NA","choice":2,"outlierPosition":2,"success":true,"majorityOfMostRegularShapes":false,"rt":1092,"rot1":25,"rot2":5,"rot3":-5,"rot4":-15,"rot5":15,"rot6":-25,"dil1":0.875,"dil2":1.025,"dil3":0.925,"dil4":1.075,"dil5":0.975,"dil6":1.125,"rots":[25,5,-5,-15,15,-25],"dils":[0.875,1.025,0.925,1.075,0.975,1.125],"possible_pos":[0,1,2,3,4,5]},{"id":"train-images","loop_number":1,"shape":"test2","outlier_type":"NA","choice":3,"outlierPosition":3,"success":true,"majorityOfMostRegularShapes":false,"rt":832,"rot1":15,"rot2":-5,"rot3":5,"rot4":-25,"rot5":-15,"rot6":25,"dil1":1.025,"dil2":0.925,"dil3":1.125,"dil4":1.075,"dil5":0.875,"dil6":0.975,"rots":[15,-5,5,-25,-15,25],"dils":[1.025,0.925,1.125,1.075,0.875,0.975],"possible_pos":[0,1,2,3,4,5]},{"id":"train-images","loop_number":1,"shape":"test9","outlier_type":"NA","choice":0,"outlierPosition":0,"success":true,"majorityOfMostRegularShapes":true,"rt":1525,"rot1":25,"rot2":-25,"rot3":15,"rot4":-15,"rot5":5,"rot6":-5,"dil1":0.875,"dil2":0.975,"dil3":0.925,"dil4":1.075,"dil5":1.025,"dil6":1.125,"rots":[25,-25,15,-15,5,-5],"dils":[0.875,0.975,0.925,1.075,1.025,1.125],"possible_pos":[0,1,2,3,4,5]},{"id":"train-images","loop_number":1,"shape":"test3","outlier_type":"NA","choice":4,"outlierPosition":4,"success":true,"majorityOfMostRegularShapes":false,"rt":1175,"rot1":-15,"rot2":-5,"rot3":15,"rot4":-25,"rot5":25,"rot6":5,"dil1":0.925,"dil2":1.025,"dil3":0.975,"dil4":1.075,"dil5":0.875,"dil6":1.125,"rots":[-15,-5,15,-25,25,5],"dils":[0.925,1.025,0.975,1.075,0.875,1.125],"possible_pos":[0,1,2,3,4,5]},{"id":"train-images","loop_number":1,"shape":"test6","outlier_type":"NA","choice":3,"outlierPosition":1,"success":false,"majorityOfMostRegularShapes":false,"rt":1329,"rot1":-25,"rot2":-5,"rot3":15,"rot4":25,"rot5":-15,"rot6":5,"dil1":0.925,"dil2":0.875,"dil3":1.125,"dil4":1.075,"dil5":1.025,"dil6":0.975,"rots":[-25,-5,15,25,-15,5],"dils":[0.925,0.875,1.125,1.075,1.025,0.975],"possible_pos":[0,1,2,3,4,5]},{"id":"train-images","loop_number":1,"shape":"test10","outlier_type":"NA","choice":3,"outlierPosition":3,"success":true,"majorityOfMostRegularShapes":true,"rt":957,"rot1":-5,"rot2":25,"rot3":15,"rot4":-15,"rot5":5,"rot6":-25,"dil1":0.975,"dil2":1.025,"dil3":0.925,"dil4":1.075,"dil5":0.875,"dil6":1.125,"rots":[-5,25,15,-15,5,-25],"dils":[0.975,1.025,0.925,1.075,0.875,1.125],"possible_pos":[0,1,2,3,4,5]},{"id":"train-images","loop_number":1,"shape":"test1","outlier_type":"NA","choice":5,"outlierPosition":5,"success":true,"majorityOfMostRegularShapes":true,"rt":753,"rot1":15,"rot2":5,"rot3":-25,"rot4":25,"rot5":-15,"rot6":-5,"dil1":0.875,"dil2":0.925,"dil3":1.025,"dil4":1.075,"dil5":1.125,"dil6":0.975,"rots":[15,5,-25,25,-15,-5],"dils":[0.875,0.925,1.025,1.075,1.125,0.975],"possible_pos":[0,1,2,3,4,5]},{"id":"train-images","loop_number":1,"shape":"test3","outlier_type":"NA","choice":4,"outlierPosition":4,"success":true,"majorityOfMostRegularShapes":true,"rt":1449,"rot1":15,"rot2":-5,"rot3":-15,"rot4":5,"rot5":25,"rot6":-25,"dil1":0.975,"dil2":1.125,"dil3":1.075,"dil4":0.925,"dil5":0.875,"dil6":1.025,"rots":[15,-5,-15,5,25,-25],"dils":[0.975,1.125,1.075,0.925,0.875,1.025],"possible_pos":[0,1,2,3,4,5]},{"id":"train-images","loop_number":1,"shape":"test4","outlier_type":"NA","choice":3,"outlierPosition":3,"success":true,"majorityOfMostRegularShapes":true,"rt":1576,"rot1":-25,"rot2":5,"rot3":15,"rot4":-5,"rot5":25,"rot6":-15,"dil1":0.875,"dil2":0.975,"dil3":0.925,"dil4":1.025,"dil5":1.125,"dil6":1.075,"rots":[-25,5,15,-5,25,-15],"dils":[0.875,0.975,0.925,1.025,1.125,1.075],"possible_pos":[0,1,2,3,4,5]},{"id":"train-images","loop_number":1,"shape":"test2","outlier_type":"NA","choice":5,"outlierPosition":5,"success":true,"majorityOfMostRegularShapes":true,"rt":805,"rot1":25,"rot2":-25,"rot3":5,"rot4":15,"rot5":-5,"rot6":-15,"dil1":0.975,"dil2":0.925,"dil3":1.125,"dil4":1.025,"dil5":1.075,"dil6":0.875,"rots":[25,-25,5,15,-5,-15],"dils":[0.975,0.925,1.125,1.025,1.075,0.875],"possible_pos":[0,1,2,3,4,5]},{"id":"train-images","loop_number":1,"shape":"test5","outlier_type":"NA","choice":1,"outlierPosition":1,"success":true,"majorityOfMostRegularShapes":true,"rt":860,"rot1":-5,"rot2":25,"rot3":-25,"rot4":5,"rot5":-15,"rot6":15,"dil1":0.925,"dil2":0.875,"dil3":0.975,"dil4":1.075,"dil5":1.125,"dil6":1.025,"rots":[-5,25,-25,5,-15,15],"dils":[0.925,0.875,0.975,1.075,1.125,1.025],"possible_pos":[0,1,2,3,4,5]},{"id":"train-images","loop_number":1,"shape":"test9","outlier_type":"NA","choice":1,"outlierPosition":1,"success":true,"majorityOfMostRegularShapes":false,"rt":1102,"rot1":-5,"rot2":-25,"rot3":-15,"rot4":15,"rot5":5,"rot6":25,"dil1":0.875,"dil2":0.975,"dil3":0.925,"dil4":1.125,"dil5":1.075,"dil6":1.025,"rots":[-5,-25,-15,15,5,25],"dils":[0.875,0.975,0.925,1.125,1.075,1.025],"possible_pos":[0,1,2,3,4,5]},{"id":"train-images","loop_number":1,"shape":"test8","outlier_type":"NA","choice":5,"outlierPosition":5,"success":true,"majorityOfMostRegularShapes":true,"rt":947,"rot1":-5,"rot2":5,"rot3":-25,"rot4":-15,"rot5":15,"rot6":25,"dil1":1.075,"dil2":1.125,"dil3":1.025,"dil4":0.875,"dil5":0.975,"dil6":0.925,"rots":[-5,5,-25,-15,15,25],"dils":[1.075,1.125,1.025,0.875,0.975,0.925],"possible_pos":[0,1,2,3,4,5]},{"id":"train-images","loop_number":1,"shape":"test7","outlier_type":"NA","choice":5,"outlierPosition":5,"success":true,"majorityOfMostRegularShapes":true,"rt":736,"rot1":15,"rot2":25,"rot3":5,"rot4":-15,"rot5":-25,"rot6":-5,"dil1":1.125,"dil2":1.025,"dil3":0.875,"dil4":1.075,"dil5":0.925,"dil6":0.975,"rots":[15,25,5,-15,-25,-5],"dils":[1.125,1.025,0.875,1.075,0.925,0.975],"possible_pos":[0,1,2,3,4,5]},{"id":"train-images","loop_number":1,"shape":"test10","outlier_type":"NA","choice":1,"outlierPosition":1,"success":true,"majorityOfMostRegularShapes":false,"rt":744,"rot1":-25,"rot2":25,"rot3":-5,"rot4":5,"rot5":-15,"rot6":15,"dil1":1.125,"dil2":0.975,"dil3":0.925,"dil4":1.025,"dil5":0.875,"dil6":1.075,"rots":[-25,25,-5,5,-15,15],"dils":[1.125,0.975,0.925,1.025,0.875,1.075],"possible_pos":[0,1,2,3,4,5]},{"id":"train-images","loop_number":1,"shape":"test6","outlier_type":"NA","choice":2,"outlierPosition":2,"success":true,"majorityOfMostRegularShapes":true,"rt":1039,"rot1":5,"rot2":-15,"rot3":25,"rot4":-25,"rot5":15,"rot6":-5,"dil1":0.975,"dil2":1.125,"dil3":1.075,"dil4":0.875,"dil5":0.925,"dil6":1.025,"rots":[5,-15,25,-25,15,-5],"dils":[0.975,1.125,1.075,0.875,0.925,1.025],"possible_pos":[0,1,2,3,4,5]},{"id":"train-images","loop_number":1,"shape":"test8","outlier_type":"NA","choice":3,"outlierPosition":3,"success":true,"majorityOfMostRegularShapes":false,"rt":767,"rot1":25,"rot2":-15,"rot3":-5,"rot4":15,"rot5":-25,"rot6":5,"dil1":0.975,"dil2":1.125,"dil3":1.075,"dil4":1.025,"dil5":0.925,"dil6":0.875,"rots":[25,-15,-5,15,-25,5],"dils":[0.975,1.125,1.075,1.025,0.925,0.875],"possible_pos":[0,1,2,3,4,5]}],"trial_type":"oddball-grid-image","trial_index":3,"time_elapsed":72541,"internal_node_id":"0.0-3.0","score":0.75,"early_termination":false},{"results":[{"id":"gen2","loop_number":1,"shape":1,"outlier_type":"NA","choice":1,"outlierPosition":1,"success":true,"majorityOfMostRegularShapes":false,"rt":994,"rot1":-15,"rot2":5,"rot3":15,"rot4":25,"rot5":-5,"rot6":-25,"dil1":0.975,"dil2":1.025,"dil3":0.875,"dil4":1.125,"dil5":0.925,"dil6":1.075,"rots":[-15,5,15,25,-5,-25],"dils":[0.975,1.025,0.875,1.125,0.925,1.075]},{"id":"gen2","loop_number":1,"shape":2,"outlier_type":"NA","choice":2,"outlierPosition":2,"success":true,"majorityOfMostRegularShapes":true,"rt":794,"rot1":15,"rot2":-5,"rot3":5,"rot4":-15,"rot5":-25,"rot6":25,"dil1":0.875,"dil2":1.125,"dil3":0.925,"dil4":0.975,"dil5":1.025,"dil6":1.075,"rots":[15,-5,5,-15,-25,25],"dils":[0.875,1.125,0.925,0.975,1.025,1.075]},{"id":"gen2","loop_number":1,"shape":1,"outlier_type":"NA","choice":5,"outlierPosition":5,"success":true,"majorityOfMostRegularShapes":true,"rt":852,"rot1":-25,"rot2":15,"rot3":5,"rot4":25,"rot5":-15,"rot6":-5,"dil1":1.125,"dil2":1.075,"dil3":1.025,"dil4":0.975,"dil5":0.925,"dil6":0.875,"rots":[-25,15,5,25,-15,-5],"dils":[1.125,1.075,1.025,0.975,0.925,0.875]},{"id":"gen2","loop_number":1,"shape":0,"outlier_type":"NA","choice":3,"outlierPosition":3,"success":true,"majorityOfMostRegularShapes":true,"rt":1159,"rot1":-25,"rot2":-5,"rot3":15,"rot4":25,"rot5":5,"rot6":-15,"dil1":0.875,"dil2":0.925,"dil3":1.125,"dil4":1.025,"dil5":0.975,"dil6":1.075,"rots":[-25,-5,15,25,5,-15],"dils":[0.875,0.925,1.125,1.025,0.975,1.075]},{"id":"gen2","loop_number":1,"shape":2,"outlier_type":"NA","choice":3,"outlierPosition":3,"success":true,"majorityOfMostRegularShapes":false,"rt":943,"rot1":25,"rot2":-25,"rot3":-5,"rot4":15,"rot5":-15,"rot6":5,"dil1":0.875,"dil2":1.075,"dil3":0.975,"dil4":0.925,"dil5":1.125,"dil6":1.025,"rots":[25,-25,-5,15,-15,5],"dils":[0.875,1.075,0.975,0.925,1.125,1.025]},{"id":"gen2","loop_number":1,"shape":0,"outlier_type":"NA","choice":4,"outlierPosition":4,"success":true,"majorityOfMostRegularShapes":false,"rt":1194,"rot1":-5,"rot2":25,"rot3":5,"rot4":15,"rot5":-25,"rot6":-15,"dil1":1.125,"dil2":0.925,"dil3":0.875,"dil4":1.025,"dil5":1.075,"dil6":0.975,"rots":[-5,25,5,15,-25,-15],"dils":[1.125,0.925,0.875,1.025,1.075,0.975]},{"id":"gen2","loop_number":1,"shape":1,"outlier_type":"NA","choice":1,"outlierPosition":1,"success":true,"majorityOfMostRegularShapes":true,"rt":825,"rot1":-15,"rot2":5,"rot3":-25,"rot4":-5,"rot5":15,"rot6":25,"dil1":1.125,"dil2":0.925,"dil3":1.025,"dil4":1.075,"dil5":0.975,"dil6":0.875,"rots":[-15,5,-25,-5,15,25],"dils":[1.125,0.925,1.025,1.075,0.975,0.875]},{"id":"gen2","loop_number":1,"shape":2,"outlier_type":"NA","choice":0,"outlierPosition":0,"success":true,"majorityOfMostRegularShapes":true,"rt":1065,"rot1":-25,"rot2":-5,"rot3":5,"rot4":25,"rot5":-15,"rot6":15,"dil1":1.075,"dil2":1.125,"dil3":0.975,"dil4":1.025,"dil5":0.875,"dil6":0.925,"rots":[-25,-5,5,25,-15,15],"dils":[1.075,1.125,0.975,1.025,0.875,0.925]},{"id":"gen2","loop_number":1,"shape":1,"outlier_type":"NA","choice":5,"outlierPosition":5,"success":true,"majorityOfMostRegularShapes":true,"rt":930,"rot1":-25,"rot2":5,"rot3":15,"rot4":25,"rot5":-5,"rot6":-15,"dil1":0.975,"dil2":1.025,"dil3":0.925,"dil4":1.075,"dil5":0.875,"dil6":1.125,"rots":[-25,5,15,25,-5,-15],"dils":[0.975,1.025,0.925,1.075,0.875,1.125]},{"id":"gen2","loop_number":1,"shape":2,"outlier_type":"NA","choice":3,"outlierPosition":3,"success":true,"majorityOfMostRegularShapes":false,"rt":840,"rot1":15,"rot2":5,"rot3":-5,"rot4":25,"rot5":-15,"rot6":-25,"dil1":0.875,"dil2":1.125,"dil3":1.075,"dil4":1.025,"dil5":0.925,"dil6":0.975,"rots":[15,5,-5,25,-15,-25],"dils":[0.875,1.125,1.075,1.025,0.925,0.975]},{"id":"gen2","loop_number":1,"shape":1,"outlier_type":"NA","choice":5,"outlierPosition":5,"success":true,"majorityOfMostRegularShapes":false,"rt":1172,"rot1":5,"rot2":-25,"rot3":15,"rot4":-5,"rot5":25,"rot6":-15,"dil1":0.925,"dil2":1.125,"dil3":1.075,"dil4":0.975,"dil5":1.025,"dil6":0.875,"rots":[5,-25,15,-5,25,-15],"dils":[0.925,1.125,1.075,0.975,1.025,0.875]},{"id":"gen2","loop_number":1,"shape":0,"outlier_type":"NA","choice":2,"outlierPosition":2,"success":true,"majorityOfMostRegularShapes":false,"rt":878,"rot1":15,"rot2":5,"rot3":-15,"rot4":-5,"rot5":25,"rot6":-25,"dil1":1.125,"dil2":1.025,"dil3":1.075,"dil4":0.975,"dil5":0.875,"dil6":0.925,"rots":[15,5,-15,-5,25,-25],"dils":[1.125,1.025,1.075,0.975,0.875,0.925]},{"id":"gen2","loop_number":1,"shape":2,"outlier_type":"NA","choice":2,"outlierPosition":2,"success":true,"majorityOfMostRegularShapes":false,"rt":744,"rot1":15,"rot2":-25,"rot3":-5,"rot4":25,"rot5":5,"rot6":-15,"dil1":1.025,"dil2":1.125,"dil3":0.875,"dil4":1.075,"dil5":0.925,"dil6":0.975,"rots":[15,-25,-5,25,5,-15],"dils":[1.025,1.125,0.875,1.075,0.925,0.975]},{"id":"gen2","loop_number":1,"shape":0,"outlier_type":"NA","choice":3,"outlierPosition":3,"success":true,"majorityOfMostRegularShapes":false,"rt":805,"rot1":25,"rot2":5,"rot3":-25,"rot4":-5,"rot5":-15,"rot6":15,"dil1":0.975,"dil2":1.025,"dil3":1.125,"dil4":1.075,"dil5":0.875,"dil6":0.925,"rots":[25,5,-25,-5,-15,15],"dils":[0.975,1.025,1.125,1.075,0.875,0.925]},{"id":"gen2","loop_number":1,"shape":1,"outlier_type":"NA","choice":1,"outlierPosition":1,"success":true,"majorityOfMostRegularShapes":false,"rt":997,"rot1":-5,"rot2":25,"rot3":-25,"rot4":5,"rot5":-15,"rot6":15,"dil1":1.025,"dil2":1.075,"dil3":0.925,"dil4":0.875,"dil5":0.975,"dil6":1.125,"rots":[-5,25,-25,5,-15,15],"dils":[1.025,1.075,0.925,0.875,0.975,1.125]},{"id":"gen2","loop_number":1,"shape":2,"outlier_type":"NA","choice":2,"outlierPosition":2,"success":true,"majorityOfMostRegularShapes":true,"rt":735,"rot1":25,"rot2":-5,"rot3":-15,"rot4":15,"rot5":5,"rot6":-25,"dil1":0.975,"dil2":0.925,"dil3":1.125,"dil4":0.875,"dil5":1.025,"dil6":1.075,"rots":[25,-5,-15,15,5,-25],"dils":[0.975,0.925,1.125,0.875,1.025,1.075]},{"id":"gen2","loop_number":1,"shape":0,"outlier_type":"NA","choice":3,"outlierPosition":3,"success":true,"majorityOfMostRegularShapes":true,"rt":834,"rot1":-5,"rot2":25,"rot3":5,"rot4":15,"rot5":-15,"rot6":-25,"dil1":1.125,"dil2":0.925,"dil3":0.875,"dil4":0.975,"dil5":1.075,"dil6":1.025,"rots":[-5,25,5,15,-15,-25],"dils":[1.125,0.925,0.875,0.975,1.075,1.025]},{"id":"gen2","loop_number":1,"shape":0,"outlier_type":"NA","choice":1,"outlierPosition":1,"success":true,"majorityOfMostRegularShapes":true,"rt":1004,"rot1":-25,"rot2":-15,"rot3":-5,"rot4":15,"rot5":5,"rot6":25,"dil1":1.075,"dil2":0.925,"dil3":0.975,"dil4":0.875,"dil5":1.025,"dil6":1.125,"rots":[-25,-15,-5,15,5,25],"dils":[1.075,0.925,0.975,0.875,1.025,1.125]}],"trial_type":"oddball-grid-easy","trial_index":4,"time_elapsed":115275,"internal_node_id":"0.0-4.0","score":0.75,"early_termination":false},{"results":[{"id":"test","shape":"rectangle","outlier_type":1,"choice":2,"outlierPosition":2,"success":true,"majorityOfMostRegularShapes":false,"rt":2428,"rot1":15,"rot2":-15,"rot3":25,"rot4":-25,"rot5":5,"rot6":-5,"dil1":1.025,"dil2":0.875,"dil3":1.075,"dil4":0.925,"dil5":1.125,"dil6":0.975,"rots":[15,-15,25,-25,5,-5],"dils":[1.025,0.875,1.075,0.925,1.125,0.975]},{"id":"test","shape":"square","outlier_type":2,"choice":1,"outlierPosition":2,"success":false,"majorityOfMostRegularShapes":true,"rt":1311,"rot1":-5,"rot2":25,"rot3":15,"rot4":5,"rot5":-25,"rot6":-15,"dil1":0.975,"dil2":1.075,"dil3":0.925,"dil4":1.125,"dil5":1.025,"dil6":0.875,"rots":[-5,25,15,5,-25,-15],"dils":[0.975,1.075,0.925,1.125,1.025,0.875]},{"id":"test","shape":"isoTrapezoid","outlier_type":0,"choice":5,"outlierPosition":5,"success":true,"majorityOfMostRegularShapes":false,"rt":4303,"rot1":15,"rot2":5,"rot3":-25,"rot4":25,"rot5":-5,"rot6":-15,"dil1":1.125,"dil2":0.875,"dil3":0.975,"dil4":0.925,"dil5":1.075,"dil6":1.025,"rots":[15,5,-25,25,-5,-15],"dils":[1.125,0.875,0.975,0.925,1.075,1.025]},{"id":"test","shape":"rustedHinge","outlier_type":2,"choice":4,"outlierPosition":4,"success":true,"majorityOfMostRegularShapes":true,"rt":2654,"rot1":25,"rot2":-25,"rot3":15,"rot4":-15,"rot5":-5,"rot6":5,"dil1":0.975,"dil2":1.125,"dil3":0.875,"dil4":0.925,"dil5":1.025,"dil6":1.075,"rots":[25,-25,15,-15,-5,5],"dils":[0.975,1.125,0.875,0.925,1.025,1.075]},{"id":"test","shape":"trapezoid","outlier_type":1,"choice":3,"outlierPosition":3,"success":true,"majorityOfMostRegularShapes":true,"rt":2521,"rot1":-5,"rot2":15,"rot3":5,"rot4":25,"rot5":-15,"rot6":-25,"dil1":1.075,"dil2":1.025,"dil3":1.125,"dil4":0.925,"dil5":0.975,"dil6":0.875,"rots":[-5,15,5,25,-15,-25],"dils":[1.075,1.025,1.125,0.925,0.975,0.875]},{"id":"test","shape":"random","outlier_type":3,"choice":3,"outlierPosition":3,"success":true,"majorityOfMostRegularShapes":false,"rt":4610,"rot1":-15,"rot2":25,"rot3":15,"rot4":5,"rot5":-25,"rot6":-5,"dil1":0.925,"dil2":0.875,"dil3":1.025,"dil4":0.975,"dil5":1.075,"dil6":1.125,"rots":[-15,25,15,5,-25,-5],"dils":[0.925,0.875,1.025,0.975,1.075,1.125]},{"id":"test","shape":"rightKite","outlier_type":0,"choice":5,"outlierPosition":1,"success":false,"majorityOfMostRegularShapes":true,"rt":4329,"rot1":-5,"rot2":-25,"rot3":25,"rot4":15,"rot5":-15,"rot6":5,"dil1":1.075,"dil2":0.975,"dil3":0.925,"dil4":0.875,"dil5":1.125,"dil6":1.025,"rots":[-5,-25,25,15,-15,5],"dils":[1.075,0.975,0.925,0.875,1.125,1.025]},{"id":"test","shape":"hinge","outlier_type":2,"choice":4,"outlierPosition":4,"success":true,"majorityOfMostRegularShapes":true,"rt":3724,"rot1":-25,"rot2":-5,"rot3":25,"rot4":15,"rot5":-15,"rot6":5,"dil1":1.025,"dil2":1.125,"dil3":0.875,"dil4":1.075,"dil5":0.975,"dil6":0.925,"rots":[-25,-5,25,15,-15,5],"dils":[1.025,1.125,0.875,1.075,0.975,0.925]},{"id":"test","shape":"random","outlier_type":1,"choice":3,"outlierPosition":0,"success":false,"majorityOfMostRegularShapes":false,"rt":4224,"rot1":-15,"rot2":-5,"rot3":-25,"rot4":5,"rot5":25,"rot6":15,"dil1":1.125,"dil2":0.975,"dil3":0.925,"dil4":0.875,"dil5":1.025,"dil6":1.075,"rots":[-15,-5,-25,5,25,15],"dils":[1.125,0.975,0.925,0.875,1.025,1.075]},{"id":"test","shape":"kite","outlier_type":3,"choice":5,"outlierPosition":5,"success":true,"majorityOfMostRegularShapes":true,"rt":1992,"rot1":-25,"rot2":-15,"rot3":5,"rot4":25,"rot5":15,"rot6":-5,"dil1":1.025,"dil2":0.925,"dil3":0.875,"dil4":1.125,"dil5":0.975,"dil6":1.075,"rots":[-25,-15,5,25,15,-5],"dils":[1.025,0.925,0.875,1.125,0.975,1.075]},{"id":"test","shape":"random","outlier_type":2,"choice":4,"outlierPosition":1,"success":false,"majorityOfMostRegularShapes":true,"rt":5949,"rot1":-15,"rot2":25,"rot3":-5,"rot4":15,"rot5":-25,"rot6":5,"dil1":0.925,"dil2":1.075,"dil3":1.125,"dil4":0.975,"dil5":0.875,"dil6":1.025,"rots":[-15,25,-5,15,-25,5],"dils":[0.925,1.075,1.125,0.975,0.875,1.025]},{"id":"test","shape":"losange","outlier_type":0,"choice":5,"outlierPosition":0,"success":false,"majorityOfMostRegularShapes":false,"rt":4156,"rot1":5,"rot2":-5,"rot3":15,"rot4":-15,"rot5":25,"rot6":-25,"dil1":0.925,"dil2":0.875,"dil3":1.125,"dil4":0.975,"dil5":1.025,"dil6":1.075,"rots":[5,-5,15,-15,25,-25],"dils":[0.925,0.875,1.125,0.975,1.025,1.075]},{"id":"test","shape":"square","outlier_type":2,"choice":1,"outlierPosition":1,"success":true,"majorityOfMostRegularShapes":false,"rt":1761,"rot1":-15,"rot2":5,"rot3":-25,"rot4":25,"rot5":-5,"rot6":15,"dil1":0.875,"dil2":1.125,"dil3":0.975,"dil4":1.075,"dil5":0.925,"dil6":1.025,"rots":[-15,5,-25,25,-5,15],"dils":[0.875,1.125,0.975,1.075,0.925,1.025]},{"id":"test","shape":"kite","outlier_type":1,"choice":1,"outlierPosition":1,"success":true,"majorityOfMostRegularShapes":true,"rt":3422,"rot1":-15,"rot2":5,"rot3":-5,"rot4":25,"rot5":15,"rot6":-25,"dil1":1.075,"dil2":1.125,"dil3":0.975,"dil4":1.025,"dil5":0.925,"dil6":0.875,"rots":[-15,5,-5,25,15,-25],"dils":[1.075,1.125,0.975,1.025,0.925,0.875]},{"id":"test","shape":"trapezoid","outlier_type":0,"choice":5,"outlierPosition":3,"success":false,"majorityOfMostRegularShapes":true,"rt":6253,"rot1":15,"rot2":5,"rot3":-25,"rot4":-15,"rot5":-5,"rot6":25,"dil1":0.975,"dil2":1.075,"dil3":0.875,"dil4":1.125,"dil5":1.025,"dil6":0.925,"rots":[15,5,-25,-15,-5,25],"dils":[0.975,1.075,0.875,1.125,1.025,0.925]},{"id":"test","shape":"parallelogram","outlier_type":2,"choice":0,"outlierPosition":0,"success":true,"majorityOfMostRegularShapes":true,"rt":4588,"rot1":25,"rot2":15,"rot3":-5,"rot4":-15,"rot5":-25,"rot6":5,"dil1":1.125,"dil2":1.025,"dil3":0.975,"dil4":0.925,"dil5":0.875,"dil6":1.075,"rots":[25,15,-5,-15,-25,5],"dils":[1.125,1.025,0.975,0.925,0.875,1.075]},{"id":"test","shape":"hinge","outlier_type":0,"choice":2,"outlierPosition":2,"success":true,"majorityOfMostRegularShapes":false,"rt":8307,"rot1":25,"rot2":-5,"rot3":5,"rot4":-25,"rot5":-15,"rot6":15,"dil1":0.975,"dil2":0.925,"dil3":1.025,"dil4":1.075,"dil5":0.875,"dil6":1.125,"rots":[25,-5,5,-25,-15,15],"dils":[0.975,0.925,1.025,1.075,0.875,1.125]},{"id":"test","shape":"rightKite","outlier_type":3,"choice":4,"outlierPosition":4,"success":true,"majorityOfMostRegularShapes":true,"rt":3131,"rot1":5,"rot2":25,"rot3":15,"rot4":-5,"rot5":-25,"rot6":-15,"dil1":0.925,"dil2":0.875,"dil3":1.075,"dil4":1.025,"dil5":1.125,"dil6":0.975,"rots":[5,25,15,-5,-25,-15],"dils":[0.925,0.875,1.075,1.025,1.125,0.975]},{"id":"test","shape":"random","outlier_type":0,"choice":1,"outlierPosition":5,"success":false,"majorityOfMostRegularShapes":false,"rt":4026,"rot1":25,"rot2":5,"rot3":-15,"rot4":15,"rot5":-25,"rot6":-5,"dil1":1.025,"dil2":1.125,"dil3":0.975,"dil4":1.075,"dil5":0.925,"dil6":0.875,"rots":[25,5,-15,15,-25,-5],"dils":[1.025,1.125,0.975,1.075,0.925,0.875]},{"id":"test","shape":"parallelogram","outlier_type":3,"choice":3,"outlierPosition":3,"success":true,"majorityOfMostRegularShapes":false,"rt":1655,"rot1":-5,"rot2":-15,"rot3":25,"rot4":-25,"rot5":15,"rot6":5,"dil1":0.975,"dil2":0.925,"dil3":1.025,"dil4":0.875,"dil5":1.125,"dil6":1.075,"rots":[-5,-15,25,-25,15,5],"dils":[0.975,0.925,1.025,0.875,1.125,1.075]},{"id":"test","shape":"rightKite","outlier_type":1,"choice":3,"outlierPosition":3,"success":true,"majorityOfMostRegularShapes":true,"rt":1400,"rot1":15,"rot2":-15,"rot3":-5,"rot4":5,"rot5":25,"rot6":-25,"dil1":1.075,"dil2":1.025,"dil3":0.925,"dil4":1.125,"dil5":0.975,"dil6":0.875,"rots":[15,-15,-5,5,25,-25],"dils":[1.075,1.025,0.925,1.125,0.975,0.875]},{"id":"test","shape":"hinge","outlier_type":3,"choice":0,"outlierPosition":5,"success":false,"majorityOfMostRegularShapes":false,"rt":2480,"rot1":-5,"rot2":-25,"rot3":5,"rot4":15,"rot5":-15,"rot6":25,"dil1":0.875,"dil2":1.125,"dil3":1.075,"dil4":1.025,"dil5":0.925,"dil6":0.975,"rots":[-5,-25,5,15,-15,25],"dils":[0.875,1.125,1.075,1.025,0.925,0.975]},{"id":"test","shape":"parallelogram","outlier_type":0,"choice":3,"outlierPosition":3,"success":true,"majorityOfMostRegularShapes":false,"rt":1795,"rot1":25,"rot2":-25,"rot3":5,"rot4":-15,"rot5":-5,"rot6":15,"dil1":0.975,"dil2":1.075,"dil3":0.925,"dil4":0.875,"dil5":1.125,"dil6":1.025,"rots":[25,-25,5,-15,-5,15],"dils":[0.975,1.075,0.925,0.875,1.125,1.025]},{"id":"test","shape":"hinge","outlier_type":1,"choice":1,"outlierPosition":4,"success":false,"majorityOfMostRegularShapes":false,"rt":2277,"rot1":-25,"rot2":-15,"rot3":15,"rot4":25,"rot5":5,"rot6":-5,"dil1":1.025,"dil2":0.925,"dil3":0.975,"dil4":0.875,"dil5":1.125,"dil6":1.075,"rots":[-25,-15,15,25,5,-5],"dils":[1.025,0.925,0.975,0.875,1.125,1.075]},{"id":"test","shape":"rectangle","outlier_type":2,"choice":5,"outlierPosition":5,"success":true,"majorityOfMostRegularShapes":true,"rt":4108,"rot1":25,"rot2":5,"rot3":-15,"rot4":-25,"rot5":15,"rot6":-5,"dil1":0.925,"dil2":0.875,"dil3":1.025,"dil4":0.975,"dil5":1.075,"dil6":1.125,"rots":[25,5,-15,-25,15,-5],"dils":[0.925,0.875,1.025,0.975,1.075,1.125]},{"id":"test","shape":"rustedHinge","outlier_type":3,"choice":5,"outlierPosition":5,"success":true,"majorityOfMostRegularShapes":false,"rt":3451,"rot1":5,"rot2":-25,"rot3":-5,"rot4":25,"rot5":-15,"rot6":15,"dil1":0.875,"dil2":1.125,"dil3":1.075,"dil4":0.975,"dil5":0.925,"dil6":1.025,"rots":[5,-25,-5,25,-15,15],"dils":[0.875,1.125,1.075,0.975,0.925,1.025]},{"id":"test","shape":"rectangle","outlier_type":2,"choice":1,"outlierPosition":1,"success":true,"majorityOfMostRegularShapes":false,"rt":1755,"rot1":15,"rot2":-15,"rot3":-25,"rot4":25,"rot5":5,"rot6":-5,"dil1":1.025,"dil2":0.875,"dil3":0.925,"dil4":1.125,"dil5":1.075,"dil6":0.975,"rots":[15,-15,-25,25,5,-5],"dils":[1.025,0.875,0.925,1.125,1.075,0.975]},{"id":"test","shape":"trapezoid","outlier_type":3,"choice":0,"outlierPosition":0,"success":true,"majorityOfMostRegularShapes":false,"rt":5324,"rot1":-25,"rot2":-5,"rot3":-15,"rot4":5,"rot5":15,"rot6":25,"dil1":0.975,"dil2":0.925,"dil3":1.075,"dil4":0.875,"dil5":1.125,"dil6":1.025,"rots":[-25,-5,-15,5,15,25],"dils":[0.975,0.925,1.075,0.875,1.125,1.025]},{"id":"test","shape":"isoTrapezoid","outlier_type":2,"choice":2,"outlierPosition":2,"success":true,"majorityOfMostRegularShapes":true,"rt":2712,"rot1":-15,"rot2":-5,"rot3":15,"rot4":-25,"rot5":25,"rot6":5,"dil1":1.125,"dil2":1.025,"dil3":0.875,"dil4":0.975,"dil5":0.925,"dil6":1.075,"rots":[-15,-5,15,-25,25,5],"dils":[1.125,1.025,0.875,0.975,0.925,1.075]},{"id":"test","shape":"hinge","outlier_type":1,"choice":3,"outlierPosition":3,"success":true,"majorityOfMostRegularShapes":true,"rt":8196,"rot1":-5,"rot2":25,"rot3":-25,"rot4":-15,"rot5":15,"rot6":5,"dil1":0.875,"dil2":0.925,"dil3":0.975,"dil4":1.025,"dil5":1.075,"dil6":1.125,"rots":[-5,25,-25,-15,15,5],"dils":[0.875,0.925,0.975,1.025,1.075,1.125]},{"id":"test","shape":"kite","outlier_type":2,"choice":3,"outlierPosition":3,"success":true,"majorityOfMostRegularShapes":false,"rt":6049,"rot1":15,"rot2":-5,"rot3":-15,"rot4":25,"rot5":5,"rot6":-25,"dil1":1.075,"dil2":0.925,"dil3":1.125,"dil4":1.025,"dil5":0.975,"dil6":0.875,"rots":[15,-5,-15,25,5,-25],"dils":[1.075,0.925,1.125,1.025,0.975,0.875]},{"id":"test","shape":"parallelogram","outlier_type":0,"choice":2,"outlierPosition":2,"success":true,"majorityOfMostRegularShapes":true,"rt":4082,"rot1":5,"rot2":-5,"rot3":-15,"rot4":-25,"rot5":25,"rot6":15,"dil1":0.925,"dil2":1.075,"dil3":0.875,"dil4":1.125,"dil5":1.025,"dil6":0.975,"rots":[5,-5,-15,-25,25,15],"dils":[0.925,1.075,0.875,1.125,1.025,0.975]},{"id":"test","shape":"trapezoid","outlier_type":2,"choice":4,"outlierPosition":4,"success":true,"majorityOfMostRegularShapes":true,"rt":3797,"rot1":-15,"rot2":15,"rot3":25,"rot4":-25,"rot5":-5,"rot6":5,"dil1":0.975,"dil2":1.125,"dil3":1.025,"dil4":0.875,"dil5":0.925,"dil6":1.075,"rots":[-15,15,25,-25,-5,5],"dils":[0.975,1.125,1.025,0.875,0.925,1.075]},{"id":"test","shape":"kite","outlier_type":3,"choice":3,"outlierPosition":3,"success":true,"majorityOfMostRegularShapes":false,"rt":3249,"rot1":-15,"rot2":25,"rot3":15,"rot4":-25,"rot5":5,"rot6":-5,"dil1":0.925,"dil2":1.125,"dil3":1.075,"dil4":0.875,"dil5":1.025,"dil6":0.975,"rots":[-15,25,15,-25,5,-5],"dils":[0.925,1.125,1.075,0.875,1.025,0.975]},{"id":"test","shape":"rectangle","outlier_type":0,"choice":4,"outlierPosition":4,"success":true,"majorityOfMostRegularShapes":true,"rt":1734,"rot1":-5,"rot2":25,"rot3":-25,"rot4":-15,"rot5":15,"rot6":5,"dil1":0.975,"dil2":0.875,"dil3":0.925,"dil4":1.075,"dil5":1.125,"dil6":1.025,"rots":[-5,25,-25,-15,15,5],"dils":[0.975,0.875,0.925,1.075,1.125,1.025]},{"id":"test","shape":"square","outlier_type":1,"choice":0,"outlierPosition":0,"success":true,"majorityOfMostRegularShapes":true,"rt":1138,"rot1":25,"rot2":5,"rot3":-5,"rot4":-25,"rot5":15,"rot6":-15,"dil1":0.875,"dil2":1.125,"dil3":1.025,"dil4":0.925,"dil5":1.075,"dil6":0.975,"rots":[25,5,-5,-25,15,-15],"dils":[0.875,1.125,1.025,0.925,1.075,0.975]},{"id":"test","shape":"rectangle","outlier_type":0,"choice":0,"outlierPosition":0,"success":true,"majorityOfMostRegularShapes":false,"rt":2501,"rot1":15,"rot2":-15,"rot3":-25,"rot4":-5,"rot5":5,"rot6":25,"dil1":1.075,"dil2":0.975,"dil3":1.125,"dil4":1.025,"dil5":0.925,"dil6":0.875,"rots":[15,-15,-25,-5,5,25],"dils":[1.075,0.975,1.125,1.025,0.925,0.875]},{"id":"test","shape":"rustedHinge","outlier_type":2,"choice":0,"outlierPosition":0,"success":true,"majorityOfMostRegularShapes":false,"rt":2414,"rot1":-25,"rot2":-15,"rot3":-5,"rot4":5,"rot5":15,"rot6":25,"dil1":1.025,"dil2":1.125,"dil3":0.925,"dil4":0.975,"dil5":0.875,"dil6":1.075,"rots":[-25,-15,-5,5,15,25],"dils":[1.025,1.125,0.925,0.975,0.875,1.075]},{"id":"test","shape":"hinge","outlier_type":3,"choice":0,"outlierPosition":0,"success":true,"majorityOfMostRegularShapes":true,"rt":1475,"rot1":5,"rot2":-25,"rot3":-15,"rot4":25,"rot5":-5,"rot6":15,"dil1":0.925,"dil2":1.125,"dil3":1.025,"dil4":0.875,"dil5":1.075,"dil6":0.975,"rots":[5,-25,-15,25,-5,15],"dils":[0.925,1.125,1.025,0.875,1.075,0.975]},{"id":"test","shape":"parallelogram","outlier_type":2,"choice":0,"outlierPosition":0,"success":true,"majorityOfMostRegularShapes":false,"rt":1877,"rot1":15,"rot2":-25,"rot3":25,"rot4":-15,"rot5":5,"rot6":-5,"dil1":0.975,"dil2":1.075,"dil3":1.125,"dil4":1.025,"dil5":0.925,"dil6":0.875,"rots":[15,-25,25,-15,5,-5],"dils":[0.975,1.075,1.125,1.025,0.925,0.875]},{"id":"test","shape":"square","outlier_type":1,"choice":2,"outlierPosition":2,"success":true,"majorityOfMostRegularShapes":false,"rt":2098,"rot1":15,"rot2":-15,"rot3":25,"rot4":-25,"rot5":-5,"rot6":5,"dil1":1.075,"dil2":1.025,"dil3":0.975,"dil4":0.925,"dil5":1.125,"dil6":0.875,"rots":[15,-15,25,-25,-5,5],"dils":[1.075,1.025,0.975,0.925,1.125,0.875]},{"id":"test","shape":"square","outlier_type":0,"choice":2,"outlierPosition":3,"success":false,"majorityOfMostRegularShapes":false,"rt":2036,"rot1":15,"rot2":-25,"rot3":-15,"rot4":25,"rot5":-5,"rot6":5,"dil1":1.025,"dil2":0.975,"dil3":1.075,"dil4":1.125,"dil5":0.875,"dil6":0.925,"rots":[15,-25,-15,25,-5,5],"dils":[1.025,0.975,1.075,1.125,0.875,0.925]},{"id":"test","shape":"rightKite","outlier_type":2,"choice":0,"outlierPosition":4,"success":false,"majorityOfMostRegularShapes":true,"rt":1517,"rot1":-15,"rot2":-5,"rot3":25,"rot4":5,"rot5":15,"rot6":-25,"dil1":0.875,"dil2":1.125,"dil3":0.975,"dil4":1.075,"dil5":1.025,"dil6":0.925,"rots":[-15,-5,25,5,15,-25],"dils":[0.875,1.125,0.975,1.075,1.025,0.925]},{"id":"test","shape":"rustedHinge","outlier_type":3,"choice":0,"outlierPosition":0,"success":true,"majorityOfMostRegularShapes":true,"rt":6546,"rot1":15,"rot2":-25,"rot3":5,"rot4":25,"rot5":-15,"rot6":-5,"dil1":0.875,"dil2":1.125,"dil3":1.025,"dil4":0.925,"dil5":0.975,"dil6":1.075,"rots":[15,-25,5,25,-15,-5],"dils":[0.875,1.125,1.025,0.925,0.975,1.075]},{"id":"test","shape":"trapezoid","outlier_type":0,"choice":4,"outlierPosition":5,"success":false,"majorityOfMostRegularShapes":false,"rt":4228,"rot1":15,"rot2":-15,"rot3":-25,"rot4":-5,"rot5":5,"rot6":25,"dil1":1.125,"dil2":0.875,"dil3":0.925,"dil4":1.075,"dil5":1.025,"dil6":0.975,"rots":[15,-15,-25,-5,5,25],"dils":[1.125,0.875,0.925,1.075,1.025,0.975]},{"id":"test","shape":"isoTrapezoid","outlier_type":2,"choice":3,"outlierPosition":4,"success":false,"majorityOfMostRegularShapes":false,"rt":2742,"rot1":-5,"rot2":-25,"rot3":5,"rot4":15,"rot5":25,"rot6":-15,"dil1":0.975,"dil2":1.125,"dil3":1.025,"dil4":0.875,"dil5":0.925,"dil6":1.075,"rots":[-5,-25,5,15,25,-15],"dils":[0.975,1.125,1.025,0.875,0.925,1.075]},{"id":"test","shape":"rightKite","outlier_type":1,"choice":4,"outlierPosition":0,"success":false,"majorityOfMostRegularShapes":false,"rt":1147,"rot1":-15,"rot2":-25,"rot3":25,"rot4":5,"rot5":-5,"rot6":15,"dil1":1.075,"dil2":1.125,"dil3":1.025,"dil4":0.925,"dil5":0.875,"dil6":0.975,"rots":[-15,-25,25,5,-5,15],"dils":[1.075,1.125,1.025,0.925,0.875,0.975]},{"id":"test","shape":"losange","outlier_type":2,"choice":3,"outlierPosition":3,"success":true,"majorityOfMostRegularShapes":false,"rt":9280,"rot1":15,"rot2":-5,"rot3":-25,"rot4":-15,"rot5":5,"rot6":25,"dil1":1.075,"dil2":0.925,"dil3":0.975,"dil4":1.025,"dil5":0.875,"dil6":1.125,"rots":[15,-5,-25,-15,5,25],"dils":[1.075,0.925,0.975,1.025,0.875,1.125]},{"id":"test","shape":"random","outlier_type":1,"choice":4,"outlierPosition":3,"success":false,"majorityOfMostRegularShapes":true,"rt":4223,"rot1":15,"rot2":-25,"rot3":5,"rot4":-15,"rot5":25,"rot6":-5,"dil1":0.875,"dil2":0.975,"dil3":1.125,"dil4":1.025,"dil5":1.075,"dil6":0.925,"rots":[15,-25,5,-15,25,-5],"dils":[0.875,0.975,1.125,1.025,1.075,0.925]},{"id":"test","shape":"rectangle","outlier_type":3,"choice":3,"outlierPosition":3,"success":true,"majorityOfMostRegularShapes":true,"rt":3324,"rot1":-25,"rot2":-15,"rot3":5,"rot4":15,"rot5":-5,"rot6":25,"dil1":0.925,"dil2":1.125,"dil3":0.975,"dil4":0.875,"dil5":1.025,"dil6":1.075,"rots":[-25,-15,5,15,-5,25],"dils":[0.925,1.125,0.975,0.875,1.025,1.075]},{"id":"test","shape":"trapezoid","outlier_type":1,"choice":0,"outlierPosition":2,"success":false,"majorityOfMostRegularShapes":false,"rt":6585,"rot1":25,"rot2":-25,"rot3":15,"rot4":5,"rot5":-5,"rot6":-15,"dil1":1.125,"dil2":0.975,"dil3":0.875,"dil4":1.075,"dil5":1.025,"dil6":0.925,"rots":[25,-25,15,5,-5,-15],"dils":[1.125,0.975,0.875,1.075,1.025,0.925]},{"id":"test","shape":"losange","outlier_type":3,"choice":4,"outlierPosition":4,"success":true,"majorityOfMostRegularShapes":false,"rt":5705,"rot1":25,"rot2":-5,"rot3":-25,"rot4":5,"rot5":-15,"rot6":15,"dil1":0.875,"dil2":0.975,"dil3":0.925,"dil4":1.125,"dil5":1.075,"dil6":1.025,"rots":[25,-5,-25,5,-15,15],"dils":[0.875,0.975,0.925,1.125,1.075,1.025]},{"id":"test","shape":"parallelogram","outlier_type":1,"choice":0,"outlierPosition":0,"success":true,"majorityOfMostRegularShapes":false,"rt":4158,"rot1":-25,"rot2":-15,"rot3":25,"rot4":-5,"rot5":5,"rot6":15,"dil1":1.075,"dil2":0.925,"dil3":1.125,"dil4":1.025,"dil5":0.875,"dil6":0.975,"rots":[-25,-15,25,-5,5,15],"dils":[1.075,0.925,1.125,1.025,0.875,0.975]},{"id":"test","shape":"losange","outlier_type":2,"choice":5,"outlierPosition":2,"success":false,"majorityOfMostRegularShapes":true,"rt":2888,"rot1":5,"rot2":-25,"rot3":-5,"rot4":-15,"rot5":15,"rot6":25,"dil1":0.875,"dil2":0.925,"dil3":1.125,"dil4":0.975,"dil5":1.075,"dil6":1.025,"rots":[5,-25,-5,-15,15,25],"dils":[0.875,0.925,1.125,0.975,1.075,1.025]},{"id":"test","shape":"square","outlier_type":0,"choice":1,"outlierPosition":4,"success":false,"majorityOfMostRegularShapes":true,"rt":1724,"rot1":15,"rot2":-5,"rot3":-25,"rot4":25,"rot5":5,"rot6":-15,"dil1":0.875,"dil2":1.125,"dil3":0.975,"dil4":1.075,"dil5":0.925,"dil6":1.025,"rots":[15,-5,-25,25,5,-15],"dils":[0.875,1.125,0.975,1.075,0.925,1.025]},{"id":"test","shape":"isoTrapezoid","outlier_type":1,"choice":2,"outlierPosition":2,"success":true,"majorityOfMostRegularShapes":true,"rt":3873,"rot1":-25,"rot2":-5,"rot3":25,"rot4":5,"rot5":15,"rot6":-15,"dil1":0.925,"dil2":1.025,"dil3":0.875,"dil4":1.075,"dil5":0.975,"dil6":1.125,"rots":[-25,-5,25,5,15,-15],"dils":[0.925,1.025,0.875,1.075,0.975,1.125]},{"id":"test","shape":"hinge","outlier_type":2,"choice":1,"outlierPosition":1,"success":true,"majorityOfMostRegularShapes":false,"rt":5488,"rot1":15,"rot2":25,"rot3":-25,"rot4":-5,"rot5":-15,"rot6":5,"dil1":1.025,"dil2":0.975,"dil3":1.125,"dil4":1.075,"dil5":0.925,"dil6":0.875,"rots":[15,25,-25,-5,-15,5],"dils":[1.025,0.975,1.125,1.075,0.925,0.875]},{"id":"test","shape":"trapezoid","outlier_type":3,"choice":1,"outlierPosition":1,"success":true,"majorityOfMostRegularShapes":true,"rt":4992,"rot1":-25,"rot2":-5,"rot3":5,"rot4":-15,"rot5":25,"rot6":15,"dil1":0.875,"dil2":1.075,"dil3":0.975,"dil4":0.925,"dil5":1.125,"dil6":1.025,"rots":[-25,-5,5,-15,25,15],"dils":[0.875,1.075,0.975,0.925,1.125,1.025]},{"id":"test","shape":"rustedHinge","outlier_type":0,"choice":3,"outlierPosition":3,"success":true,"majorityOfMostRegularShapes":true,"rt":3895,"rot1":-5,"rot2":-25,"rot3":25,"rot4":15,"rot5":5,"rot6":-15,"dil1":1.025,"dil2":1.125,"dil3":1.075,"dil4":0.875,"dil5":0.925,"dil6":0.975,"rots":[-5,-25,25,15,5,-15],"dils":[1.025,1.125,1.075,0.875,0.925,0.975]},{"id":"test","shape":"square","outlier_type":3,"choice":5,"outlierPosition":5,"success":true,"majorityOfMostRegularShapes":true,"rt":2940,"rot1":-5,"rot2":5,"rot3":-15,"rot4":15,"rot5":25,"rot6":-25,"dil1":0.975,"dil2":0.875,"dil3":1.025,"dil4":1.075,"dil5":0.925,"dil6":1.125,"rots":[-5,5,-15,15,25,-25],"dils":[0.975,0.875,1.025,1.075,0.925,1.125]},{"id":"test","shape":"kite","outlier_type":1,"choice":1,"outlierPosition":1,"success":true,"majorityOfMostRegularShapes":false,"rt":3414,"rot1":-15,"rot2":-25,"rot3":25,"rot4":15,"rot5":5,"rot6":-5,"dil1":1.075,"dil2":0.925,"dil3":1.025,"dil4":0.975,"dil5":1.125,"dil6":0.875,"rots":[-15,-25,25,15,5,-5],"dils":[1.075,0.925,1.025,0.975,1.125,0.875]},{"id":"test","shape":"rightKite","outlier_type":2,"choice":5,"outlierPosition":5,"success":true,"majorityOfMostRegularShapes":false,"rt":6947,"rot1":15,"rot2":-15,"rot3":25,"rot4":5,"rot5":-25,"rot6":-5,"dil1":1.075,"dil2":0.975,"dil3":1.025,"dil4":0.925,"dil5":0.875,"dil6":1.125,"rots":[15,-15,25,5,-25,-5],"dils":[1.075,0.975,1.025,0.925,0.875,1.125]},{"id":"test","shape":"rightKite","outlier_type":3,"choice":2,"outlierPosition":2,"success":true,"majorityOfMostRegularShapes":false,"rt":3396,"rot1":5,"rot2":15,"rot3":-25,"rot4":25,"rot5":-5,"rot6":-15,"dil1":1.025,"dil2":1.125,"dil3":0.975,"dil4":0.875,"dil5":1.075,"dil6":0.925,"rots":[5,15,-25,25,-5,-15],"dils":[1.025,1.125,0.975,0.875,1.075,0.925]},{"id":"test","shape":"kite","outlier_type":0,"choice":3,"outlierPosition":3,"success":true,"majorityOfMostRegularShapes":false,"rt":4759,"rot1":5,"rot2":15,"rot3":-15,"rot4":-25,"rot5":-5,"rot6":25,"dil1":0.925,"dil2":1.125,"dil3":1.075,"dil4":0.975,"dil5":0.875,"dil6":1.025,"rots":[5,15,-15,-25,-5,25],"dils":[0.925,1.125,1.075,0.975,0.875,1.025]},{"id":"test","shape":"losange","outlier_type":1,"choice":2,"outlierPosition":2,"success":true,"majorityOfMostRegularShapes":true,"rt":3289,"rot1":-5,"rot2":15,"rot3":5,"rot4":-15,"rot5":25,"rot6":-25,"dil1":1.125,"dil2":0.975,"dil3":1.025,"dil4":0.875,"dil5":0.925,"dil6":1.075,"rots":[-5,15,5,-15,25,-25],"dils":[1.125,0.975,1.025,0.875,0.925,1.075]},{"id":"test","shape":"hinge","outlier_type":0,"choice":0,"outlierPosition":1,"success":false,"majorityOfMostRegularShapes":true,"rt":7736,"rot1":-25,"rot2":-15,"rot3":5,"rot4":-5,"rot5":15,"rot6":25,"dil1":0.875,"dil2":1.025,"dil3":1.125,"dil4":0.975,"dil5":0.925,"dil6":1.075,"rots":[-25,-15,5,-5,15,25],"dils":[0.875,1.025,1.125,0.975,0.925,1.075]},{"id":"test","shape":"rustedHinge","outlier_type":1,"choice":3,"outlierPosition":3,"success":true,"majorityOfMostRegularShapes":false,"rt":6936,"rot1":-5,"rot2":5,"rot3":15,"rot4":-15,"rot5":25,"rot6":-25,"dil1":1.125,"dil2":0.875,"dil3":0.925,"dil4":1.025,"dil5":1.075,"dil6":0.975,"rots":[-5,5,15,-15,25,-25],"dils":[1.125,0.875,0.925,1.025,1.075,0.975]},{"id":"test","shape":"rightKite","outlier_type":0,"choice":5,"outlierPosition":5,"success":true,"majorityOfMostRegularShapes":false,"rt":9467,"rot1":-5,"rot2":25,"rot3":5,"rot4":-15,"rot5":-25,"rot6":15,"dil1":1.075,"dil2":0.875,"dil3":0.925,"dil4":1.025,"dil5":0.975,"dil6":1.125,"rots":[-5,25,5,-15,-25,15],"dils":[1.075,0.875,0.925,1.025,0.975,1.125]},{"id":"test","shape":"random","outlier_type":3,"choice":3,"outlierPosition":3,"success":true,"majorityOfMostRegularShapes":true,"rt":6031,"rot1":25,"rot2":-15,"rot3":-25,"rot4":15,"rot5":5,"rot6":-5,"dil1":0.925,"dil2":0.975,"dil3":1.125,"dil4":1.025,"dil5":0.875,"dil6":1.075,"rots":[25,-15,-25,15,5,-5],"dils":[0.925,0.975,1.125,1.025,0.875,1.075]},{"id":"test","shape":"losange","outlier_type":1,"choice":4,"outlierPosition":4,"success":true,"majorityOfMostRegularShapes":false,"rt":2311,"rot1":15,"rot2":-5,"rot3":-15,"rot4":-25,"rot5":25,"rot6":5,"dil1":1.025,"dil2":0.975,"dil3":0.875,"dil4":0.925,"dil5":1.075,"dil6":1.125,"rots":[15,-5,-15,-25,25,5],"dils":[1.025,0.975,0.875,0.925,1.075,1.125]},{"id":"test","shape":"rustedHinge","outlier_type":0,"choice":2,"outlierPosition":2,"success":true,"majorityOfMostRegularShapes":false,"rt":4605,"rot1":-25,"rot2":5,"rot3":-15,"rot4":15,"rot5":-5,"rot6":25,"dil1":0.925,"dil2":0.875,"dil3":0.975,"dil4":1.025,"dil5":1.125,"dil6":1.075,"rots":[-25,5,-15,15,-5,25],"dils":[0.925,0.875,0.975,1.025,1.125,1.075]},{"id":"test","shape":"parallelogram","outlier_type":3,"choice":4,"outlierPosition":4,"success":true,"majorityOfMostRegularShapes":true,"rt":3769,"rot1":-5,"rot2":15,"rot3":5,"rot4":-15,"rot5":25,"rot6":-25,"dil1":0.975,"dil2":1.125,"dil3":1.075,"dil4":0.875,"dil5":0.925,"dil6":1.025,"rots":[-5,15,5,-15,25,-25],"dils":[0.975,1.125,1.075,0.875,0.925,1.025]},{"id":"test","shape":"kite","outlier_type":2,"choice":0,"outlierPosition":4,"success":false,"majorityOfMostRegularShapes":true,"rt":2003,"rot1":-25,"rot2":25,"rot3":5,"rot4":-15,"rot5":15,"rot6":-5,"dil1":0.875,"dil2":1.075,"dil3":1.125,"dil4":0.975,"dil5":0.925,"dil6":1.025,"rots":[-25,25,5,-15,15,-5],"dils":[0.875,1.075,1.125,0.975,0.925,1.025]},{"id":"test","shape":"rectangle","outlier_type":3,"choice":4,"outlierPosition":4,"success":true,"majorityOfMostRegularShapes":false,"rt":6387,"rot1":15,"rot2":-5,"rot3":5,"rot4":-15,"rot5":25,"rot6":-25,"dil1":0.975,"dil2":0.875,"dil3":1.125,"dil4":1.025,"dil5":1.075,"dil6":0.925,"rots":[15,-5,5,-15,25,-25],"dils":[0.975,0.875,1.125,1.025,1.075,0.925]},{"id":"test","shape":"trapezoid","outlier_type":2,"choice":1,"outlierPosition":1,"success":true,"majorityOfMostRegularShapes":false,"rt":5400,"rot1":15,"rot2":-5,"rot3":-25,"rot4":5,"rot5":-15,"rot6":25,"dil1":0.975,"dil2":1.075,"dil3":1.025,"dil4":0.925,"dil5":1.125,"dil6":0.875,"rots":[15,-5,-25,5,-15,25],"dils":[0.975,1.075,1.025,0.925,1.125,0.875]},{"id":"test","shape":"rustedHinge","outlier_type":1,"choice":1,"outlierPosition":3,"success":false,"majorityOfMostRegularShapes":true,"rt":4134,"rot1":-15,"rot2":15,"rot3":-5,"rot4":5,"rot5":-25,"rot6":25,"dil1":1.075,"dil2":0.975,"dil3":1.125,"dil4":0.925,"dil5":1.025,"dil6":0.875,"rots":[-15,15,-5,5,-25,25],"dils":[1.075,0.975,1.125,0.925,1.025,0.875]},{"id":"test","shape":"kite","outlier_type":0,"choice":3,"outlierPosition":3,"success":true,"majorityOfMostRegularShapes":true,"rt":4229,"rot1":25,"rot2":-15,"rot3":-25,"rot4":5,"rot5":-5,"rot6":15,"dil1":1.025,"dil2":1.075,"dil3":0.975,"dil4":1.125,"dil5":0.925,"dil6":0.875,"rots":[25,-15,-25,5,-5,15],"dils":[1.025,1.075,0.975,1.125,0.925,0.875]},{"id":"test","shape":"losange","outlier_type":3,"choice":4,"outlierPosition":4,"success":true,"majorityOfMostRegularShapes":true,"rt":2132,"rot1":5,"rot2":-15,"rot3":15,"rot4":25,"rot5":-25,"rot6":-5,"dil1":1.125,"dil2":0.975,"dil3":0.925,"dil4":0.875,"dil5":1.075,"dil6":1.025,"rots":[5,-15,15,25,-25,-5],"dils":[1.125,0.975,0.925,0.875,1.075,1.025]},{"id":"test","shape":"rectangle","outlier_type":1,"choice":2,"outlierPosition":2,"success":true,"majorityOfMostRegularShapes":true,"rt":2124,"rot1":5,"rot2":15,"rot3":25,"rot4":-25,"rot5":-5,"rot6":-15,"dil1":1.125,"dil2":0.975,"dil3":0.875,"dil4":0.925,"dil5":1.075,"dil6":1.025,"rots":[5,15,25,-25,-5,-15],"dils":[1.125,0.975,0.875,0.925,1.075,1.025]},{"id":"test","shape":"isoTrapezoid","outlier_type":3,"choice":4,"outlierPosition":4,"success":true,"majorityOfMostRegularShapes":true,"rt":2094,"rot1":-15,"rot2":15,"rot3":5,"rot4":-5,"rot5":-25,"rot6":25,"dil1":0.975,"dil2":0.925,"dil3":1.025,"dil4":1.125,"dil5":1.075,"dil6":0.875,"rots":[-15,15,5,-5,-25,25],"dils":[0.975,0.925,1.025,1.125,1.075,0.875]},{"id":"test","shape":"isoTrapezoid","outlier_type":1,"choice":5,"outlierPosition":5,"success":true,"majorityOfMostRegularShapes":false,"rt":2598,"rot1":25,"rot2":5,"rot3":-5,"rot4":15,"rot5":-15,"rot6":-25,"dil1":0.875,"dil2":0.975,"dil3":0.925,"dil4":1.075,"dil5":1.025,"dil6":1.125,"rots":[25,5,-5,15,-15,-25],"dils":[0.875,0.975,0.925,1.075,1.025,1.125]},{"id":"test","shape":"isoTrapezoid","outlier_type":0,"choice":4,"outlierPosition":4,"success":true,"majorityOfMostRegularShapes":true,"rt":2198,"rot1":-5,"rot2":-25,"rot3":-15,"rot4":25,"rot5":5,"rot6":15,"dil1":0.925,"dil2":1.075,"dil3":0.975,"dil4":0.875,"dil5":1.125,"dil6":1.025,"rots":[-5,-25,-15,25,5,15],"dils":[0.925,1.075,0.975,0.875,1.125,1.025]},{"id":"test","shape":"square","outlier_type":3,"choice":2,"outlierPosition":2,"success":true,"majorityOfMostRegularShapes":false,"rt":2624,"rot1":5,"rot2":-5,"rot3":15,"rot4":-25,"rot5":-15,"rot6":25,"dil1":0.875,"dil2":0.975,"dil3":1.125,"dil4":1.025,"dil5":0.925,"dil6":1.075,"rots":[5,-5,15,-25,-15,25],"dils":[0.875,0.975,1.125,1.025,0.925,1.075]},{"id":"test","shape":"losange","outlier_type":0,"choice":5,"outlierPosition":5,"success":true,"majorityOfMostRegularShapes":true,"rt":5629,"rot1":-15,"rot2":-5,"rot3":5,"rot4":-25,"rot5":25,"rot6":15,"dil1":1.125,"dil2":0.925,"dil3":1.025,"dil4":1.075,"dil5":0.875,"dil6":0.975,"rots":[-15,-5,5,-25,25,15],"dils":[1.125,0.925,1.025,1.075,0.875,0.975]},{"id":"test","shape":"isoTrapezoid","outlier_type":3,"choice":3,"outlierPosition":3,"success":true,"majorityOfMostRegularShapes":false,"rt":7049,"rot1":-15,"rot2":5,"rot3":15,"rot4":-5,"rot5":25,"rot6":-25,"dil1":0.975,"dil2":1.125,"dil3":0.925,"dil4":1.025,"dil5":0.875,"dil6":1.075,"rots":[-15,5,15,-5,25,-25],"dils":[0.975,1.125,0.925,1.025,0.875,1.075]},{"id":"test","shape":"random","outlier_type":2,"choice":4,"outlierPosition":4,"success":true,"majorityOfMostRegularShapes":false,"rt":7449,"rot1":15,"rot2":-15,"rot3":5,"rot4":-5,"rot5":25,"rot6":-25,"dil1":0.875,"dil2":1.075,"dil3":0.925,"dil4":1.025,"dil5":0.975,"dil6":1.125,"rots":[15,-15,5,-5,25,-25],"dils":[0.875,1.075,0.925,1.025,0.975,1.125]},{"id":"test","shape":"parallelogram","outlier_type":1,"choice":5,"outlierPosition":5,"success":true,"majorityOfMostRegularShapes":true,"rt":3780,"rot1":5,"rot2":-5,"rot3":-25,"rot4":-15,"rot5":15,"rot6":25,"dil1":0.875,"dil2":0.925,"dil3":1.125,"dil4":0.975,"dil5":1.025,"dil6":1.075,"rots":[5,-5,-25,-15,15,25],"dils":[0.875,0.925,1.125,0.975,1.025,1.075]},{"id":"test","shape":"random","outlier_type":0,"choice":4,"outlierPosition":5,"success":false,"majorityOfMostRegularShapes":true,"rt":7296,"rot1":25,"rot2":5,"rot3":-15,"rot4":-5,"rot5":15,"rot6":-25,"dil1":0.875,"dil2":1.125,"dil3":0.925,"dil4":0.975,"dil5":1.025,"dil6":1.075,"rots":[25,5,-15,-5,15,-25],"dils":[0.875,1.125,0.925,0.975,1.025,1.075]}],"desiredDistance":0.3,"trial_type":"oddball-grid","trial_index":5,"time_elapsed":588936,"internal_node_id":"0.0-5.0","score":0.75,"early_termination":false}]