[{"rt":2178,"url":"external-consent.html","trial_type":"external-html","trial_index":0,"time_elapsed":2203,"internal_node_id":"0.0-0.0","score":0.6818181818181818,"early_termination":false},{"rt":8473,"responses":"{\"Q0\":\"01/01/01\",\"Q1\":\"NA\",\"Q2\":\"NA\"}","trial_type":"survey-text","trial_index":1,"time_elapsed":10678,"internal_node_id":"0.0-1.0","score":0.6818181818181818,"early_termination":false},{"success":true,"trial_type":"fullscreen","trial_index":2,"time_elapsed":12726,"internal_node_id":"0.0-2.0","score":0.6818181818181818,"early_termination":false},{"results":[{"id":"train-images","loop_number":1,"shape":"test5","outlier_type":"NA","choice":1,"outlierPosition":1,"success":true,"majorityOfMostRegularShapes":false,"rt":1863,"rot1":5,"rot2":-5,"rot3":25,"rot4":-25,"rot5":-15,"rot6":15,"dil1":0.925,"dil2":0.975,"dil3":1.075,"dil4":0.875,"dil5":1.125,"dil6":1.025,"rots":[5,-5,25,-25,-15,15],"dils":[0.925,0.975,1.075,0.875,1.125,1.025],"possible_pos":[0,1,2,3,4,5]},{"id":"train-images","loop_number":1,"shape":"test3","outlier_type":"NA","choice":4,"outlierPosition":4,"success":true,"majorityOfMostRegularShapes":true,"rt":2082,"rot1":-25,"rot2":-15,"rot3":25,"rot4":-5,"rot5":5,"rot6":15,"dil1":1.025,"dil2":1.125,"dil3":0.975,"dil4":1.075,"dil5":0.925,"dil6":0.875,"rots":[-25,-15,25,-5,5,15],"dils":[1.025,1.125,0.975,1.075,0.925,0.875],"possible_pos":[0,1,2,3,4,5]},{"id":"train-images","loop_number":1,"shape":"test4","outlier_type":"NA","choice":4,"outlierPosition":4,"success":true,"majorityOfMostRegularShapes":true,"rt":2256,"rot1":-25,"rot2":-5,"rot3":-15,"rot4":5,"rot5":25,"rot6":15,"dil1":0.925,"dil2":1.075,"dil3":0.875,"dil4":1.125,"dil5":0.975,"dil6":1.025,"rots":[-25,-5,-15,5,25,15],"dils":[0.925,1.075,0.875,1.125,0.975,1.025],"possible_pos":[0,1,2,3,4,5]},{"id":"train-images","loop_number":1,"shape":"test10","outlier_type":"NA","choice":5,"outlierPosition":5,"success":true,"majorityOfMostRegularShapes":true,"rt":948,"rot1":25,"rot2":-15,"rot3":15,"rot4":5,"rot5":-5,"rot6":-25,"dil1":1.125,"dil2":0.975,"dil3":1.025,"dil4":0.875,"dil5":0.925,"dil6":1.075,"rots":[25,-15,15,5,-5,-25],"dils":[1.125,0.975,1.025,0.875,0.925,1.075],"possible_pos":[0,1,2,3,4,5]},{"id":"train-images","loop_number":1,"shape":"test5","outlier_type":"NA","choice":0,"outlierPosition":0,"success":true,"majorityOfMostRegularShapes":true,"rt":1254,"rot1":15,"rot2":5,"rot3":-5,"rot4":-25,"rot5":25,"rot6":-15,"dil1":0.925,"dil2":0.875,"dil3":0.975,"dil4":1.075,"dil5":1.025,"dil6":1.125,"rots":[15,5,-5,-25,25,-15],"dils":[0.925,0.875,0.975,1.075,1.025,1.125],"possible_pos":[0,1,2,3,4,5]},{"id":"train-images","loop_number":1,"shape":"test1","outlier_type":"NA","choice":3,"outlierPosition":3,"success":true,"majorityOfMostRegularShapes":false,"rt":1263,"rot1":15,"rot2":-25,"rot3":-15,"rot4":-5,"rot5":25,"rot6":5,"dil1":0.975,"dil2":1.075,"dil3":0.875,"dil4":1.125,"dil5":1.025,"dil6":0.925,"rots":[15,-25,-15,-5,25,5],"dils":[0.975,1.075,0.875,1.125,1.025,0.925],"possible_pos":[0,1,2,3,4,5]},{"id":"train-images","loop_number":1,"shape":"test4","outlier_type":"NA","choice":4,"outlierPosition":4,"success":true,"majorityOfMostRegularShapes":false,"rt":2275,"rot1":-5,"rot2":15,"rot3":-25,"rot4":-15,"rot5":25,"rot6":5,"dil1":0.925,"dil2":1.025,"dil3":1.125,"dil4":0.975,"dil5":0.875,"dil6":1.075,"rots":[-5,15,-25,-15,25,5],"dils":[0.925,1.025,1.125,0.975,0.875,1.075],"possible_pos":[0,1,2,3,4,5]},{"id":"train-images","loop_number":1,"shape":"test6","outlier_type":"NA","choice":1,"outlierPosition":1,"success":true,"majorityOfMostRegularShapes":true,"rt":1767,"rot1":-25,"rot2":-15,"rot3":15,"rot4":25,"rot5":5,"rot6":-5,"dil1":0.875,"dil2":1.075,"dil3":0.925,"dil4":1.125,"dil5":0.975,"dil6":1.025,"rots":[-25,-15,15,25,5,-5],"dils":[0.875,1.075,0.925,1.125,0.975,1.025],"possible_pos":[0,1,2,3,4,5]},{"id":"train-images","loop_number":1,"shape":"test9","outlier_type":"NA","choice":1,"outlierPosition":1,"success":true,"majorityOfMostRegularShapes":true,"rt":1469,"rot1":15,"rot2":25,"rot3":-25,"rot4":-5,"rot5":-15,"rot6":5,"dil1":1.025,"dil2":1.075,"dil3":0.925,"dil4":0.975,"dil5":1.125,"dil6":0.875,"rots":[15,25,-25,-5,-15,5],"dils":[1.025,1.075,0.925,0.975,1.125,0.875],"possible_pos":[0,1,2,3,4,5]},{"id":"train-images","loop_number":1,"shape":"test2","outlier_type":"NA","choice":4,"outlierPosition":4,"success":true,"majorityOfMostRegularShapes":false,"rt":893,"rot1":5,"rot2":-25,"rot3":15,"rot4":-5,"rot5":-15,"rot6":25,"dil1":1.025,"dil2":1.075,"dil3":0.875,"dil4":1.125,"dil5":0.975,"dil6":0.925,"rots":[5,-25,15,-5,-15,25],"dils":[1.025,1.075,0.875,1.125,0.975,0.925],"possible_pos":[0,1,2,3,4,5]},{"id":"train-images","loop_number":1,"shape":"test1","outlier_type":"NA","choice":1,"outlierPosition":1,"success":true,"majorityOfMostRegularShapes":true,"rt":985,"rot1":5,"rot2":15,"rot3":-25,"rot4":25,"rot5":-5,"rot6":-15,"dil1":0.875,"dil2":0.925,"dil3":1.025,"dil4":1.075,"dil5":1.125,"dil6":0.975,"rots":[5,15,-25,25,-5,-15],"dils":[0.875,0.925,1.025,1.075,1.125,0.975],"possible_pos":[0,1,2,3,4,5]},{"id":"train-images","loop_number":1,"shape":"test8","outlier_type":"NA","choice":5,"outlierPosition":5,"success":true,"majorityOfMostRegularShapes":true,"rt":987,"rot1":25,"rot2":5,"rot3":-15,"rot4":15,"rot5":-5,"rot6":-25,"dil1":0.975,"dil2":1.025,"dil3":0.875,"dil4":0.925,"dil5":1.075,"dil6":1.125,"rots":[25,5,-15,15,-5,-25],"dils":[0.975,1.025,0.875,0.925,1.075,1.125],"possible_pos":[0,1,2,3,4,5]},{"id":"train-images","loop_number":1,"shape":"test10","outlier_type":"NA","choice":0,"outlierPosition":0,"success":true,"majorityOfMostRegularShapes":false,"rt":1154,"rot1":-25,"rot2":15,"rot3":-15,"rot4":5,"rot5":-5,"rot6":25,"dil1":1.075,"dil2":0.925,"dil3":1.025,"dil4":0.975,"dil5":0.875,"dil6":1.125,"rots":[-25,15,-15,5,-5,25],"dils":[1.075,0.925,1.025,0.975,0.875,1.125],"possible_pos":[0,1,2,3,4,5]},{"id":"train-images","loop_number":1,"shape":"test2","outlier_type":"NA","choice":4,"outlierPosition":4,"success":true,"majorityOfMostRegularShapes":true,"rt":813,"rot1":-5,"rot2":-25,"rot3":5,"rot4":15,"rot5":25,"rot6":-15,"dil1":0.875,"dil2":0.925,"dil3":0.975,"dil4":1.025,"dil5":1.125,"dil6":1.075,"rots":[-5,-25,5,15,25,-15],"dils":[0.875,0.925,0.975,1.025,1.125,1.075],"possible_pos":[0,1,2,3,4,5]},{"id":"train-images","loop_number":1,"shape":"test9","outlier_type":"NA","choice":0,"outlierPosition":0,"success":true,"majorityOfMostRegularShapes":false,"rt":1352,"rot1":15,"rot2":5,"rot3":-5,"rot4":-15,"rot5":25,"rot6":-25,"dil1":0.925,"dil2":0.975,"dil3":0.875,"dil4":1.075,"dil5":1.025,"dil6":1.125,"rots":[15,5,-5,-15,25,-25],"dils":[0.925,0.975,0.875,1.075,1.025,1.125],"possible_pos":[0,1,2,3,4,5]},{"id":"train-images","loop_number":1,"shape":"test8","outlier_type":"NA","choice":3,"outlierPosition":3,"success":true,"majorityOfMostRegularShapes":false,"rt":1247,"rot1":5,"rot2":-5,"rot3":25,"rot4":-25,"rot5":-15,"rot6":15,"dil1":1.025,"dil2":0.975,"dil3":1.125,"dil4":0.875,"dil5":1.075,"dil6":0.925,"rots":[5,-5,25,-25,-15,15],"dils":[1.025,0.975,1.125,0.875,1.075,0.925],"possible_pos":[0,1,2,3,4,5]},{"id":"train-images","loop_number":1,"shape":"test3","outlier_type":"NA","choice":0,"outlierPosition":0,"success":true,"majorityOfMostRegularShapes":false,"rt":1314,"rot1":5,"rot2":25,"rot3":-15,"rot4":-5,"rot5":15,"rot6":-25,"dil1":1.125,"dil2":0.975,"dil3":1.025,"dil4":0.925,"dil5":1.075,"dil6":0.875,"rots":[5,25,-15,-5,15,-25],"dils":[1.125,0.975,1.025,0.925,1.075,0.875],"possible_pos":[0,1,2,3,4,5]},{"id":"train-images","loop_number":1,"shape":"test7","outlier_type":"NA","choice":5,"outlierPosition":5,"success":true,"majorityOfMostRegularShapes":true,"rt":1073,"rot1":15,"rot2":25,"rot3":5,"rot4":-5,"rot5":-25,"rot6":-15,"dil1":1.025,"dil2":1.075,"dil3":1.125,"dil4":0.975,"dil5":0.925,"dil6":0.875,"rots":[15,25,5,-5,-25,-15],"dils":[1.025,1.075,1.125,0.975,0.925,0.875],"possible_pos":[0,1,2,3,4,5]},{"id":"train-images","loop_number":1,"shape":"test6","outlier_type":"NA","choice":2,"outlierPosition":2,"success":true,"majorityOfMostRegularShapes":false,"rt":3619,"rot1":-15,"rot2":-5,"rot3":25,"rot4":15,"rot5":5,"rot6":-25,"dil1":0.875,"dil2":1.125,"dil3":0.925,"dil4":1.075,"dil5":1.025,"dil6":0.975,"rots":[-15,-5,25,15,5,-25],"dils":[0.875,1.125,0.925,1.075,1.025,0.975],"possible_pos":[0,1,2,3,4,5]},{"id":"train-images","loop_number":1,"shape":"test7","outlier_type":"NA","choice":1,"outlierPosition":1,"success":true,"majorityOfMostRegularShapes":false,"rt":1092,"rot1":25,"rot2":5,"rot3":15,"rot4":-5,"rot5":-25,"rot6":-15,"dil1":1.025,"dil2":0.975,"dil3":1.075,"dil4":1.125,"dil5":0.875,"dil6":0.925,"rots":[25,5,15,-5,-25,-15],"dils":[1.025,0.975,1.075,1.125,0.875,0.925],"possible_pos":[0,1,2,3,4,5]}],"trial_type":"oddball-grid-image","trial_index":3,"time_elapsed":242774,"internal_node_id":"0.0-3.0","score":0.6818181818181818,"early_termination":false},{"results":[{"id":"gen2","loop_number":1,"shape":0,"outlier_type":"NA","choice":4,"outlierPosition":4,"success":true,"majorityOfMostRegularShapes":false,"rt":1620,"rot1":15,"rot2":-15,"rot3":-5,"rot4":5,"rot5":-25,"rot6":25,"dil1":0.875,"dil2":0.975,"dil3":1.025,"dil4":1.075,"dil5":0.925,"dil6":1.125,"rots":[15,-15,-5,5,-25,25],"dils":[0.875,0.975,1.025,1.075,0.925,1.125]},{"id":"gen2","loop_number":1,"shape":2,"outlier_type":"NA","choice":5,"outlierPosition":5,"success":true,"majorityOfMostRegularShapes":false,"rt":861,"rot1":-25,"rot2":-15,"rot3":15,"rot4":5,"rot5":25,"rot6":-5,"dil1":1.075,"dil2":0.975,"dil3":0.925,"dil4":1.025,"dil5":1.125,"dil6":0.875,"rots":[-25,-15,15,5,25,-5],"dils":[1.075,0.975,0.925,1.025,1.125,0.875]},{"id":"gen2","loop_number":1,"shape":0,"outlier_type":"NA","choice":0,"outlierPosition":0,"success":true,"majorityOfMostRegularShapes":false,"rt":1103,"rot1":-5,"rot2":-25,"rot3":-15,"rot4":15,"rot5":25,"rot6":5,"dil1":0.875,"dil2":1.025,"dil3":0.925,"dil4":1.125,"dil5":0.975,"dil6":1.075,"rots":[-5,-25,-15,15,25,5],"dils":[0.875,1.025,0.925,1.125,0.975,1.075]},{"id":"gen2","loop_number":1,"shape":2,"outlier_type":"NA","choice":4,"outlierPosition":4,"success":true,"majorityOfMostRegularShapes":false,"rt":895,"rot1":15,"rot2":-5,"rot3":-15,"rot4":5,"rot5":25,"rot6":-25,"dil1":1.125,"dil2":0.925,"dil3":0.875,"dil4":1.025,"dil5":0.975,"dil6":1.075,"rots":[15,-5,-15,5,25,-25],"dils":[1.125,0.925,0.875,1.025,0.975,1.075]},{"id":"gen2","loop_number":1,"shape":0,"outlier_type":"NA","choice":3,"outlierPosition":3,"success":true,"majorityOfMostRegularShapes":true,"rt":2007,"rot1":-25,"rot2":5,"rot3":15,"rot4":-5,"rot5":-15,"rot6":25,"dil1":1.125,"dil2":1.075,"dil3":1.025,"dil4":0.875,"dil5":0.975,"dil6":0.925,"rots":[-25,5,15,-5,-15,25],"dils":[1.125,1.075,1.025,0.875,0.975,0.925]},{"id":"gen2","loop_number":1,"shape":1,"outlier_type":"NA","choice":4,"outlierPosition":4,"success":true,"majorityOfMostRegularShapes":false,"rt":1569,"rot1":5,"rot2":-5,"rot3":25,"rot4":-15,"rot5":-25,"rot6":15,"dil1":1.025,"dil2":0.875,"dil3":1.075,"dil4":1.125,"dil5":0.925,"dil6":0.975,"rots":[5,-5,25,-15,-25,15],"dils":[1.025,0.875,1.075,1.125,0.925,0.975]},{"id":"gen2","loop_number":1,"shape":2,"outlier_type":"NA","choice":3,"outlierPosition":3,"success":true,"majorityOfMostRegularShapes":true,"rt":1184,"rot1":25,"rot2":5,"rot3":15,"rot4":-5,"rot5":-25,"rot6":-15,"dil1":0.925,"dil2":1.125,"dil3":0.875,"dil4":1.025,"dil5":0.975,"dil6":1.075,"rots":[25,5,15,-5,-25,-15],"dils":[0.925,1.125,0.875,1.025,0.975,1.075]},{"id":"gen2","loop_number":1,"shape":1,"outlier_type":"NA","choice":2,"outlierPosition":2,"success":true,"majorityOfMostRegularShapes":true,"rt":1359,"rot1":-15,"rot2":-5,"rot3":15,"rot4":25,"rot5":5,"rot6":-25,"dil1":1.075,"dil2":0.875,"dil3":0.925,"dil4":1.025,"dil5":0.975,"dil6":1.125,"rots":[-15,-5,15,25,5,-25],"dils":[1.075,0.875,0.925,1.025,0.975,1.125]},{"id":"gen2","loop_number":1,"shape":0,"outlier_type":"NA","choice":0,"outlierPosition":0,"success":true,"majorityOfMostRegularShapes":true,"rt":1495,"rot1":5,"rot2":25,"rot3":-5,"rot4":-25,"rot5":-15,"rot6":15,"dil1":0.875,"dil2":1.025,"dil3":1.075,"dil4":0.975,"dil5":0.925,"dil6":1.125,"rots":[5,25,-5,-25,-15,15],"dils":[0.875,1.025,1.075,0.975,0.925,1.125]},{"id":"gen2","loop_number":1,"shape":1,"outlier_type":"NA","choice":3,"outlierPosition":3,"success":true,"majorityOfMostRegularShapes":false,"rt":1061,"rot1":-25,"rot2":-15,"rot3":5,"rot4":25,"rot5":-5,"rot6":15,"dil1":0.875,"dil2":0.975,"dil3":1.075,"dil4":1.125,"dil5":1.025,"dil6":0.925,"rots":[-25,-15,5,25,-5,15],"dils":[0.875,0.975,1.075,1.125,1.025,0.925]},{"id":"gen2","loop_number":1,"shape":2,"outlier_type":"NA","choice":0,"outlierPosition":0,"success":true,"majorityOfMostRegularShapes":false,"rt":1356,"rot1":25,"rot2":5,"rot3":-25,"rot4":-5,"rot5":-15,"rot6":15,"dil1":1.125,"dil2":0.975,"dil3":0.925,"dil4":0.875,"dil5":1.075,"dil6":1.025,"rots":[25,5,-25,-5,-15,15],"dils":[1.125,0.975,0.925,0.875,1.075,1.025]},{"id":"gen2","loop_number":1,"shape":0,"outlier_type":"NA","choice":4,"outlierPosition":4,"success":true,"majorityOfMostRegularShapes":false,"rt":1811,"rot1":-15,"rot2":-5,"rot3":15,"rot4":-25,"rot5":5,"rot6":25,"dil1":0.925,"dil2":0.875,"dil3":1.025,"dil4":1.075,"dil5":0.975,"dil6":1.125,"rots":[-15,-5,15,-25,5,25],"dils":[0.925,0.875,1.025,1.075,0.975,1.125]},{"id":"gen2","loop_number":1,"shape":1,"outlier_type":"NA","choice":5,"outlierPosition":5,"success":true,"majorityOfMostRegularShapes":true,"rt":1227,"rot1":15,"rot2":-15,"rot3":-25,"rot4":-5,"rot5":5,"rot6":25,"dil1":0.875,"dil2":1.125,"dil3":1.025,"dil4":1.075,"dil5":0.975,"dil6":0.925,"rots":[15,-15,-25,-5,5,25],"dils":[0.875,1.125,1.025,1.075,0.975,0.925]},{"id":"gen2","loop_number":1,"shape":2,"outlier_type":"NA","choice":1,"outlierPosition":1,"success":true,"majorityOfMostRegularShapes":true,"rt":1529,"rot1":15,"rot2":-5,"rot3":-25,"rot4":25,"rot5":-15,"rot6":5,"dil1":1.125,"dil2":0.875,"dil3":0.975,"dil4":1.025,"dil5":1.075,"dil6":0.925,"rots":[15,-5,-25,25,-15,5],"dils":[1.125,0.875,0.975,1.025,1.075,0.925]},{"id":"gen2","loop_number":1,"shape":1,"outlier_type":"NA","choice":3,"outlierPosition":3,"success":true,"majorityOfMostRegularShapes":true,"rt":1104,"rot1":-15,"rot2":-25,"rot3":-5,"rot4":5,"rot5":25,"rot6":15,"dil1":1.025,"dil2":0.925,"dil3":1.075,"dil4":0.975,"dil5":0.875,"dil6":1.125,"rots":[-15,-25,-5,5,25,15],"dils":[1.025,0.925,1.075,0.975,0.875,1.125]},{"id":"gen2","loop_number":1,"shape":2,"outlier_type":"NA","choice":3,"outlierPosition":3,"success":true,"majorityOfMostRegularShapes":true,"rt":1364,"rot1":-25,"rot2":25,"rot3":-15,"rot4":15,"rot5":5,"rot6":-5,"dil1":0.925,"dil2":0.975,"dil3":1.075,"dil4":0.875,"dil5":1.025,"dil6":1.125,"rots":[-25,25,-15,15,5,-5],"dils":[0.925,0.975,1.075,0.875,1.025,1.125]},{"id":"gen2","loop_number":1,"shape":1,"outlier_type":"NA","choice":5,"outlierPosition":5,"success":true,"majorityOfMostRegularShapes":false,"rt":1688,"rot1":5,"rot2":-25,"rot3":25,"rot4":15,"rot5":-15,"rot6":-5,"dil1":1.025,"dil2":1.075,"dil3":0.925,"dil4":0.875,"dil5":0.975,"dil6":1.125,"rots":[5,-25,25,15,-15,-5],"dils":[1.025,1.075,0.925,0.875,0.975,1.125]},{"id":"gen2","loop_number":1,"shape":0,"outlier_type":"NA","choice":4,"outlierPosition":4,"success":true,"majorityOfMostRegularShapes":true,"rt":1290,"rot1":-5,"rot2":-25,"rot3":5,"rot4":-15,"rot5":15,"rot6":25,"dil1":1.025,"dil2":0.925,"dil3":1.125,"dil4":0.975,"dil5":1.075,"dil6":0.875,"rots":[-5,-25,5,-15,15,25],"dils":[1.025,0.925,1.125,0.975,1.075,0.875]}],"trial_type":"oddball-grid-easy","trial_index":4,"time_elapsed":295314,"internal_node_id":"0.0-4.0","score":0.6818181818181818,"early_termination":false},{"results":[{"id":"test","shape":"kite","outlier_type":1,"choice":2,"outlierPosition":3,"success":false,"majorityOfMostRegularShapes":true,"rt":8432,"rot1":-5,"rot2":-25,"rot3":25,"rot4":-15,"rot5":15,"rot6":5,"dil1":1.125,"dil2":0.925,"dil3":1.025,"dil4":1.075,"dil5":0.975,"dil6":0.875,"rots":[-5,-25,25,-15,15,5],"dils":[1.125,0.925,1.025,1.075,0.975,0.875]},{"id":"test","shape":"isoTrapezoid","outlier_type":3,"choice":2,"outlierPosition":5,"success":false,"majorityOfMostRegularShapes":false,"rt":3758,"rot1":-15,"rot2":5,"rot3":-25,"rot4":-5,"rot5":25,"rot6":15,"dil1":1.125,"dil2":1.025,"dil3":0.875,"dil4":1.075,"dil5":0.975,"dil6":0.925,"rots":[-15,5,-25,-5,25,15],"dils":[1.125,1.025,0.875,1.075,0.975,0.925]},{"id":"test","shape":"hinge","outlier_type":1,"choice":0,"outlierPosition":0,"success":true,"majorityOfMostRegularShapes":true,"rt":4816,"rot1":5,"rot2":15,"rot3":-5,"rot4":25,"rot5":-25,"rot6":-15,"dil1":0.925,"dil2":0.875,"dil3":0.975,"dil4":1.075,"dil5":1.025,"dil6":1.125,"rots":[5,15,-5,25,-25,-15],"dils":[0.925,0.875,0.975,1.075,1.025,1.125]},{"id":"test","shape":"rustedHinge","outlier_type":0,"choice":0,"outlierPosition":0,"success":true,"majorityOfMostRegularShapes":true,"rt":9360,"rot1":25,"rot2":-5,"rot3":5,"rot4":15,"rot5":-15,"rot6":-25,"dil1":1.125,"dil2":0.975,"dil3":1.025,"dil4":1.075,"dil5":0.875,"dil6":0.925,"rots":[25,-5,5,15,-15,-25],"dils":[1.125,0.975,1.025,1.075,0.875,0.925]},{"id":"test","shape":"hinge","outlier_type":3,"choice":5,"outlierPosition":5,"success":true,"majorityOfMostRegularShapes":true,"rt":6198,"rot1":15,"rot2":-15,"rot3":-5,"rot4":-25,"rot5":5,"rot6":25,"dil1":1.025,"dil2":0.975,"dil3":0.875,"dil4":0.925,"dil5":1.125,"dil6":1.075,"rots":[15,-15,-5,-25,5,25],"dils":[1.025,0.975,0.875,0.925,1.125,1.075]},{"id":"test","shape":"rightKite","outlier_type":2,"choice":3,"outlierPosition":3,"success":true,"majorityOfMostRegularShapes":false,"rt":5858,"rot1":5,"rot2":15,"rot3":-25,"rot4":-15,"rot5":-5,"rot6":25,"dil1":1.125,"dil2":0.975,"dil3":0.925,"dil4":1.075,"dil5":1.025,"dil6":0.875,"rots":[5,15,-25,-15,-5,25],"dils":[1.125,0.975,0.925,1.075,1.025,0.875]},{"id":"test","shape":"parallelogram","outlier_type":0,"choice":1,"outlierPosition":1,"success":true,"majorityOfMostRegularShapes":true,"rt":6252,"rot1":-15,"rot2":-25,"rot3":25,"rot4":-5,"rot5":15,"rot6":5,"dil1":1.125,"dil2":0.875,"dil3":1.025,"dil4":0.925,"dil5":0.975,"dil6":1.075,"rots":[-15,-25,25,-5,15,5],"dils":[1.125,0.875,1.025,0.925,0.975,1.075]},{"id":"test","shape":"losange","outlier_type":2,"choice":1,"outlierPosition":1,"success":true,"majorityOfMostRegularShapes":true,"rt":3998,"rot1":5,"rot2":25,"rot3":-5,"rot4":-25,"rot5":15,"rot6":-15,"dil1":0.875,"dil2":1.125,"dil3":0.975,"dil4":1.075,"dil5":0.925,"dil6":1.025,"rots":[5,25,-5,-25,15,-15],"dils":[0.875,1.125,0.975,1.075,0.925,1.025]},{"id":"test","shape":"hinge","outlier_type":1,"choice":2,"outlierPosition":5,"success":false,"majorityOfMostRegularShapes":false,"rt":3599,"rot1":-5,"rot2":5,"rot3":-25,"rot4":-15,"rot5":25,"rot6":15,"dil1":0.875,"dil2":0.925,"dil3":1.025,"dil4":1.075,"dil5":1.125,"dil6":0.975,"rots":[-5,5,-25,-15,25,15],"dils":[0.875,0.925,1.025,1.075,1.125,0.975]},{"id":"test","shape":"rightKite","outlier_type":2,"choice":5,"outlierPosition":1,"success":false,"majorityOfMostRegularShapes":true,"rt":11159,"rot1":15,"rot2":-5,"rot3":-15,"rot4":5,"rot5":25,"rot6":-25,"dil1":1.025,"dil2":1.075,"dil3":0.925,"dil4":0.875,"dil5":0.975,"dil6":1.125,"rots":[15,-5,-15,5,25,-25],"dils":[1.025,1.075,0.925,0.875,0.975,1.125]},{"id":"test","shape":"square","outlier_type":3,"choice":4,"outlierPosition":4,"success":true,"majorityOfMostRegularShapes":true,"rt":4057,"rot1":-25,"rot2":25,"rot3":-15,"rot4":-5,"rot5":15,"rot6":5,"dil1":1.025,"dil2":0.975,"dil3":1.125,"dil4":0.925,"dil5":0.875,"dil6":1.075,"rots":[-25,25,-15,-5,15,5],"dils":[1.025,0.975,1.125,0.925,0.875,1.075]},{"id":"test","shape":"losange","outlier_type":0,"choice":1,"outlierPosition":4,"success":false,"majorityOfMostRegularShapes":false,"rt":6092,"rot1":-25,"rot2":-15,"rot3":5,"rot4":-5,"rot5":25,"rot6":15,"dil1":1.125,"dil2":1.025,"dil3":0.875,"dil4":0.975,"dil5":1.075,"dil6":0.925,"rots":[-25,-15,5,-5,25,15],"dils":[1.125,1.025,0.875,0.975,1.075,0.925]},{"id":"test","shape":"isoTrapezoid","outlier_type":1,"choice":4,"outlierPosition":4,"success":true,"majorityOfMostRegularShapes":true,"rt":4636,"rot1":15,"rot2":5,"rot3":-5,"rot4":-25,"rot5":-15,"rot6":25,"dil1":1.025,"dil2":1.075,"dil3":1.125,"dil4":0.975,"dil5":0.925,"dil6":0.875,"rots":[15,5,-5,-25,-15,25],"dils":[1.025,1.075,1.125,0.975,0.925,0.875]},{"id":"test","shape":"kite","outlier_type":2,"choice":0,"outlierPosition":0,"success":true,"majorityOfMostRegularShapes":false,"rt":3978,"rot1":5,"rot2":-15,"rot3":-5,"rot4":-25,"rot5":25,"rot6":15,"dil1":1.125,"dil2":1.075,"dil3":0.925,"dil4":0.975,"dil5":1.025,"dil6":0.875,"rots":[5,-15,-5,-25,25,15],"dils":[1.125,1.075,0.925,0.975,1.025,0.875]},{"id":"test","shape":"trapezoid","outlier_type":0,"choice":3,"outlierPosition":4,"success":false,"majorityOfMostRegularShapes":false,"rt":3387,"rot1":5,"rot2":-5,"rot3":15,"rot4":-25,"rot5":25,"rot6":-15,"dil1":1.025,"dil2":1.075,"dil3":0.975,"dil4":0.875,"dil5":1.125,"dil6":0.925,"rots":[5,-5,15,-25,25,-15],"dils":[1.025,1.075,0.975,0.875,1.125,0.925]},{"id":"test","shape":"square","outlier_type":3,"choice":2,"outlierPosition":2,"success":true,"majorityOfMostRegularShapes":false,"rt":3538,"rot1":-25,"rot2":15,"rot3":5,"rot4":25,"rot5":-5,"rot6":-15,"dil1":0.925,"dil2":0.975,"dil3":0.875,"dil4":1.025,"dil5":1.125,"dil6":1.075,"rots":[-25,15,5,25,-5,-15],"dils":[0.925,0.975,0.875,1.025,1.125,1.075]},{"id":"test","shape":"random","outlier_type":1,"choice":5,"outlierPosition":5,"success":true,"majorityOfMostRegularShapes":true,"rt":4097,"rot1":15,"rot2":-5,"rot3":5,"rot4":-25,"rot5":25,"rot6":-15,"dil1":0.925,"dil2":1.025,"dil3":1.075,"dil4":0.875,"dil5":1.125,"dil6":0.975,"rots":[15,-5,5,-25,25,-15],"dils":[0.925,1.025,1.075,0.875,1.125,0.975]},{"id":"test","shape":"rectangle","outlier_type":3,"choice":4,"outlierPosition":4,"success":true,"majorityOfMostRegularShapes":true,"rt":2167,"rot1":15,"rot2":25,"rot3":-5,"rot4":5,"rot5":-25,"rot6":-15,"dil1":1.075,"dil2":0.875,"dil3":1.125,"dil4":1.025,"dil5":0.975,"dil6":0.925,"rots":[15,25,-5,5,-25,-15],"dils":[1.075,0.875,1.125,1.025,0.975,0.925]},{"id":"test","shape":"random","outlier_type":2,"choice":1,"outlierPosition":4,"success":false,"majorityOfMostRegularShapes":false,"rt":5307,"rot1":-5,"rot2":-25,"rot3":15,"rot4":5,"rot5":-15,"rot6":25,"dil1":1.125,"dil2":1.025,"dil3":0.875,"dil4":1.075,"dil5":0.975,"dil6":0.925,"rots":[-5,-25,15,5,-15,25],"dils":[1.125,1.025,0.875,1.075,0.975,0.925]},{"id":"test","shape":"kite","outlier_type":3,"choice":5,"outlierPosition":5,"success":true,"majorityOfMostRegularShapes":true,"rt":2200,"rot1":5,"rot2":-15,"rot3":25,"rot4":15,"rot5":-5,"rot6":-25,"dil1":1.025,"dil2":1.075,"dil3":0.975,"dil4":1.125,"dil5":0.925,"dil6":0.875,"rots":[5,-15,25,15,-5,-25],"dils":[1.025,1.075,0.975,1.125,0.925,0.875]},{"id":"test","shape":"hinge","outlier_type":0,"choice":2,"outlierPosition":2,"success":true,"majorityOfMostRegularShapes":false,"rt":3879,"rot1":5,"rot2":15,"rot3":-5,"rot4":25,"rot5":-25,"rot6":-15,"dil1":0.875,"dil2":1.025,"dil3":0.925,"dil4":1.075,"dil5":0.975,"dil6":1.125,"rots":[5,15,-5,25,-25,-15],"dils":[0.875,1.025,0.925,1.075,0.975,1.125]},{"id":"test","shape":"trapezoid","outlier_type":2,"choice":2,"outlierPosition":1,"success":false,"majorityOfMostRegularShapes":false,"rt":7226,"rot1":-15,"rot2":-25,"rot3":15,"rot4":5,"rot5":-5,"rot6":25,"dil1":1.125,"dil2":0.975,"dil3":0.925,"dil4":1.025,"dil5":0.875,"dil6":1.075,"rots":[-15,-25,15,5,-5,25],"dils":[1.125,0.975,0.925,1.025,0.875,1.075]},{"id":"test","shape":"parallelogram","outlier_type":0,"choice":2,"outlierPosition":3,"success":false,"majorityOfMostRegularShapes":false,"rt":3731,"rot1":25,"rot2":15,"rot3":-25,"rot4":5,"rot5":-15,"rot6":-5,"dil1":1.075,"dil2":0.925,"dil3":0.875,"dil4":1.125,"dil5":0.975,"dil6":1.025,"rots":[25,15,-25,5,-15,-5],"dils":[1.075,0.925,0.875,1.125,0.975,1.025]},{"id":"test","shape":"isoTrapezoid","outlier_type":2,"choice":0,"outlierPosition":0,"success":true,"majorityOfMostRegularShapes":false,"rt":4129,"rot1":5,"rot2":-15,"rot3":-5,"rot4":-25,"rot5":25,"rot6":15,"dil1":1.075,"dil2":0.975,"dil3":1.025,"dil4":1.125,"dil5":0.875,"dil6":0.925,"rots":[5,-15,-5,-25,25,15],"dils":[1.075,0.975,1.025,1.125,0.875,0.925]},{"id":"test","shape":"kite","outlier_type":3,"choice":4,"outlierPosition":4,"success":true,"majorityOfMostRegularShapes":false,"rt":2682,"rot1":-25,"rot2":-5,"rot3":5,"rot4":-15,"rot5":25,"rot6":15,"dil1":1.125,"dil2":0.975,"dil3":1.075,"dil4":0.925,"dil5":1.025,"dil6":0.875,"rots":[-25,-5,5,-15,25,15],"dils":[1.125,0.975,1.075,0.925,1.025,0.875]},{"id":"test","shape":"random","outlier_type":0,"choice":5,"outlierPosition":3,"success":false,"majorityOfMostRegularShapes":true,"rt":3469,"rot1":-15,"rot2":25,"rot3":-25,"rot4":5,"rot5":15,"rot6":-5,"dil1":0.875,"dil2":1.125,"dil3":1.075,"dil4":0.925,"dil5":1.025,"dil6":0.975,"rots":[-15,25,-25,5,15,-5],"dils":[0.875,1.125,1.075,0.925,1.025,0.975]},{"id":"test","shape":"rectangle","outlier_type":2,"choice":1,"outlierPosition":1,"success":true,"majorityOfMostRegularShapes":false,"rt":1846,"rot1":-25,"rot2":15,"rot3":-5,"rot4":25,"rot5":5,"rot6":-15,"dil1":0.875,"dil2":0.975,"dil3":1.125,"dil4":1.075,"dil5":0.925,"dil6":1.025,"rots":[-25,15,-5,25,5,-15],"dils":[0.875,0.975,1.125,1.075,0.925,1.025]},{"id":"test","shape":"rustedHinge","outlier_type":1,"choice":2,"outlierPosition":2,"success":true,"majorityOfMostRegularShapes":false,"rt":4397,"rot1":-25,"rot2":15,"rot3":25,"rot4":-5,"rot5":5,"rot6":-15,"dil1":0.875,"dil2":0.975,"dil3":1.075,"dil4":1.025,"dil5":0.925,"dil6":1.125,"rots":[-25,15,25,-5,5,-15],"dils":[0.875,0.975,1.075,1.025,0.925,1.125]},{"id":"test","shape":"rightKite","outlier_type":0,"choice":5,"outlierPosition":1,"success":false,"majorityOfMostRegularShapes":false,"rt":13374,"rot1":15,"rot2":-25,"rot3":-15,"rot4":-5,"rot5":25,"rot6":5,"dil1":1.025,"dil2":1.075,"dil3":0.925,"dil4":1.125,"dil5":0.975,"dil6":0.875,"rots":[15,-25,-15,-5,25,5],"dils":[1.025,1.075,0.925,1.125,0.975,0.875]},{"id":"test","shape":"random","outlier_type":2,"choice":1,"outlierPosition":1,"success":true,"majorityOfMostRegularShapes":true,"rt":3949,"rot1":15,"rot2":5,"rot3":-25,"rot4":-15,"rot5":25,"rot6":-5,"dil1":1.025,"dil2":1.075,"dil3":0.925,"dil4":0.975,"dil5":1.125,"dil6":0.875,"rots":[15,5,-25,-15,25,-5],"dils":[1.025,1.075,0.925,0.975,1.125,0.875]},{"id":"test","shape":"rustedHinge","outlier_type":3,"choice":1,"outlierPosition":1,"success":true,"majorityOfMostRegularShapes":false,"rt":3982,"rot1":-5,"rot2":15,"rot3":-25,"rot4":-15,"rot5":5,"rot6":25,"dil1":0.975,"dil2":0.925,"dil3":1.075,"dil4":1.025,"dil5":1.125,"dil6":0.875,"rots":[-5,15,-25,-15,5,25],"dils":[0.975,0.925,1.075,1.025,1.125,0.875]},{"id":"test","shape":"hinge","outlier_type":2,"choice":0,"outlierPosition":0,"success":true,"majorityOfMostRegularShapes":true,"rt":1638,"rot1":-5,"rot2":-25,"rot3":15,"rot4":5,"rot5":-15,"rot6":25,"dil1":0.875,"dil2":1.025,"dil3":1.075,"dil4":0.975,"dil5":1.125,"dil6":0.925,"rots":[-5,-25,15,5,-15,25],"dils":[0.875,1.025,1.075,0.975,1.125,0.925]},{"id":"test","shape":"random","outlier_type":1,"choice":2,"outlierPosition":0,"success":false,"majorityOfMostRegularShapes":false,"rt":6303,"rot1":15,"rot2":25,"rot3":-25,"rot4":-5,"rot5":-15,"rot6":5,"dil1":0.875,"dil2":0.925,"dil3":0.975,"dil4":1.075,"dil5":1.025,"dil6":1.125,"rots":[15,25,-25,-5,-15,5],"dils":[0.875,0.925,0.975,1.075,1.025,1.125]},{"id":"test","shape":"losange","outlier_type":0,"choice":3,"outlierPosition":3,"success":true,"majorityOfMostRegularShapes":true,"rt":3749,"rot1":25,"rot2":-15,"rot3":-5,"rot4":5,"rot5":-25,"rot6":15,"dil1":0.975,"dil2":0.925,"dil3":1.075,"dil4":1.125,"dil5":0.875,"dil6":1.025,"rots":[25,-15,-5,5,-25,15],"dils":[0.975,0.925,1.075,1.125,0.875,1.025]},{"id":"test","shape":"trapezoid","outlier_type":3,"choice":1,"outlierPosition":5,"success":false,"majorityOfMostRegularShapes":false,"rt":6367,"rot1":25,"rot2":5,"rot3":15,"rot4":-25,"rot5":-15,"rot6":-5,"dil1":1.075,"dil2":0.875,"dil3":0.975,"dil4":1.125,"dil5":1.025,"dil6":0.925,"rots":[25,5,15,-25,-15,-5],"dils":[1.075,0.875,0.975,1.125,1.025,0.925]},{"id":"test","shape":"losange","outlier_type":2,"choice":4,"outlierPosition":5,"success":false,"majorityOfMostRegularShapes":false,"rt":4711,"rot1":5,"rot2":15,"rot3":25,"rot4":-5,"rot5":-25,"rot6":-15,"dil1":1.025,"dil2":0.875,"dil3":0.975,"dil4":1.075,"dil5":0.925,"dil6":1.125,"rots":[5,15,25,-5,-25,-15],"dils":[1.025,0.875,0.975,1.075,0.925,1.125]},{"id":"test","shape":"random","outlier_type":3,"choice":2,"outlierPosition":1,"success":false,"majorityOfMostRegularShapes":false,"rt":3000,"rot1":-5,"rot2":5,"rot3":25,"rot4":-15,"rot5":-25,"rot6":15,"dil1":0.875,"dil2":1.075,"dil3":0.975,"dil4":1.025,"dil5":1.125,"dil6":0.925,"rots":[-5,5,25,-15,-25,15],"dils":[0.875,1.075,0.975,1.025,1.125,0.925]},{"id":"test","shape":"isoTrapezoid","outlier_type":0,"choice":5,"outlierPosition":5,"success":true,"majorityOfMostRegularShapes":true,"rt":9195,"rot1":5,"rot2":-25,"rot3":25,"rot4":-15,"rot5":15,"rot6":-5,"dil1":1.125,"dil2":1.025,"dil3":0.975,"dil4":0.925,"dil5":1.075,"dil6":0.875,"rots":[5,-25,25,-15,15,-5],"dils":[1.125,1.025,0.975,0.925,1.075,0.875]},{"id":"test","shape":"random","outlier_type":3,"choice":0,"outlierPosition":0,"success":true,"majorityOfMostRegularShapes":true,"rt":7752,"rot1":-5,"rot2":-15,"rot3":5,"rot4":15,"rot5":25,"rot6":-25,"dil1":0.975,"dil2":0.925,"dil3":0.875,"dil4":1.025,"dil5":1.075,"dil6":1.125,"rots":[-5,-15,5,15,25,-25],"dils":[0.975,0.925,0.875,1.025,1.075,1.125]},{"id":"test","shape":"trapezoid","outlier_type":1,"choice":5,"outlierPosition":5,"success":true,"majorityOfMostRegularShapes":true,"rt":3915,"rot1":15,"rot2":25,"rot3":-25,"rot4":5,"rot5":-5,"rot6":-15,"dil1":1.125,"dil2":1.075,"dil3":0.875,"dil4":0.975,"dil5":0.925,"dil6":1.025,"rots":[15,25,-25,5,-5,-15],"dils":[1.125,1.075,0.875,0.975,0.925,1.025]},{"id":"test","shape":"rightKite","outlier_type":0,"choice":2,"outlierPosition":2,"success":true,"majorityOfMostRegularShapes":true,"rt":7462,"rot1":15,"rot2":5,"rot3":-5,"rot4":-25,"rot5":25,"rot6":-15,"dil1":0.925,"dil2":1.025,"dil3":0.975,"dil4":1.075,"dil5":0.875,"dil6":1.125,"rots":[15,5,-5,-25,25,-15],"dils":[0.925,1.025,0.975,1.075,0.875,1.125]},{"id":"test","shape":"kite","outlier_type":1,"choice":0,"outlierPosition":0,"success":true,"majorityOfMostRegularShapes":false,"rt":7752,"rot1":-15,"rot2":-5,"rot3":5,"rot4":15,"rot5":25,"rot6":-25,"dil1":0.875,"dil2":0.925,"dil3":1.075,"dil4":0.975,"dil5":1.025,"dil6":1.125,"rots":[-15,-5,5,15,25,-25],"dils":[0.875,0.925,1.075,0.975,1.025,1.125]},{"id":"test","shape":"rectangle","outlier_type":1,"choice":3,"outlierPosition":3,"success":true,"majorityOfMostRegularShapes":false,"rt":9575,"rot1":15,"rot2":-25,"rot3":-5,"rot4":-15,"rot5":5,"rot6":25,"dil1":0.875,"dil2":0.925,"dil3":1.125,"dil4":1.025,"dil5":1.075,"dil6":0.975,"rots":[15,-25,-5,-15,5,25],"dils":[0.875,0.925,1.125,1.025,1.075,0.975]},{"id":"test","shape":"isoTrapezoid","outlier_type":2,"choice":4,"outlierPosition":0,"success":false,"majorityOfMostRegularShapes":true,"rt":3053,"rot1":-15,"rot2":25,"rot3":5,"rot4":-5,"rot5":-25,"rot6":15,"dil1":0.975,"dil2":1.075,"dil3":1.025,"dil4":0.875,"dil5":0.925,"dil6":1.125,"rots":[-15,25,5,-5,-25,15],"dils":[0.975,1.075,1.025,0.875,0.925,1.125]},{"id":"test","shape":"rightKite","outlier_type":3,"choice":3,"outlierPosition":1,"success":false,"majorityOfMostRegularShapes":false,"rt":4403,"rot1":25,"rot2":-5,"rot3":15,"rot4":-25,"rot5":-15,"rot6":5,"dil1":1.025,"dil2":0.875,"dil3":1.075,"dil4":1.125,"dil5":0.975,"dil6":0.925,"rots":[25,-5,15,-25,-15,5],"dils":[1.025,0.875,1.075,1.125,0.975,0.925]},{"id":"test","shape":"parallelogram","outlier_type":1,"choice":2,"outlierPosition":2,"success":true,"majorityOfMostRegularShapes":false,"rt":4862,"rot1":15,"rot2":-15,"rot3":-5,"rot4":25,"rot5":-25,"rot6":5,"dil1":1.075,"dil2":1.125,"dil3":0.925,"dil4":0.975,"dil5":1.025,"dil6":0.875,"rots":[15,-15,-5,25,-25,5],"dils":[1.075,1.125,0.925,0.975,1.025,0.875]},{"id":"test","shape":"losange","outlier_type":3,"choice":2,"outlierPosition":2,"success":true,"majorityOfMostRegularShapes":false,"rt":2442,"rot1":-15,"rot2":25,"rot3":5,"rot4":-25,"rot5":15,"rot6":-5,"dil1":0.925,"dil2":1.075,"dil3":1.125,"dil4":1.025,"dil5":0.975,"dil6":0.875,"rots":[-15,25,5,-25,15,-5],"dils":[0.925,1.075,1.125,1.025,0.975,0.875]},{"id":"test","shape":"rectangle","outlier_type":2,"choice":0,"outlierPosition":0,"success":true,"majorityOfMostRegularShapes":true,"rt":3724,"rot1":-5,"rot2":15,"rot3":-25,"rot4":5,"rot5":25,"rot6":-15,"dil1":1.025,"dil2":0.925,"dil3":0.975,"dil4":1.075,"dil5":1.125,"dil6":0.875,"rots":[-5,15,-25,5,25,-15],"dils":[1.025,0.925,0.975,1.075,1.125,0.875]},{"id":"test","shape":"losange","outlier_type":3,"choice":1,"outlierPosition":1,"success":true,"majorityOfMostRegularShapes":true,"rt":3006,"rot1":-15,"rot2":25,"rot3":5,"rot4":-5,"rot5":-25,"rot6":15,"dil1":1.075,"dil2":0.975,"dil3":0.875,"dil4":1.125,"dil5":1.025,"dil6":0.925,"rots":[-15,25,5,-5,-25,15],"dils":[1.075,0.975,0.875,1.125,1.025,0.925]},{"id":"test","shape":"parallelogram","outlier_type":2,"choice":5,"outlierPosition":5,"success":true,"majorityOfMostRegularShapes":false,"rt":4246,"rot1":5,"rot2":25,"rot3":-15,"rot4":15,"rot5":-5,"rot6":-25,"dil1":0.975,"dil2":1.075,"dil3":0.925,"dil4":1.025,"dil5":1.125,"dil6":0.875,"rots":[5,25,-15,15,-5,-25],"dils":[0.975,1.075,0.925,1.025,1.125,0.875]},{"id":"test","shape":"square","outlier_type":0,"choice":0,"outlierPosition":0,"success":true,"majorityOfMostRegularShapes":false,"rt":3317,"rot1":15,"rot2":5,"rot3":-5,"rot4":25,"rot5":-25,"rot6":-15,"dil1":1.075,"dil2":0.875,"dil3":0.925,"dil4":1.125,"dil5":1.025,"dil6":0.975,"rots":[15,5,-5,25,-25,-15],"dils":[1.075,0.875,0.925,1.125,1.025,0.975]},{"id":"test","shape":"rustedHinge","outlier_type":2,"choice":0,"outlierPosition":0,"success":true,"majorityOfMostRegularShapes":true,"rt":5626,"rot1":5,"rot2":-15,"rot3":15,"rot4":-25,"rot5":-5,"rot6":25,"dil1":1.075,"dil2":0.925,"dil3":1.025,"dil4":0.875,"dil5":1.125,"dil6":0.975,"rots":[5,-15,15,-25,-5,25],"dils":[1.075,0.925,1.025,0.875,1.125,0.975]},{"id":"test","shape":"rectangle","outlier_type":3,"choice":5,"outlierPosition":5,"success":true,"majorityOfMostRegularShapes":false,"rt":1231,"rot1":15,"rot2":25,"rot3":5,"rot4":-15,"rot5":-25,"rot6":-5,"dil1":1.025,"dil2":0.875,"dil3":1.125,"dil4":0.925,"dil5":1.075,"dil6":0.975,"rots":[15,25,5,-15,-25,-5],"dils":[1.025,0.875,1.125,0.925,1.075,0.975]},{"id":"test","shape":"isoTrapezoid","outlier_type":0,"choice":5,"outlierPosition":5,"success":true,"majorityOfMostRegularShapes":false,"rt":2634,"rot1":-5,"rot2":-15,"rot3":5,"rot4":-25,"rot5":25,"rot6":15,"dil1":0.925,"dil2":0.875,"dil3":1.025,"dil4":1.075,"dil5":1.125,"dil6":0.975,"rots":[-5,-15,5,-25,25,15],"dils":[0.925,0.875,1.025,1.075,1.125,0.975]},{"id":"test","shape":"square","outlier_type":1,"choice":5,"outlierPosition":5,"success":true,"majorityOfMostRegularShapes":true,"rt":2075,"rot1":-25,"rot2":15,"rot3":25,"rot4":-5,"rot5":-15,"rot6":5,"dil1":0.875,"dil2":1.075,"dil3":0.925,"dil4":1.025,"dil5":0.975,"dil6":1.125,"rots":[-25,15,25,-5,-15,5],"dils":[0.875,1.075,0.925,1.025,0.975,1.125]},{"id":"test","shape":"trapezoid","outlier_type":3,"choice":1,"outlierPosition":2,"success":false,"majorityOfMostRegularShapes":true,"rt":8277,"rot1":-15,"rot2":-5,"rot3":-25,"rot4":15,"rot5":25,"rot6":5,"dil1":1.075,"dil2":1.125,"dil3":0.875,"dil4":1.025,"dil5":0.925,"dil6":0.975,"rots":[-15,-5,-25,15,25,5],"dils":[1.075,1.125,0.875,1.025,0.925,0.975]},{"id":"test","shape":"rustedHinge","outlier_type":0,"choice":2,"outlierPosition":2,"success":true,"majorityOfMostRegularShapes":false,"rt":1596,"rot1":15,"rot2":-15,"rot3":-5,"rot4":5,"rot5":-25,"rot6":25,"dil1":0.925,"dil2":1.075,"dil3":0.875,"dil4":0.975,"dil5":1.025,"dil6":1.125,"rots":[15,-15,-5,5,-25,25],"dils":[0.925,1.075,0.875,0.975,1.025,1.125]},{"id":"test","shape":"trapezoid","outlier_type":2,"choice":5,"outlierPosition":5,"success":true,"majorityOfMostRegularShapes":true,"rt":3323,"rot1":15,"rot2":-5,"rot3":-15,"rot4":5,"rot5":-25,"rot6":25,"dil1":0.925,"dil2":0.975,"dil3":0.875,"dil4":1.125,"dil5":1.075,"dil6":1.025,"rots":[15,-5,-15,5,-25,25],"dils":[0.925,0.975,0.875,1.125,1.075,1.025]},{"id":"test","shape":"rightKite","outlier_type":1,"choice":4,"outlierPosition":1,"success":false,"majorityOfMostRegularShapes":false,"rt":5803,"rot1":-25,"rot2":-5,"rot3":-15,"rot4":15,"rot5":5,"rot6":25,"dil1":1.075,"dil2":0.925,"dil3":0.875,"dil4":1.125,"dil5":1.025,"dil6":0.975,"rots":[-25,-5,-15,15,5,25],"dils":[1.075,0.925,0.875,1.125,1.025,0.975]},{"id":"test","shape":"rectangle","outlier_type":0,"choice":2,"outlierPosition":2,"success":true,"majorityOfMostRegularShapes":false,"rt":2182,"rot1":5,"rot2":-5,"rot3":-25,"rot4":25,"rot5":15,"rot6":-15,"dil1":0.925,"dil2":0.975,"dil3":1.125,"dil4":1.075,"dil5":0.875,"dil6":1.025,"rots":[5,-5,-25,25,15,-15],"dils":[0.925,0.975,1.125,1.075,0.875,1.025]},{"id":"test","shape":"square","outlier_type":1,"choice":0,"outlierPosition":0,"success":true,"majorityOfMostRegularShapes":false,"rt":1826,"rot1":15,"rot2":25,"rot3":-15,"rot4":5,"rot5":-25,"rot6":-5,"dil1":1.125,"dil2":1.075,"dil3":0.975,"dil4":0.875,"dil5":1.025,"dil6":0.925,"rots":[15,25,-15,5,-25,-5],"dils":[1.125,1.075,0.975,0.875,1.025,0.925]},{"id":"test","shape":"rustedHinge","outlier_type":2,"choice":2,"outlierPosition":2,"success":true,"majorityOfMostRegularShapes":false,"rt":2550,"rot1":25,"rot2":-15,"rot3":-5,"rot4":5,"rot5":-25,"rot6":15,"dil1":0.975,"dil2":0.925,"dil3":1.125,"dil4":0.875,"dil5":1.075,"dil6":1.025,"rots":[25,-15,-5,5,-25,15],"dils":[0.975,0.925,1.125,0.875,1.075,1.025]},{"id":"test","shape":"rightKite","outlier_type":3,"choice":3,"outlierPosition":3,"success":true,"majorityOfMostRegularShapes":true,"rt":2023,"rot1":-25,"rot2":-5,"rot3":15,"rot4":25,"rot5":-15,"rot6":5,"dil1":1.025,"dil2":1.075,"dil3":0.975,"dil4":1.125,"dil5":0.925,"dil6":0.875,"rots":[-25,-5,15,25,-15,5],"dils":[1.025,1.075,0.975,1.125,0.925,0.875]},{"id":"test","shape":"trapezoid","outlier_type":0,"choice":0,"outlierPosition":0,"success":true,"majorityOfMostRegularShapes":true,"rt":3861,"rot1":-5,"rot2":-15,"rot3":25,"rot4":15,"rot5":-25,"rot6":5,"dil1":1.075,"dil2":1.025,"dil3":0.925,"dil4":0.875,"dil5":1.125,"dil6":0.975,"rots":[-5,-15,25,15,-25,5],"dils":[1.075,1.025,0.925,0.875,1.125,0.975]},{"id":"test","shape":"hinge","outlier_type":3,"choice":2,"outlierPosition":5,"success":false,"majorityOfMostRegularShapes":false,"rt":1314,"rot1":-15,"rot2":25,"rot3":5,"rot4":-5,"rot5":-25,"rot6":15,"dil1":0.875,"dil2":0.975,"dil3":1.125,"dil4":0.925,"dil5":1.025,"dil6":1.075,"rots":[-15,25,5,-5,-25,15],"dils":[0.875,0.975,1.125,0.925,1.025,1.075]},{"id":"test","shape":"kite","outlier_type":0,"choice":0,"outlierPosition":0,"success":true,"majorityOfMostRegularShapes":true,"rt":3043,"rot1":25,"rot2":-15,"rot3":-5,"rot4":15,"rot5":-25,"rot6":5,"dil1":0.975,"dil2":0.875,"dil3":1.025,"dil4":1.075,"dil5":0.925,"dil6":1.125,"rots":[25,-15,-5,15,-25,5],"dils":[0.975,0.875,1.025,1.075,0.925,1.125]},{"id":"test","shape":"losange","outlier_type":1,"choice":4,"outlierPosition":4,"success":true,"majorityOfMostRegularShapes":false,"rt":2620,"rot1":25,"rot2":-25,"rot3":-5,"rot4":-15,"rot5":5,"rot6":15,"dil1":1.075,"dil2":0.975,"dil3":1.125,"dil4":0.875,"dil5":0.925,"dil6":1.025,"rots":[25,-25,-5,-15,5,15],"dils":[1.075,0.975,1.125,0.875,0.925,1.025]},{"id":"test","shape":"isoTrapezoid","outlier_type":3,"choice":5,"outlierPosition":5,"success":true,"majorityOfMostRegularShapes":true,"rt":1955,"rot1":-5,"rot2":-25,"rot3":15,"rot4":-15,"rot5":5,"rot6":25,"dil1":0.875,"dil2":1.025,"dil3":1.075,"dil4":0.975,"dil5":0.925,"dil6":1.125,"rots":[-5,-25,15,-15,5,25],"dils":[0.875,1.025,1.075,0.975,0.925,1.125]},{"id":"test","shape":"square","outlier_type":0,"choice":1,"outlierPosition":1,"success":true,"majorityOfMostRegularShapes":true,"rt":1608,"rot1":25,"rot2":5,"rot3":-5,"rot4":15,"rot5":-15,"rot6":-25,"dil1":0.925,"dil2":1.125,"dil3":1.075,"dil4":0.975,"dil5":0.875,"dil6":1.025,"rots":[25,5,-5,15,-15,-25],"dils":[0.925,1.125,1.075,0.975,0.875,1.025]},{"id":"test","shape":"kite","outlier_type":2,"choice":1,"outlierPosition":1,"success":true,"majorityOfMostRegularShapes":true,"rt":5554,"rot1":5,"rot2":-5,"rot3":15,"rot4":25,"rot5":-15,"rot6":-25,"dil1":1.125,"dil2":0.925,"dil3":1.075,"dil4":0.975,"dil5":0.875,"dil6":1.025,"rots":[5,-5,15,25,-15,-25],"dils":[1.125,0.925,1.075,0.975,0.875,1.025]},{"id":"test","shape":"isoTrapezoid","outlier_type":1,"choice":2,"outlierPosition":0,"success":false,"majorityOfMostRegularShapes":false,"rt":2579,"rot1":15,"rot2":-5,"rot3":-25,"rot4":5,"rot5":-15,"rot6":25,"dil1":1.075,"dil2":1.125,"dil3":0.875,"dil4":0.975,"dil5":0.925,"dil6":1.025,"rots":[15,-5,-25,5,-15,25],"dils":[1.075,1.125,0.875,0.975,0.925,1.025]},{"id":"test","shape":"parallelogram","outlier_type":2,"choice":0,"outlierPosition":1,"success":false,"majorityOfMostRegularShapes":true,"rt":2511,"rot1":-25,"rot2":25,"rot3":5,"rot4":-5,"rot5":-15,"rot6":15,"dil1":1.025,"dil2":1.075,"dil3":0.925,"dil4":0.875,"dil5":1.125,"dil6":0.975,"rots":[-25,25,5,-5,-15,15],"dils":[1.025,1.075,0.925,0.875,1.125,0.975]},{"id":"test","shape":"rectangle","outlier_type":0,"choice":1,"outlierPosition":1,"success":true,"majorityOfMostRegularShapes":true,"rt":1600,"rot1":-25,"rot2":25,"rot3":5,"rot4":-15,"rot5":-5,"rot6":15,"dil1":0.975,"dil2":1.075,"dil3":1.025,"dil4":0.875,"dil5":0.925,"dil6":1.125,"rots":[-25,25,5,-15,-5,15],"dils":[0.975,1.075,1.025,0.875,0.925,1.125]},{"id":"test","shape":"trapezoid","outlier_type":1,"choice":2,"outlierPosition":2,"success":true,"majorityOfMostRegularShapes":false,"rt":2817,"rot1":-5,"rot2":-25,"rot3":15,"rot4":-15,"rot5":5,"rot6":25,"dil1":1.075,"dil2":0.925,"dil3":1.025,"dil4":0.975,"dil5":0.875,"dil6":1.125,"rots":[-5,-25,15,-15,5,25],"dils":[1.075,0.925,1.025,0.975,0.875,1.125]},{"id":"test","shape":"square","outlier_type":2,"choice":2,"outlierPosition":1,"success":false,"majorityOfMostRegularShapes":true,"rt":2558,"rot1":5,"rot2":15,"rot3":25,"rot4":-15,"rot5":-5,"rot6":-25,"dil1":1.025,"dil2":0.975,"dil3":0.875,"dil4":1.075,"dil5":1.125,"dil6":0.925,"rots":[5,15,25,-15,-5,-25],"dils":[1.025,0.975,0.875,1.075,1.125,0.925]},{"id":"test","shape":"rightKite","outlier_type":1,"choice":1,"outlierPosition":2,"success":false,"majorityOfMostRegularShapes":true,"rt":2966,"rot1":25,"rot2":-15,"rot3":15,"rot4":-25,"rot5":-5,"rot6":5,"dil1":0.975,"dil2":1.025,"dil3":1.075,"dil4":0.875,"dil5":0.925,"dil6":1.125,"rots":[25,-15,15,-25,-5,5],"dils":[0.975,1.025,1.075,0.875,0.925,1.125]},{"id":"test","shape":"parallelogram","outlier_type":3,"choice":3,"outlierPosition":3,"success":true,"majorityOfMostRegularShapes":false,"rt":3625,"rot1":-15,"rot2":25,"rot3":15,"rot4":-25,"rot5":-5,"rot6":5,"dil1":0.925,"dil2":1.125,"dil3":1.075,"dil4":0.875,"dil5":1.025,"dil6":0.975,"rots":[-15,25,15,-25,-5,5],"dils":[0.925,1.125,1.075,0.875,1.025,0.975]},{"id":"test","shape":"random","outlier_type":0,"choice":0,"outlierPosition":3,"success":false,"majorityOfMostRegularShapes":false,"rt":2825,"rot1":-25,"rot2":25,"rot3":-15,"rot4":15,"rot5":5,"rot6":-5,"dil1":1.025,"dil2":0.875,"dil3":1.075,"dil4":1.125,"dil5":0.975,"dil6":0.925,"rots":[-25,25,-15,15,5,-5],"dils":[1.025,0.875,1.075,1.125,0.975,0.925]},{"id":"test","shape":"parallelogram","outlier_type":3,"choice":0,"outlierPosition":0,"success":true,"majorityOfMostRegularShapes":true,"rt":1746,"rot1":-15,"rot2":15,"rot3":25,"rot4":5,"rot5":-25,"rot6":-5,"dil1":1.025,"dil2":0.925,"dil3":1.125,"dil4":0.975,"dil5":0.875,"dil6":1.075,"rots":[-15,15,25,5,-25,-5],"dils":[1.025,0.925,1.125,0.975,0.875,1.075]},{"id":"test","shape":"square","outlier_type":2,"choice":3,"outlierPosition":3,"success":true,"majorityOfMostRegularShapes":false,"rt":1656,"rot1":25,"rot2":15,"rot3":-5,"rot4":5,"rot5":-25,"rot6":-15,"dil1":1.075,"dil2":0.975,"dil3":1.125,"dil4":0.925,"dil5":0.875,"dil6":1.025,"rots":[25,15,-5,5,-25,-15],"dils":[1.075,0.975,1.125,0.925,0.875,1.025]},{"id":"test","shape":"parallelogram","outlier_type":1,"choice":0,"outlierPosition":0,"success":true,"majorityOfMostRegularShapes":true,"rt":3366,"rot1":-15,"rot2":25,"rot3":15,"rot4":-25,"rot5":5,"rot6":-5,"dil1":1.125,"dil2":0.875,"dil3":0.925,"dil4":1.075,"dil5":0.975,"dil6":1.025,"rots":[-15,25,15,-25,5,-5],"dils":[1.125,0.875,0.925,1.075,0.975,1.025]},{"id":"test","shape":"rustedHinge","outlier_type":3,"choice":5,"outlierPosition":4,"success":false,"majorityOfMostRegularShapes":true,"rt":4111,"rot1":5,"rot2":-25,"rot3":-5,"rot4":25,"rot5":-15,"rot6":15,"dil1":0.875,"dil2":1.075,"dil3":0.925,"dil4":1.125,"dil5":1.025,"dil6":0.975,"rots":[5,-25,-5,25,-15,15],"dils":[0.875,1.075,0.925,1.125,1.025,0.975]},{"id":"test","shape":"hinge","outlier_type":2,"choice":0,"outlierPosition":0,"success":true,"majorityOfMostRegularShapes":false,"rt":3651,"rot1":-25,"rot2":-15,"rot3":15,"rot4":25,"rot5":-5,"rot6":5,"dil1":0.925,"dil2":1.125,"dil3":0.975,"dil4":1.075,"dil5":0.875,"dil6":1.025,"rots":[-25,-15,15,25,-5,5],"dils":[0.925,1.125,0.975,1.075,0.875,1.025]},{"id":"test","shape":"rustedHinge","outlier_type":1,"choice":1,"outlierPosition":1,"success":true,"majorityOfMostRegularShapes":true,"rt":2187,"rot1":25,"rot2":-15,"rot3":-25,"rot4":5,"rot5":15,"rot6":-5,"dil1":0.925,"dil2":0.975,"dil3":1.025,"dil4":1.075,"dil5":1.125,"dil6":0.875,"rots":[25,-15,-25,5,15,-5],"dils":[0.925,0.975,1.025,1.075,1.125,0.875]},{"id":"test","shape":"hinge","outlier_type":0,"choice":1,"outlierPosition":2,"success":false,"majorityOfMostRegularShapes":true,"rt":4882,"rot1":-25,"rot2":25,"rot3":15,"rot4":-5,"rot5":-15,"rot6":5,"dil1":1.025,"dil2":1.075,"dil3":0.875,"dil4":0.925,"dil5":0.975,"dil6":1.125,"rots":[-25,25,15,-5,-15,5],"dils":[1.025,1.075,0.875,0.925,0.975,1.125]},{"id":"test","shape":"losange","outlier_type":1,"choice":2,"outlierPosition":2,"success":true,"majorityOfMostRegularShapes":true,"rt":1339,"rot1":15,"rot2":5,"rot3":-15,"rot4":25,"rot5":-25,"rot6":-5,"dil1":0.975,"dil2":1.025,"dil3":0.925,"dil4":1.075,"dil5":0.875,"dil6":1.125,"rots":[15,5,-15,25,-25,-5],"dils":[0.975,1.025,0.925,1.075,0.875,1.125]},{"id":"test","shape":"kite","outlier_type":0,"choice":5,"outlierPosition":4,"success":false,"majorityOfMostRegularShapes":false,"rt":4802,"rot1":25,"rot2":-25,"rot3":-5,"rot4":-15,"rot5":5,"rot6":15,"dil1":0.925,"dil2":0.975,"dil3":0.875,"dil4":1.025,"dil5":1.075,"dil6":1.125,"rots":[25,-25,-5,-15,5,15],"dils":[0.925,0.975,0.875,1.025,1.075,1.125]},{"id":"test","shape":"rectangle","outlier_type":1,"choice":3,"outlierPosition":3,"success":true,"majorityOfMostRegularShapes":true,"rt":2427,"rot1":25,"rot2":15,"rot3":5,"rot4":-5,"rot5":-15,"rot6":-25,"dil1":0.875,"dil2":0.975,"dil3":1.025,"dil4":1.075,"dil5":1.125,"dil6":0.925,"rots":[25,15,5,-5,-15,-25],"dils":[0.875,0.975,1.025,1.075,1.125,0.925]}],"desiredDistance":0.3,"trial_type":"oddball-grid","trial_index":5,"time_elapsed":800162,"internal_node_id":"0.0-5.0","score":0.6818181818181818,"early_termination":false}]