[{"rt":15930,"url":"external-consent.html","trial_type":"external-html","trial_index":0,"time_elapsed":15934,"internal_node_id":"0.0-0.0","score":0.6590909090909091,"early_termination":false},{"rt":2389,"responses":"{\"Q0\":\"NA\",\"Q1\":\"NA\",\"Q2\":\"NA\"}","trial_type":"survey-text","trial_index":1,"time_elapsed":18325,"internal_node_id":"0.0-1.0","score":0.6590909090909091,"early_termination":false},{"success":true,"trial_type":"fullscreen","trial_index":2,"time_elapsed":132676,"internal_node_id":"0.0-2.0","score":0.6590909090909091,"early_termination":false},{"results":[{"id":"train-images","loop_number":1,"shape":"test7","outlier_type":"NA","choice":4,"outlierPosition":4,"success":true,"majorityOfMostRegularShapes":true,"rt":1437.300000000745,"rot1":-5,"rot2":15,"rot3":25,"rot4":-15,"rot5":-25,"rot6":5,"dil1":1.075,"dil2":0.925,"dil3":1.125,"dil4":0.975,"dil5":1.025,"dil6":0.875,"rots":[-5,15,25,-15,-25,5],"dils":[1.075,0.925,1.125,0.975,1.025,0.875],"possible_pos":[0,1,2,3,4,5]},{"id":"train-images","loop_number":1,"shape":"test4","outlier_type":"NA","choice":2,"outlierPosition":1,"success":false,"majorityOfMostRegularShapes":true,"rt":2884.89999999851,"rot1":-25,"rot2":15,"rot3":25,"rot4":5,"rot5":-15,"rot6":-5,"dil1":1.125,"dil2":0.925,"dil3":1.075,"dil4":1.025,"dil5":0.975,"dil6":0.875,"rots":[-25,15,25,5,-15,-5],"dils":[1.125,0.925,1.075,1.025,0.975,0.875],"possible_pos":[0,1,2,3,4,5]},{"id":"train-images","loop_number":1,"shape":"test1","outlier_type":"NA","choice":0,"outlierPosition":0,"success":true,"majorityOfMostRegularShapes":false,"rt":1045.8999999985099,"rot1":-25,"rot2":-5,"rot3":-15,"rot4":5,"rot5":25,"rot6":15,"dil1":0.975,"dil2":1.075,"dil3":0.875,"dil4":1.125,"dil5":0.925,"dil6":1.025,"rots":[-25,-5,-15,5,25,15],"dils":[0.975,1.075,0.875,1.125,0.925,1.025],"possible_pos":[0,1,2,3,4,5]},{"id":"train-images","loop_number":1,"shape":"test9","outlier_type":"NA","choice":3,"outlierPosition":3,"success":true,"majorityOfMostRegularShapes":false,"rt":1188.1000000014901,"rot1":5,"rot2":-5,"rot3":25,"rot4":15,"rot5":-15,"rot6":-25,"dil1":1.025,"dil2":0.875,"dil3":0.925,"dil4":0.975,"dil5":1.075,"dil6":1.125,"rots":[5,-5,25,15,-15,-25],"dils":[1.025,0.875,0.925,0.975,1.075,1.125],"possible_pos":[0,1,2,3,4,5]},{"id":"train-images","loop_number":1,"shape":"test4","outlier_type":"NA","choice":5,"outlierPosition":5,"success":true,"majorityOfMostRegularShapes":false,"rt":1119.9000000022352,"rot1":-25,"rot2":15,"rot3":5,"rot4":-15,"rot5":-5,"rot6":25,"dil1":1.075,"dil2":0.975,"dil3":1.025,"dil4":0.925,"dil5":0.875,"dil6":1.125,"rots":[-25,15,5,-15,-5,25],"dils":[1.075,0.975,1.025,0.925,0.875,1.125],"possible_pos":[0,1,2,3,4,5]},{"id":"train-images","loop_number":1,"shape":"test8","outlier_type":"NA","choice":0,"outlierPosition":0,"success":true,"majorityOfMostRegularShapes":false,"rt":1117.7999999970198,"rot1":5,"rot2":-5,"rot3":15,"rot4":-25,"rot5":-15,"rot6":25,"dil1":1.025,"dil2":0.875,"dil3":0.975,"dil4":0.925,"dil5":1.075,"dil6":1.125,"rots":[5,-5,15,-25,-15,25],"dils":[1.025,0.875,0.975,0.925,1.075,1.125],"possible_pos":[0,1,2,3,4,5]},{"id":"train-images","loop_number":1,"shape":"test5","outlier_type":"NA","choice":2,"outlierPosition":2,"success":true,"majorityOfMostRegularShapes":true,"rt":958.1000000014901,"rot1":-5,"rot2":5,"rot3":-15,"rot4":15,"rot5":-25,"rot6":25,"dil1":0.875,"dil2":1.125,"dil3":0.925,"dil4":1.075,"dil5":0.975,"dil6":1.025,"rots":[-5,5,-15,15,-25,25],"dils":[0.875,1.125,0.925,1.075,0.975,1.025],"possible_pos":[0,1,2,3,4,5]},{"id":"train-images","loop_number":1,"shape":"test6","outlier_type":"NA","choice":4,"outlierPosition":4,"success":true,"majorityOfMostRegularShapes":false,"rt":1711.6000000014901,"rot1":-15,"rot2":25,"rot3":15,"rot4":-5,"rot5":-25,"rot6":5,"dil1":0.975,"dil2":1.125,"dil3":0.925,"dil4":1.025,"dil5":0.875,"dil6":1.075,"rots":[-15,25,15,-5,-25,5],"dils":[0.975,1.125,0.925,1.025,0.875,1.075],"possible_pos":[0,1,2,3,4,5]},{"id":"train-images","loop_number":1,"shape":"test7","outlier_type":"NA","choice":4,"outlierPosition":4,"success":true,"majorityOfMostRegularShapes":false,"rt":906.6000000014901,"rot1":5,"rot2":-5,"rot3":-25,"rot4":15,"rot5":-15,"rot6":25,"dil1":1.075,"dil2":0.875,"dil3":1.025,"dil4":1.125,"dil5":0.975,"dil6":0.925,"rots":[5,-5,-25,15,-15,25],"dils":[1.075,0.875,1.025,1.125,0.975,0.925],"possible_pos":[0,1,2,3,4,5]},{"id":"train-images","loop_number":1,"shape":"test6","outlier_type":"NA","choice":4,"outlierPosition":4,"success":true,"majorityOfMostRegularShapes":true,"rt":1065.3999999985099,"rot1":-5,"rot2":25,"rot3":-25,"rot4":15,"rot5":5,"rot6":-15,"dil1":0.925,"dil2":1.075,"dil3":1.025,"dil4":0.975,"dil5":1.125,"dil6":0.875,"rots":[-5,25,-25,15,5,-15],"dils":[0.925,1.075,1.025,0.975,1.125,0.875],"possible_pos":[0,1,2,3,4,5]},{"id":"train-images","loop_number":1,"shape":"test1","outlier_type":"NA","choice":2,"outlierPosition":2,"success":true,"majorityOfMostRegularShapes":true,"rt":751.1999999992549,"rot1":-15,"rot2":25,"rot3":-5,"rot4":5,"rot5":15,"rot6":-25,"dil1":1.125,"dil2":1.025,"dil3":0.925,"dil4":0.975,"dil5":1.075,"dil6":0.875,"rots":[-15,25,-5,5,15,-25],"dils":[1.125,1.025,0.925,0.975,1.075,0.875],"possible_pos":[0,1,2,3,4,5]},{"id":"train-images","loop_number":1,"shape":"test5","outlier_type":"NA","choice":1,"outlierPosition":1,"success":true,"majorityOfMostRegularShapes":false,"rt":1082.8999999985099,"rot1":25,"rot2":-5,"rot3":15,"rot4":-15,"rot5":5,"rot6":-25,"dil1":0.875,"dil2":1.075,"dil3":1.125,"dil4":0.925,"dil5":0.975,"dil6":1.025,"rots":[25,-5,15,-15,5,-25],"dils":[0.875,1.075,1.125,0.925,0.975,1.025],"possible_pos":[0,1,2,3,4,5]},{"id":"train-images","loop_number":1,"shape":"test10","outlier_type":"NA","choice":0,"outlierPosition":0,"success":true,"majorityOfMostRegularShapes":false,"rt":893.6000000014901,"rot1":-15,"rot2":-25,"rot3":25,"rot4":5,"rot5":-5,"rot6":15,"dil1":0.875,"dil2":0.925,"dil3":1.025,"dil4":1.075,"dil5":1.125,"dil6":0.975,"rots":[-15,-25,25,5,-5,15],"dils":[0.875,0.925,1.025,1.075,1.125,0.975],"possible_pos":[0,1,2,3,4,5]},{"id":"train-images","loop_number":1,"shape":"test9","outlier_type":"NA","choice":4,"outlierPosition":4,"success":true,"majorityOfMostRegularShapes":true,"rt":743,"rot1":25,"rot2":5,"rot3":-15,"rot4":15,"rot5":-5,"rot6":-25,"dil1":0.975,"dil2":0.925,"dil3":1.025,"dil4":0.875,"dil5":1.125,"dil6":1.075,"rots":[25,5,-15,15,-5,-25],"dils":[0.975,0.925,1.025,0.875,1.125,1.075],"possible_pos":[0,1,2,3,4,5]},{"id":"train-images","loop_number":1,"shape":"test2","outlier_type":"NA","choice":2,"outlierPosition":2,"success":true,"majorityOfMostRegularShapes":true,"rt":807.3000000007451,"rot1":25,"rot2":-5,"rot3":-25,"rot4":-15,"rot5":15,"rot6":5,"dil1":0.875,"dil2":1.075,"dil3":0.975,"dil4":0.925,"dil5":1.125,"dil6":1.025,"rots":[25,-5,-25,-15,15,5],"dils":[0.875,1.075,0.975,0.925,1.125,1.025],"possible_pos":[0,1,2,3,4,5]},{"id":"train-images","loop_number":1,"shape":"test10","outlier_type":"NA","choice":1,"outlierPosition":1,"success":true,"majorityOfMostRegularShapes":true,"rt":734.8999999985099,"rot1":5,"rot2":15,"rot3":-5,"rot4":-25,"rot5":25,"rot6":-15,"dil1":1.025,"dil2":0.975,"dil3":0.925,"dil4":1.125,"dil5":0.875,"dil6":1.075,"rots":[5,15,-5,-25,25,-15],"dils":[1.025,0.975,0.925,1.125,0.875,1.075],"possible_pos":[0,1,2,3,4,5]},{"id":"train-images","loop_number":1,"shape":"test8","outlier_type":"NA","choice":1,"outlierPosition":1,"success":true,"majorityOfMostRegularShapes":true,"rt":691,"rot1":-15,"rot2":-5,"rot3":-25,"rot4":25,"rot5":15,"rot6":5,"dil1":1.025,"dil2":0.925,"dil3":1.075,"dil4":1.125,"dil5":0.975,"dil6":0.875,"rots":[-15,-5,-25,25,15,5],"dils":[1.025,0.925,1.075,1.125,0.975,0.875],"possible_pos":[0,1,2,3,4,5]},{"id":"train-images","loop_number":1,"shape":"test2","outlier_type":"NA","choice":4,"outlierPosition":4,"success":true,"majorityOfMostRegularShapes":false,"rt":627.3999999985099,"rot1":-5,"rot2":15,"rot3":5,"rot4":-25,"rot5":-15,"rot6":25,"dil1":0.975,"dil2":1.075,"dil3":1.125,"dil4":0.875,"dil5":1.025,"dil6":0.925,"rots":[-5,15,5,-25,-15,25],"dils":[0.975,1.075,1.125,0.875,1.025,0.925],"possible_pos":[0,1,2,3,4,5]},{"id":"train-images","loop_number":1,"shape":"test3","outlier_type":"NA","choice":1,"outlierPosition":1,"success":true,"majorityOfMostRegularShapes":true,"rt":833.1999999992549,"rot1":-25,"rot2":15,"rot3":-15,"rot4":-5,"rot5":5,"rot6":25,"dil1":1.025,"dil2":0.925,"dil3":0.975,"dil4":1.075,"dil5":1.125,"dil6":0.875,"rots":[-25,15,-15,-5,5,25],"dils":[1.025,0.925,0.975,1.075,1.125,0.875],"possible_pos":[0,1,2,3,4,5]},{"id":"train-images","loop_number":1,"shape":"test3","outlier_type":"NA","choice":1,"outlierPosition":1,"success":true,"majorityOfMostRegularShapes":false,"rt":841.3000000007451,"rot1":15,"rot2":-15,"rot3":25,"rot4":-5,"rot5":5,"rot6":-25,"dil1":0.925,"dil2":1.125,"dil3":0.875,"dil4":1.025,"dil5":1.075,"dil6":0.975,"rots":[15,-15,25,-5,5,-25],"dils":[0.925,1.125,0.875,1.025,1.075,0.975],"possible_pos":[0,1,2,3,4,5]}],"trial_type":"oddball-grid-image","trial_index":3,"time_elapsed":346532,"internal_node_id":"0.0-3.0","score":0.6590909090909091,"early_termination":false},{"results":[{"id":"gen2","loop_number":1,"shape":1,"outlier_type":"NA","choice":0,"outlierPosition":0,"success":true,"majorityOfMostRegularShapes":false,"rt":917.5,"rot1":5,"rot2":25,"rot3":-5,"rot4":-15,"rot5":-25,"rot6":15,"dil1":0.975,"dil2":0.875,"dil3":0.925,"dil4":1.125,"dil5":1.025,"dil6":1.075,"rots":[5,25,-5,-15,-25,15],"dils":[0.975,0.875,0.925,1.125,1.025,1.075]},{"id":"gen2","loop_number":1,"shape":2,"outlier_type":"NA","choice":2,"outlierPosition":2,"success":true,"majorityOfMostRegularShapes":false,"rt":694.3000000007451,"rot1":-25,"rot2":-5,"rot3":25,"rot4":5,"rot5":-15,"rot6":15,"dil1":0.975,"dil2":0.925,"dil3":1.025,"dil4":1.075,"dil5":1.125,"dil6":0.875,"rots":[-25,-5,25,5,-15,15],"dils":[0.975,0.925,1.025,1.075,1.125,0.875]},{"id":"gen2","loop_number":1,"shape":0,"outlier_type":"NA","choice":0,"outlierPosition":0,"success":true,"majorityOfMostRegularShapes":false,"rt":743.4000000022352,"rot1":25,"rot2":15,"rot3":-15,"rot4":5,"rot5":-5,"rot6":-25,"dil1":0.925,"dil2":0.875,"dil3":1.075,"dil4":1.125,"dil5":1.025,"dil6":0.975,"rots":[25,15,-15,5,-5,-25],"dils":[0.925,0.875,1.075,1.125,1.025,0.975]},{"id":"gen2","loop_number":1,"shape":2,"outlier_type":"NA","choice":5,"outlierPosition":5,"success":true,"majorityOfMostRegularShapes":true,"rt":861.1000000014901,"rot1":-25,"rot2":15,"rot3":-5,"rot4":5,"rot5":-15,"rot6":25,"dil1":0.975,"dil2":1.025,"dil3":0.925,"dil4":1.075,"dil5":0.875,"dil6":1.125,"rots":[-25,15,-5,5,-15,25],"dils":[0.975,1.025,0.925,1.075,0.875,1.125]},{"id":"gen2","loop_number":1,"shape":1,"outlier_type":"NA","choice":3,"outlierPosition":3,"success":true,"majorityOfMostRegularShapes":true,"rt":700.0999999977648,"rot1":25,"rot2":5,"rot3":15,"rot4":-25,"rot5":-15,"rot6":-5,"dil1":1.075,"dil2":1.025,"dil3":1.125,"dil4":0.925,"dil5":0.875,"dil6":0.975,"rots":[25,5,15,-25,-15,-5],"dils":[1.075,1.025,1.125,0.925,0.875,0.975]},{"id":"gen2","loop_number":1,"shape":2,"outlier_type":"NA","choice":5,"outlierPosition":5,"success":true,"majorityOfMostRegularShapes":true,"rt":708.8999999985099,"rot1":5,"rot2":-5,"rot3":-15,"rot4":-25,"rot5":15,"rot6":25,"dil1":0.925,"dil2":0.975,"dil3":1.025,"dil4":1.125,"dil5":1.075,"dil6":0.875,"rots":[5,-5,-15,-25,15,25],"dils":[0.925,0.975,1.025,1.125,1.075,0.875]},{"id":"gen2","loop_number":1,"shape":0,"outlier_type":"NA","choice":2,"outlierPosition":2,"success":true,"majorityOfMostRegularShapes":false,"rt":763.1999999992549,"rot1":-15,"rot2":-5,"rot3":25,"rot4":5,"rot5":15,"rot6":-25,"dil1":1.075,"dil2":1.125,"dil3":0.875,"dil4":0.975,"dil5":0.925,"dil6":1.025,"rots":[-15,-5,25,5,15,-25],"dils":[1.075,1.125,0.875,0.975,0.925,1.025]},{"id":"gen2","loop_number":1,"shape":2,"outlier_type":"NA","choice":5,"outlierPosition":5,"success":true,"majorityOfMostRegularShapes":true,"rt":777.9000000022352,"rot1":25,"rot2":-5,"rot3":-15,"rot4":15,"rot5":5,"rot6":-25,"dil1":0.925,"dil2":0.875,"dil3":0.975,"dil4":1.025,"dil5":1.075,"dil6":1.125,"rots":[25,-5,-15,15,5,-25],"dils":[0.925,0.875,0.975,1.025,1.075,1.125]},{"id":"gen2","loop_number":1,"shape":1,"outlier_type":"NA","choice":1,"outlierPosition":1,"success":true,"majorityOfMostRegularShapes":true,"rt":668.5999999977648,"rot1":15,"rot2":-5,"rot3":-15,"rot4":25,"rot5":5,"rot6":-25,"dil1":1.075,"dil2":0.925,"dil3":1.125,"dil4":1.025,"dil5":0.975,"dil6":0.875,"rots":[15,-5,-15,25,5,-25],"dils":[1.075,0.925,1.125,1.025,0.975,0.875]},{"id":"gen2","loop_number":1,"shape":0,"outlier_type":"NA","choice":4,"outlierPosition":4,"success":true,"majorityOfMostRegularShapes":false,"rt":678,"rot1":5,"rot2":25,"rot3":-15,"rot4":-25,"rot5":15,"rot6":-5,"dil1":1.025,"dil2":0.975,"dil3":1.125,"dil4":0.875,"dil5":1.075,"dil6":0.925,"rots":[5,25,-15,-25,15,-5],"dils":[1.025,0.975,1.125,0.875,1.075,0.925]},{"id":"gen2","loop_number":1,"shape":1,"outlier_type":"NA","choice":3,"outlierPosition":3,"success":true,"majorityOfMostRegularShapes":true,"rt":733.8999999985099,"rot1":5,"rot2":-25,"rot3":-5,"rot4":25,"rot5":15,"rot6":-15,"dil1":0.875,"dil2":0.975,"dil3":1.025,"dil4":1.075,"dil5":1.125,"dil6":0.925,"rots":[5,-25,-5,25,15,-15],"dils":[0.875,0.975,1.025,1.075,1.125,0.925]},{"id":"gen2","loop_number":1,"shape":2,"outlier_type":"NA","choice":5,"outlierPosition":5,"success":true,"majorityOfMostRegularShapes":false,"rt":581.5999999977648,"rot1":5,"rot2":25,"rot3":-5,"rot4":-25,"rot5":-15,"rot6":15,"dil1":0.925,"dil2":0.975,"dil3":1.125,"dil4":1.025,"dil5":1.075,"dil6":0.875,"rots":[5,25,-5,-25,-15,15],"dils":[0.925,0.975,1.125,1.025,1.075,0.875]},{"id":"gen2","loop_number":1,"shape":0,"outlier_type":"NA","choice":2,"outlierPosition":2,"success":true,"majorityOfMostRegularShapes":true,"rt":1208.4000000022352,"rot1":-5,"rot2":25,"rot3":-15,"rot4":15,"rot5":5,"rot6":-25,"dil1":1.075,"dil2":0.975,"dil3":1.025,"dil4":0.925,"dil5":0.875,"dil6":1.125,"rots":[-5,25,-15,15,5,-25],"dils":[1.075,0.975,1.025,0.925,0.875,1.125]},{"id":"gen2","loop_number":1,"shape":1,"outlier_type":"NA","choice":4,"outlierPosition":4,"success":true,"majorityOfMostRegularShapes":false,"rt":650.8999999985099,"rot1":5,"rot2":-25,"rot3":25,"rot4":-15,"rot5":15,"rot6":-5,"dil1":0.875,"dil2":1.025,"dil3":0.925,"dil4":1.125,"dil5":0.975,"dil6":1.075,"rots":[5,-25,25,-15,15,-5],"dils":[0.875,1.025,0.925,1.125,0.975,1.075]},{"id":"gen2","loop_number":1,"shape":0,"outlier_type":"NA","choice":1,"outlierPosition":1,"success":true,"majorityOfMostRegularShapes":true,"rt":903.5,"rot1":25,"rot2":15,"rot3":-15,"rot4":-5,"rot5":5,"rot6":-25,"dil1":1.075,"dil2":1.025,"dil3":1.125,"dil4":0.875,"dil5":0.975,"dil6":0.925,"rots":[25,15,-15,-5,5,-25],"dils":[1.075,1.025,1.125,0.875,0.975,0.925]},{"id":"gen2","loop_number":1,"shape":2,"outlier_type":"NA","choice":4,"outlierPosition":4,"success":true,"majorityOfMostRegularShapes":false,"rt":716.8999999985099,"rot1":25,"rot2":-25,"rot3":15,"rot4":-15,"rot5":-5,"rot6":5,"dil1":1.125,"dil2":0.975,"dil3":1.075,"dil4":1.025,"dil5":0.875,"dil6":0.925,"rots":[25,-25,15,-15,-5,5],"dils":[1.125,0.975,1.075,1.025,0.875,0.925]},{"id":"gen2","loop_number":1,"shape":1,"outlier_type":"NA","choice":5,"outlierPosition":5,"success":true,"majorityOfMostRegularShapes":false,"rt":692,"rot1":15,"rot2":25,"rot3":-15,"rot4":5,"rot5":-25,"rot6":-5,"dil1":1.075,"dil2":0.925,"dil3":0.875,"dil4":0.975,"dil5":1.025,"dil6":1.125,"rots":[15,25,-15,5,-25,-5],"dils":[1.075,0.925,0.875,0.975,1.025,1.125]},{"id":"gen2","loop_number":1,"shape":0,"outlier_type":"NA","choice":3,"outlierPosition":3,"success":true,"majorityOfMostRegularShapes":true,"rt":821.3999999985099,"rot1":-25,"rot2":5,"rot3":15,"rot4":25,"rot5":-15,"rot6":-5,"dil1":0.875,"dil2":0.925,"dil3":0.975,"dil4":1.075,"dil5":1.025,"dil6":1.125,"rots":[-25,5,15,25,-15,-5],"dils":[0.875,0.925,0.975,1.075,1.025,1.125]}],"trial_type":"oddball-grid-easy","trial_index":4,"time_elapsed":384747,"internal_node_id":"0.0-4.0","score":0.6590909090909091,"early_termination":false},{"results":[{"id":"test","shape":"hinge","outlier_type":2,"choice":3,"outlierPosition":3,"success":true,"majorityOfMostRegularShapes":false,"rt":1177.3999999985099,"rot1":25,"rot2":-25,"rot3":-15,"rot4":15,"rot5":5,"rot6":-5,"dil1":1.125,"dil2":0.925,"dil3":1.075,"dil4":0.975,"dil5":0.875,"dil6":1.025,"rots":[25,-25,-15,15,5,-5],"dils":[1.125,0.925,1.075,0.975,0.875,1.025]},{"id":"test","shape":"losange","outlier_type":1,"choice":4,"outlierPosition":0,"success":false,"majorityOfMostRegularShapes":false,"rt":2019.5,"rot1":25,"rot2":-5,"rot3":-25,"rot4":-15,"rot5":15,"rot6":5,"dil1":0.975,"dil2":1.075,"dil3":1.025,"dil4":0.875,"dil5":1.125,"dil6":0.925,"rots":[25,-5,-25,-15,15,5],"dils":[0.975,1.075,1.025,0.875,1.125,0.925]},{"id":"test","shape":"rightKite","outlier_type":2,"choice":1,"outlierPosition":2,"success":false,"majorityOfMostRegularShapes":false,"rt":828.5,"rot1":-15,"rot2":-5,"rot3":15,"rot4":-25,"rot5":25,"rot6":5,"dil1":0.875,"dil2":1.125,"dil3":0.925,"dil4":1.075,"dil5":0.975,"dil6":1.025,"rots":[-15,-5,15,-25,25,5],"dils":[0.875,1.125,0.925,1.075,0.975,1.025]},{"id":"test","shape":"trapezoid","outlier_type":0,"choice":5,"outlierPosition":1,"success":false,"majorityOfMostRegularShapes":true,"rt":4520.300000000745,"rot1":25,"rot2":5,"rot3":-25,"rot4":-15,"rot5":15,"rot6":-5,"dil1":0.875,"dil2":1.125,"dil3":1.025,"dil4":1.075,"dil5":0.975,"dil6":0.925,"rots":[25,5,-25,-15,15,-5],"dils":[0.875,1.125,1.025,1.075,0.975,0.925]},{"id":"test","shape":"hinge","outlier_type":1,"choice":5,"outlierPosition":5,"success":true,"majorityOfMostRegularShapes":true,"rt":4672.800000000745,"rot1":-25,"rot2":5,"rot3":-15,"rot4":-5,"rot5":15,"rot6":25,"dil1":1.025,"dil2":0.875,"dil3":1.075,"dil4":1.125,"dil5":0.925,"dil6":0.975,"rots":[-25,5,-15,-5,15,25],"dils":[1.025,0.875,1.075,1.125,0.925,0.975]},{"id":"test","shape":"trapezoid","outlier_type":2,"choice":4,"outlierPosition":4,"success":true,"majorityOfMostRegularShapes":false,"rt":6304,"rot1":-25,"rot2":25,"rot3":-5,"rot4":-15,"rot5":15,"rot6":5,"dil1":1.075,"dil2":0.875,"dil3":0.975,"dil4":1.025,"dil5":1.125,"dil6":0.925,"rots":[-25,25,-5,-15,15,5],"dils":[1.075,0.875,0.975,1.025,1.125,0.925]},{"id":"test","shape":"parallelogram","outlier_type":0,"choice":2,"outlierPosition":2,"success":true,"majorityOfMostRegularShapes":true,"rt":3320.5,"rot1":-5,"rot2":-25,"rot3":-15,"rot4":25,"rot5":5,"rot6":15,"dil1":0.925,"dil2":1.075,"dil3":1.025,"dil4":0.875,"dil5":0.975,"dil6":1.125,"rots":[-5,-25,-15,25,5,15],"dils":[0.925,1.075,1.025,0.875,0.975,1.125]},{"id":"test","shape":"rustedHinge","outlier_type":2,"choice":3,"outlierPosition":3,"success":true,"majorityOfMostRegularShapes":false,"rt":4981.199999999255,"rot1":-15,"rot2":5,"rot3":-25,"rot4":25,"rot5":15,"rot6":-5,"dil1":1.125,"dil2":1.075,"dil3":0.875,"dil4":1.025,"dil5":0.925,"dil6":0.975,"rots":[-15,5,-25,25,15,-5],"dils":[1.125,1.075,0.875,1.025,0.925,0.975]},{"id":"test","shape":"square","outlier_type":0,"choice":4,"outlierPosition":4,"success":true,"majorityOfMostRegularShapes":true,"rt":1265.199999999255,"rot1":-25,"rot2":15,"rot3":25,"rot4":-5,"rot5":5,"rot6":-15,"dil1":1.075,"dil2":1.025,"dil3":0.875,"dil4":1.125,"dil5":0.975,"dil6":0.925,"rots":[-25,15,25,-5,5,-15],"dils":[1.075,1.025,0.875,1.125,0.975,0.925]},{"id":"test","shape":"rectangle","outlier_type":3,"choice":2,"outlierPosition":2,"success":true,"majorityOfMostRegularShapes":true,"rt":1498.8999999985099,"rot1":5,"rot2":25,"rot3":-5,"rot4":-15,"rot5":-25,"rot6":15,"dil1":1.075,"dil2":0.975,"dil3":1.025,"dil4":0.925,"dil5":0.875,"dil6":1.125,"rots":[5,25,-5,-15,-25,15],"dils":[1.075,0.975,1.025,0.925,0.875,1.125]},{"id":"test","shape":"losange","outlier_type":2,"choice":3,"outlierPosition":3,"success":true,"majorityOfMostRegularShapes":false,"rt":3327.900000002235,"rot1":-5,"rot2":25,"rot3":-25,"rot4":5,"rot5":-15,"rot6":15,"dil1":1.025,"dil2":0.975,"dil3":0.925,"dil4":0.875,"dil5":1.075,"dil6":1.125,"rots":[-5,25,-25,5,-15,15],"dils":[1.025,0.975,0.925,0.875,1.075,1.125]},{"id":"test","shape":"rectangle","outlier_type":3,"choice":4,"outlierPosition":4,"success":true,"majorityOfMostRegularShapes":false,"rt":2181.800000000745,"rot1":25,"rot2":5,"rot3":-5,"rot4":-25,"rot5":-15,"rot6":15,"dil1":0.975,"dil2":1.125,"dil3":0.875,"dil4":0.925,"dil5":1.025,"dil6":1.075,"rots":[25,5,-5,-25,-15,15],"dils":[0.975,1.125,0.875,0.925,1.025,1.075]},{"id":"test","shape":"kite","outlier_type":0,"choice":2,"outlierPosition":2,"success":true,"majorityOfMostRegularShapes":false,"rt":3435.39999999851,"rot1":-5,"rot2":-25,"rot3":5,"rot4":25,"rot5":15,"rot6":-15,"dil1":0.975,"dil2":0.875,"dil3":0.925,"dil4":1.125,"dil5":1.075,"dil6":1.025,"rots":[-5,-25,5,25,15,-15],"dils":[0.975,0.875,0.925,1.125,1.075,1.025]},{"id":"test","shape":"trapezoid","outlier_type":1,"choice":0,"outlierPosition":0,"success":true,"majorityOfMostRegularShapes":true,"rt":2056.2000000029802,"rot1":25,"rot2":-25,"rot3":-5,"rot4":5,"rot5":-15,"rot6":15,"dil1":0.975,"dil2":1.075,"dil3":0.925,"dil4":1.125,"dil5":0.875,"dil6":1.025,"rots":[25,-25,-5,5,-15,15],"dils":[0.975,1.075,0.925,1.125,0.875,1.025]},{"id":"test","shape":"random","outlier_type":0,"choice":1,"outlierPosition":0,"success":false,"majorityOfMostRegularShapes":false,"rt":6332.5,"rot1":15,"rot2":-25,"rot3":-5,"rot4":25,"rot5":5,"rot6":-15,"dil1":1.125,"dil2":0.875,"dil3":1.025,"dil4":1.075,"dil5":0.975,"dil6":0.925,"rots":[15,-25,-5,25,5,-15],"dils":[1.125,0.875,1.025,1.075,0.975,0.925]},{"id":"test","shape":"rectangle","outlier_type":2,"choice":0,"outlierPosition":0,"success":true,"majorityOfMostRegularShapes":false,"rt":2939,"rot1":25,"rot2":5,"rot3":-15,"rot4":15,"rot5":-5,"rot6":-25,"dil1":0.875,"dil2":0.975,"dil3":1.125,"dil4":1.075,"dil5":0.925,"dil6":1.025,"rots":[25,5,-15,15,-5,-25],"dils":[0.875,0.975,1.125,1.075,0.925,1.025]},{"id":"test","shape":"rustedHinge","outlier_type":1,"choice":1,"outlierPosition":1,"success":true,"majorityOfMostRegularShapes":false,"rt":2342.39999999851,"rot1":5,"rot2":-25,"rot3":-5,"rot4":-15,"rot5":25,"rot6":15,"dil1":1.075,"dil2":0.975,"dil3":0.875,"dil4":1.125,"dil5":1.025,"dil6":0.925,"rots":[5,-25,-5,-15,25,15],"dils":[1.075,0.975,0.875,1.125,1.025,0.925]},{"id":"test","shape":"square","outlier_type":2,"choice":5,"outlierPosition":5,"success":true,"majorityOfMostRegularShapes":true,"rt":1093.199999999255,"rot1":5,"rot2":25,"rot3":-15,"rot4":15,"rot5":-5,"rot6":-25,"dil1":0.975,"dil2":1.075,"dil3":1.125,"dil4":1.025,"dil5":0.925,"dil6":0.875,"rots":[5,25,-15,15,-5,-25],"dils":[0.975,1.075,1.125,1.025,0.925,0.875]},{"id":"test","shape":"parallelogram","outlier_type":1,"choice":2,"outlierPosition":2,"success":true,"majorityOfMostRegularShapes":false,"rt":1865.0999999977648,"rot1":-25,"rot2":25,"rot3":-15,"rot4":-5,"rot5":15,"rot6":5,"dil1":1.075,"dil2":0.875,"dil3":0.975,"dil4":0.925,"dil5":1.025,"dil6":1.125,"rots":[-25,25,-15,-5,15,5],"dils":[1.075,0.875,0.975,0.925,1.025,1.125]},{"id":"test","shape":"isoTrapezoid","outlier_type":0,"choice":4,"outlierPosition":4,"success":true,"majorityOfMostRegularShapes":false,"rt":1279.4000000022352,"rot1":-15,"rot2":15,"rot3":-25,"rot4":25,"rot5":5,"rot6":-5,"dil1":1.025,"dil2":1.125,"dil3":0.925,"dil4":1.075,"dil5":0.875,"dil6":0.975,"rots":[-15,15,-25,25,5,-5],"dils":[1.025,1.125,0.925,1.075,0.875,0.975]},{"id":"test","shape":"square","outlier_type":2,"choice":1,"outlierPosition":1,"success":true,"majorityOfMostRegularShapes":false,"rt":1609.4000000022352,"rot1":-25,"rot2":15,"rot3":-5,"rot4":5,"rot5":-15,"rot6":25,"dil1":0.975,"dil2":1.025,"dil3":1.075,"dil4":0.925,"dil5":1.125,"dil6":0.875,"rots":[-25,15,-5,5,-15,25],"dils":[0.975,1.025,1.075,0.925,1.125,0.875]},{"id":"test","shape":"rectangle","outlier_type":0,"choice":4,"outlierPosition":4,"success":true,"majorityOfMostRegularShapes":false,"rt":1222.800000000745,"rot1":-25,"rot2":15,"rot3":25,"rot4":-5,"rot5":-15,"rot6":5,"dil1":1.075,"dil2":0.875,"dil3":1.025,"dil4":0.975,"dil5":0.925,"dil6":1.125,"rots":[-25,15,25,-5,-15,5],"dils":[1.075,0.875,1.025,0.975,0.925,1.125]},{"id":"test","shape":"trapezoid","outlier_type":2,"choice":2,"outlierPosition":2,"success":true,"majorityOfMostRegularShapes":true,"rt":2432.89999999851,"rot1":5,"rot2":15,"rot3":-15,"rot4":25,"rot5":-25,"rot6":-5,"dil1":1.025,"dil2":0.875,"dil3":0.975,"dil4":0.925,"dil5":1.075,"dil6":1.125,"rots":[5,15,-15,25,-25,-5],"dils":[1.025,0.875,0.975,0.925,1.075,1.125]},{"id":"test","shape":"rustedHinge","outlier_type":0,"choice":5,"outlierPosition":4,"success":false,"majorityOfMostRegularShapes":true,"rt":2709.699999999255,"rot1":-25,"rot2":-5,"rot3":25,"rot4":5,"rot5":-15,"rot6":15,"dil1":0.925,"dil2":0.975,"dil3":0.875,"dil4":1.075,"dil5":1.025,"dil6":1.125,"rots":[-25,-5,25,5,-15,15],"dils":[0.925,0.975,0.875,1.075,1.025,1.125]},{"id":"test","shape":"parallelogram","outlier_type":2,"choice":3,"outlierPosition":3,"success":true,"majorityOfMostRegularShapes":false,"rt":1685.9000000022352,"rot1":-15,"rot2":-25,"rot3":25,"rot4":5,"rot5":15,"rot6":-5,"dil1":0.925,"dil2":0.875,"dil3":0.975,"dil4":1.125,"dil5":1.025,"dil6":1.075,"rots":[-15,-25,25,5,15,-5],"dils":[0.925,0.875,0.975,1.125,1.025,1.075]},{"id":"test","shape":"rustedHinge","outlier_type":0,"choice":4,"outlierPosition":2,"success":false,"majorityOfMostRegularShapes":false,"rt":5406.39999999851,"rot1":-5,"rot2":-25,"rot3":25,"rot4":5,"rot5":-15,"rot6":15,"dil1":0.875,"dil2":1.125,"dil3":0.975,"dil4":1.075,"dil5":0.925,"dil6":1.025,"rots":[-5,-25,25,5,-15,15],"dils":[0.875,1.125,0.975,1.075,0.925,1.025]},{"id":"test","shape":"isoTrapezoid","outlier_type":2,"choice":5,"outlierPosition":5,"success":true,"majorityOfMostRegularShapes":false,"rt":1538.300000000745,"rot1":25,"rot2":-25,"rot3":-15,"rot4":15,"rot5":5,"rot6":-5,"dil1":0.925,"dil2":0.875,"dil3":1.125,"dil4":1.075,"dil5":1.025,"dil6":0.975,"rots":[25,-25,-15,15,5,-5],"dils":[0.925,0.875,1.125,1.075,1.025,0.975]},{"id":"test","shape":"rustedHinge","outlier_type":3,"choice":3,"outlierPosition":3,"success":true,"majorityOfMostRegularShapes":false,"rt":8232.5,"rot1":-5,"rot2":5,"rot3":-15,"rot4":25,"rot5":-25,"rot6":15,"dil1":0.975,"dil2":0.925,"dil3":1.075,"dil4":1.025,"dil5":1.125,"dil6":0.875,"rots":[-5,5,-15,25,-25,15],"dils":[0.975,0.925,1.075,1.025,1.125,0.875]},{"id":"test","shape":"isoTrapezoid","outlier_type":0,"choice":0,"outlierPosition":0,"success":true,"majorityOfMostRegularShapes":true,"rt":3587.699999999255,"rot1":-25,"rot2":-15,"rot3":5,"rot4":15,"rot5":-5,"rot6":25,"dil1":1.125,"dil2":1.075,"dil3":0.925,"dil4":0.875,"dil5":1.025,"dil6":0.975,"rots":[-25,-15,5,15,-5,25],"dils":[1.125,1.075,0.925,0.875,1.025,0.975]},{"id":"test","shape":"kite","outlier_type":3,"choice":1,"outlierPosition":1,"success":true,"majorityOfMostRegularShapes":false,"rt":2449.10000000149,"rot1":25,"rot2":15,"rot3":-25,"rot4":5,"rot5":-5,"rot6":-15,"dil1":0.875,"dil2":0.975,"dil3":1.125,"dil4":1.075,"dil5":0.925,"dil6":1.025,"rots":[25,15,-25,5,-5,-15],"dils":[0.875,0.975,1.125,1.075,0.925,1.025]},{"id":"test","shape":"losange","outlier_type":0,"choice":2,"outlierPosition":2,"success":true,"majorityOfMostRegularShapes":false,"rt":2360.89999999851,"rot1":-5,"rot2":-15,"rot3":25,"rot4":-25,"rot5":15,"rot6":5,"dil1":0.925,"dil2":1.025,"dil3":1.075,"dil4":0.975,"dil5":1.125,"dil6":0.875,"rots":[-5,-15,25,-25,15,5],"dils":[0.925,1.025,1.075,0.975,1.125,0.875]},{"id":"test","shape":"parallelogram","outlier_type":3,"choice":3,"outlierPosition":3,"success":true,"majorityOfMostRegularShapes":false,"rt":2039.4000000022352,"rot1":15,"rot2":-5,"rot3":-15,"rot4":-25,"rot5":25,"rot6":5,"dil1":0.925,"dil2":0.875,"dil3":0.975,"dil4":1.025,"dil5":1.125,"dil6":1.075,"rots":[15,-5,-15,-25,25,5],"dils":[0.925,0.875,0.975,1.025,1.125,1.075]},{"id":"test","shape":"rectangle","outlier_type":0,"choice":5,"outlierPosition":5,"success":true,"majorityOfMostRegularShapes":true,"rt":2155.300000000745,"rot1":-5,"rot2":-15,"rot3":25,"rot4":-25,"rot5":15,"rot6":5,"dil1":0.875,"dil2":1.025,"dil3":1.125,"dil4":1.075,"dil5":0.925,"dil6":0.975,"rots":[-5,-15,25,-25,15,5],"dils":[0.875,1.025,1.125,1.075,0.925,0.975]},{"id":"test","shape":"hinge","outlier_type":2,"choice":1,"outlierPosition":1,"success":true,"majorityOfMostRegularShapes":true,"rt":2101.199999999255,"rot1":-5,"rot2":-15,"rot3":-25,"rot4":5,"rot5":15,"rot6":25,"dil1":0.875,"dil2":1.125,"dil3":0.975,"dil4":1.075,"dil5":1.025,"dil6":0.925,"rots":[-5,-15,-25,5,15,25],"dils":[0.875,1.125,0.975,1.075,1.025,0.925]},{"id":"test","shape":"square","outlier_type":3,"choice":4,"outlierPosition":1,"success":false,"majorityOfMostRegularShapes":true,"rt":1134.3999999985099,"rot1":5,"rot2":25,"rot3":-15,"rot4":-5,"rot5":-25,"rot6":15,"dil1":1.025,"dil2":1.075,"dil3":1.125,"dil4":0.925,"dil5":0.875,"dil6":0.975,"rots":[5,25,-15,-5,-25,15],"dils":[1.025,1.075,1.125,0.925,0.875,0.975]},{"id":"test","shape":"random","outlier_type":1,"choice":0,"outlierPosition":0,"success":true,"majorityOfMostRegularShapes":false,"rt":3478.5,"rot1":5,"rot2":25,"rot3":-5,"rot4":15,"rot5":-15,"rot6":-25,"dil1":0.975,"dil2":1.025,"dil3":1.075,"dil4":0.875,"dil5":1.125,"dil6":0.925,"rots":[5,25,-5,15,-15,-25],"dils":[0.975,1.025,1.075,0.875,1.125,0.925]},{"id":"test","shape":"losange","outlier_type":3,"choice":1,"outlierPosition":1,"success":true,"majorityOfMostRegularShapes":false,"rt":2431.5,"rot1":25,"rot2":-25,"rot3":-5,"rot4":15,"rot5":-15,"rot6":5,"dil1":0.875,"dil2":1.125,"dil3":0.925,"dil4":0.975,"dil5":1.025,"dil6":1.075,"rots":[25,-25,-5,15,-15,5],"dils":[0.875,1.125,0.925,0.975,1.025,1.075]},{"id":"test","shape":"kite","outlier_type":2,"choice":1,"outlierPosition":1,"success":true,"majorityOfMostRegularShapes":false,"rt":957.9000000022352,"rot1":-15,"rot2":-25,"rot3":-5,"rot4":25,"rot5":5,"rot6":15,"dil1":1.025,"dil2":1.125,"dil3":1.075,"dil4":0.925,"dil5":0.975,"dil6":0.875,"rots":[-15,-25,-5,25,5,15],"dils":[1.025,1.125,1.075,0.925,0.975,0.875]},{"id":"test","shape":"square","outlier_type":1,"choice":4,"outlierPosition":4,"success":true,"majorityOfMostRegularShapes":true,"rt":1030.0999999977648,"rot1":15,"rot2":-15,"rot3":25,"rot4":-25,"rot5":5,"rot6":-5,"dil1":1.125,"dil2":0.875,"dil3":1.075,"dil4":0.925,"dil5":1.025,"dil6":0.975,"rots":[15,-15,25,-25,5,-5],"dils":[1.125,0.875,1.075,0.925,1.025,0.975]},{"id":"test","shape":"trapezoid","outlier_type":0,"choice":4,"outlierPosition":1,"success":false,"majorityOfMostRegularShapes":false,"rt":3441.5,"rot1":5,"rot2":-25,"rot3":-5,"rot4":-15,"rot5":25,"rot6":15,"dil1":1.075,"dil2":0.925,"dil3":0.875,"dil4":1.125,"dil5":0.975,"dil6":1.025,"rots":[5,-25,-5,-15,25,15],"dils":[1.075,0.925,0.875,1.125,0.975,1.025]},{"id":"test","shape":"hinge","outlier_type":3,"choice":4,"outlierPosition":4,"success":true,"majorityOfMostRegularShapes":true,"rt":1658.2999999970198,"rot1":-25,"rot2":-15,"rot3":25,"rot4":-5,"rot5":5,"rot6":15,"dil1":0.925,"dil2":0.875,"dil3":1.025,"dil4":1.125,"dil5":0.975,"dil6":1.075,"rots":[-25,-15,25,-5,5,15],"dils":[0.925,0.875,1.025,1.125,0.975,1.075]},{"id":"test","shape":"rightKite","outlier_type":1,"choice":0,"outlierPosition":2,"success":false,"majorityOfMostRegularShapes":false,"rt":5052.60000000149,"rot1":25,"rot2":-25,"rot3":-15,"rot4":-5,"rot5":5,"rot6":15,"dil1":1.075,"dil2":1.125,"dil3":0.975,"dil4":0.925,"dil5":1.025,"dil6":0.875,"rots":[25,-25,-15,-5,5,15],"dils":[1.075,1.125,0.975,0.925,1.025,0.875]},{"id":"test","shape":"random","outlier_type":3,"choice":4,"outlierPosition":4,"success":true,"majorityOfMostRegularShapes":true,"rt":1708.699999999255,"rot1":-25,"rot2":-5,"rot3":-15,"rot4":5,"rot5":25,"rot6":15,"dil1":1.125,"dil2":0.975,"dil3":0.925,"dil4":1.025,"dil5":1.075,"dil6":0.875,"rots":[-25,-5,-15,5,25,15],"dils":[1.125,0.975,0.925,1.025,1.075,0.875]},{"id":"test","shape":"isoTrapezoid","outlier_type":1,"choice":4,"outlierPosition":4,"success":true,"majorityOfMostRegularShapes":false,"rt":3143.699999999255,"rot1":15,"rot2":-15,"rot3":25,"rot4":5,"rot5":-5,"rot6":-25,"dil1":1.025,"dil2":1.125,"dil3":1.075,"dil4":0.875,"dil5":0.975,"dil6":0.925,"rots":[15,-15,25,5,-5,-25],"dils":[1.025,1.125,1.075,0.875,0.975,0.925]},{"id":"test","shape":"parallelogram","outlier_type":0,"choice":1,"outlierPosition":4,"success":false,"majorityOfMostRegularShapes":false,"rt":1332,"rot1":5,"rot2":25,"rot3":15,"rot4":-25,"rot5":-15,"rot6":-5,"dil1":0.925,"dil2":1.125,"dil3":0.975,"dil4":0.875,"dil5":1.025,"dil6":1.075,"rots":[5,25,15,-25,-15,-5],"dils":[0.925,1.125,0.975,0.875,1.025,1.075]},{"id":"test","shape":"trapezoid","outlier_type":3,"choice":4,"outlierPosition":0,"success":false,"majorityOfMostRegularShapes":false,"rt":4555.5,"rot1":15,"rot2":-15,"rot3":5,"rot4":-5,"rot5":25,"rot6":-25,"dil1":0.925,"dil2":1.125,"dil3":0.875,"dil4":0.975,"dil5":1.075,"dil6":1.025,"rots":[15,-15,5,-5,25,-25],"dils":[0.925,1.125,0.875,0.975,1.075,1.025]},{"id":"test","shape":"kite","outlier_type":1,"choice":4,"outlierPosition":1,"success":false,"majorityOfMostRegularShapes":false,"rt":2196.800000000745,"rot1":-25,"rot2":5,"rot3":-5,"rot4":15,"rot5":25,"rot6":-15,"dil1":0.925,"dil2":1.075,"dil3":0.875,"dil4":0.975,"dil5":1.125,"dil6":1.025,"rots":[-25,5,-5,15,25,-15],"dils":[0.925,1.075,0.875,0.975,1.125,1.025]},{"id":"test","shape":"square","outlier_type":0,"choice":3,"outlierPosition":3,"success":true,"majorityOfMostRegularShapes":false,"rt":2334.39999999851,"rot1":-15,"rot2":-5,"rot3":5,"rot4":-25,"rot5":15,"rot6":25,"dil1":1.025,"dil2":1.125,"dil3":0.925,"dil4":0.975,"dil5":0.875,"dil6":1.075,"rots":[-15,-5,5,-25,15,25],"dils":[1.025,1.125,0.925,0.975,0.875,1.075]},{"id":"test","shape":"losange","outlier_type":1,"choice":4,"outlierPosition":1,"success":false,"majorityOfMostRegularShapes":true,"rt":1331.8999999985099,"rot1":5,"rot2":-25,"rot3":15,"rot4":-5,"rot5":-15,"rot6":25,"dil1":1.025,"dil2":0.875,"dil3":1.075,"dil4":0.975,"dil5":1.125,"dil6":0.925,"rots":[5,-25,15,-5,-15,25],"dils":[1.025,0.875,1.075,0.975,1.125,0.925]},{"id":"test","shape":"rustedHinge","outlier_type":3,"choice":1,"outlierPosition":0,"success":false,"majorityOfMostRegularShapes":true,"rt":4532.199999999255,"rot1":5,"rot2":15,"rot3":-25,"rot4":25,"rot5":-5,"rot6":-15,"dil1":0.975,"dil2":1.075,"dil3":0.875,"dil4":1.025,"dil5":0.925,"dil6":1.125,"rots":[5,15,-25,25,-5,-15],"dils":[0.975,1.075,0.875,1.025,0.925,1.125]},{"id":"test","shape":"trapezoid","outlier_type":1,"choice":0,"outlierPosition":0,"success":true,"majorityOfMostRegularShapes":false,"rt":8148.699999999255,"rot1":-15,"rot2":-5,"rot3":5,"rot4":25,"rot5":15,"rot6":-25,"dil1":0.875,"dil2":0.925,"dil3":1.075,"dil4":0.975,"dil5":1.025,"dil6":1.125,"rots":[-15,-5,5,25,15,-25],"dils":[0.875,0.925,1.075,0.975,1.025,1.125]},{"id":"test","shape":"losange","outlier_type":3,"choice":3,"outlierPosition":3,"success":true,"majorityOfMostRegularShapes":true,"rt":1332.6000000014901,"rot1":-25,"rot2":-5,"rot3":15,"rot4":25,"rot5":-15,"rot6":5,"dil1":0.975,"dil2":0.875,"dil3":1.125,"dil4":1.075,"dil5":1.025,"dil6":0.925,"rots":[-25,-5,15,25,-15,5],"dils":[0.975,0.875,1.125,1.075,1.025,0.925]},{"id":"test","shape":"kite","outlier_type":2,"choice":1,"outlierPosition":1,"success":true,"majorityOfMostRegularShapes":true,"rt":9483.10000000149,"rot1":-25,"rot2":5,"rot3":-5,"rot4":15,"rot5":-15,"rot6":25,"dil1":1.075,"dil2":0.875,"dil3":1.125,"dil4":0.925,"dil5":0.975,"dil6":1.025,"rots":[-25,5,-5,15,-15,25],"dils":[1.075,0.875,1.125,0.925,0.975,1.025]},{"id":"test","shape":"rectangle","outlier_type":1,"choice":4,"outlierPosition":4,"success":true,"majorityOfMostRegularShapes":false,"rt":2819.60000000149,"rot1":5,"rot2":-5,"rot3":15,"rot4":-15,"rot5":-25,"rot6":25,"dil1":0.925,"dil2":0.875,"dil3":0.975,"dil4":1.075,"dil5":1.025,"dil6":1.125,"rots":[5,-5,15,-15,-25,25],"dils":[0.925,0.875,0.975,1.075,1.025,1.125]},{"id":"test","shape":"isoTrapezoid","outlier_type":3,"choice":0,"outlierPosition":0,"success":true,"majorityOfMostRegularShapes":true,"rt":2863.199999999255,"rot1":15,"rot2":-15,"rot3":25,"rot4":-25,"rot5":5,"rot6":-5,"dil1":0.975,"dil2":1.075,"dil3":0.925,"dil4":0.875,"dil5":1.125,"dil6":1.025,"rots":[15,-15,25,-25,5,-5],"dils":[0.975,1.075,0.925,0.875,1.125,1.025]},{"id":"test","shape":"rightKite","outlier_type":0,"choice":0,"outlierPosition":3,"success":false,"majorityOfMostRegularShapes":false,"rt":10946,"rot1":-15,"rot2":25,"rot3":-5,"rot4":-25,"rot5":15,"rot6":5,"dil1":0.975,"dil2":1.125,"dil3":0.875,"dil4":0.925,"dil5":1.075,"dil6":1.025,"rots":[-15,25,-5,-25,15,5],"dils":[0.975,1.125,0.875,0.925,1.075,1.025]},{"id":"test","shape":"rectangle","outlier_type":2,"choice":4,"outlierPosition":4,"success":true,"majorityOfMostRegularShapes":true,"rt":947.5,"rot1":-25,"rot2":5,"rot3":25,"rot4":15,"rot5":-5,"rot6":-15,"dil1":1.025,"dil2":0.925,"dil3":1.075,"dil4":0.875,"dil5":1.125,"dil6":0.975,"rots":[-25,5,25,15,-5,-15],"dils":[1.025,0.925,1.075,0.875,1.125,0.975]},{"id":"test","shape":"rightKite","outlier_type":0,"choice":2,"outlierPosition":1,"success":false,"majorityOfMostRegularShapes":true,"rt":3925.7999999970198,"rot1":-5,"rot2":5,"rot3":-25,"rot4":-15,"rot5":15,"rot6":25,"dil1":1.075,"dil2":0.975,"dil3":1.025,"dil4":1.125,"dil5":0.875,"dil6":0.925,"rots":[-5,5,-25,-15,15,25],"dils":[1.075,0.975,1.025,1.125,0.875,0.925]},{"id":"test","shape":"hinge","outlier_type":3,"choice":2,"outlierPosition":5,"success":false,"majorityOfMostRegularShapes":false,"rt":4341.900000002235,"rot1":-25,"rot2":-5,"rot3":25,"rot4":-15,"rot5":15,"rot6":5,"dil1":0.975,"dil2":1.025,"dil3":1.125,"dil4":0.875,"dil5":0.925,"dil6":1.075,"rots":[-25,-5,25,-15,15,5],"dils":[0.975,1.025,1.125,0.875,0.925,1.075]},{"id":"test","shape":"square","outlier_type":1,"choice":2,"outlierPosition":5,"success":false,"majorityOfMostRegularShapes":false,"rt":1369,"rot1":25,"rot2":-25,"rot3":5,"rot4":15,"rot5":-15,"rot6":-5,"dil1":0.875,"dil2":1.025,"dil3":0.975,"dil4":1.075,"dil5":0.925,"dil6":1.125,"rots":[25,-25,5,15,-15,-5],"dils":[0.875,1.025,0.975,1.075,0.925,1.125]},{"id":"test","shape":"random","outlier_type":2,"choice":3,"outlierPosition":3,"success":true,"majorityOfMostRegularShapes":false,"rt":2939.599999997765,"rot1":-25,"rot2":-15,"rot3":25,"rot4":-5,"rot5":5,"rot6":15,"dil1":1.125,"dil2":0.875,"dil3":1.075,"dil4":0.925,"dil5":1.025,"dil6":0.975,"rots":[-25,-15,25,-5,5,15],"dils":[1.125,0.875,1.075,0.925,1.025,0.975]},{"id":"test","shape":"rectangle","outlier_type":1,"choice":2,"outlierPosition":2,"success":true,"majorityOfMostRegularShapes":true,"rt":1455.9000000022352,"rot1":5,"rot2":-15,"rot3":15,"rot4":25,"rot5":-25,"rot6":-5,"dil1":1.125,"dil2":0.975,"dil3":1.025,"dil4":0.925,"dil5":0.875,"dil6":1.075,"rots":[5,-15,15,25,-25,-5],"dils":[1.125,0.975,1.025,0.925,0.875,1.075]},{"id":"test","shape":"hinge","outlier_type":0,"choice":3,"outlierPosition":2,"success":false,"majorityOfMostRegularShapes":true,"rt":2988.39999999851,"rot1":15,"rot2":-15,"rot3":-5,"rot4":-25,"rot5":5,"rot6":25,"dil1":0.875,"dil2":0.925,"dil3":1.125,"dil4":1.075,"dil5":1.025,"dil6":0.975,"rots":[15,-15,-5,-25,5,25],"dils":[0.875,0.925,1.125,1.075,1.025,0.975]},{"id":"test","shape":"parallelogram","outlier_type":1,"choice":2,"outlierPosition":2,"success":true,"majorityOfMostRegularShapes":true,"rt":2575.39999999851,"rot1":5,"rot2":-25,"rot3":-5,"rot4":-15,"rot5":25,"rot6":15,"dil1":1.025,"dil2":1.075,"dil3":0.875,"dil4":0.925,"dil5":1.125,"dil6":0.975,"rots":[5,-25,-5,-15,25,15],"dils":[1.025,1.075,0.875,0.925,1.125,0.975]},{"id":"test","shape":"hinge","outlier_type":0,"choice":5,"outlierPosition":5,"success":true,"majorityOfMostRegularShapes":false,"rt":3870.900000002235,"rot1":25,"rot2":15,"rot3":-25,"rot4":-15,"rot5":-5,"rot6":5,"dil1":0.875,"dil2":0.925,"dil3":1.125,"dil4":0.975,"dil5":1.075,"dil6":1.025,"rots":[25,15,-25,-15,-5,5],"dils":[0.875,0.925,1.125,0.975,1.075,1.025]},{"id":"test","shape":"rightKite","outlier_type":3,"choice":2,"outlierPosition":2,"success":true,"majorityOfMostRegularShapes":false,"rt":1525.0999999977648,"rot1":15,"rot2":-5,"rot3":-25,"rot4":5,"rot5":-15,"rot6":25,"dil1":0.925,"dil2":1.125,"dil3":0.875,"dil4":1.075,"dil5":0.975,"dil6":1.025,"rots":[15,-5,-25,5,-15,25],"dils":[0.925,1.125,0.875,1.075,0.975,1.025]},{"id":"test","shape":"kite","outlier_type":1,"choice":0,"outlierPosition":0,"success":true,"majorityOfMostRegularShapes":true,"rt":2962.800000000745,"rot1":-5,"rot2":5,"rot3":25,"rot4":-15,"rot5":-25,"rot6":15,"dil1":1.025,"dil2":1.075,"dil3":0.925,"dil4":1.125,"dil5":0.875,"dil6":0.975,"rots":[-5,5,25,-15,-25,15],"dils":[1.025,1.075,0.925,1.125,0.875,0.975]},{"id":"test","shape":"rightKite","outlier_type":3,"choice":1,"outlierPosition":2,"success":false,"majorityOfMostRegularShapes":true,"rt":1699.1000000014901,"rot1":15,"rot2":-15,"rot3":-25,"rot4":5,"rot5":25,"rot6":-5,"dil1":1.125,"dil2":0.975,"dil3":0.925,"dil4":1.075,"dil5":0.875,"dil6":1.025,"rots":[15,-15,-25,5,25,-5],"dils":[1.125,0.975,0.925,1.075,0.875,1.025]},{"id":"test","shape":"isoTrapezoid","outlier_type":2,"choice":2,"outlierPosition":2,"success":true,"majorityOfMostRegularShapes":true,"rt":2118.300000000745,"rot1":5,"rot2":-25,"rot3":25,"rot4":-5,"rot5":-15,"rot6":15,"dil1":1.025,"dil2":1.125,"dil3":1.075,"dil4":0.925,"dil5":0.975,"dil6":0.875,"rots":[5,-25,25,-5,-15,15],"dils":[1.025,1.125,1.075,0.925,0.975,0.875]},{"id":"test","shape":"square","outlier_type":3,"choice":1,"outlierPosition":1,"success":true,"majorityOfMostRegularShapes":false,"rt":2006.199999999255,"rot1":25,"rot2":-15,"rot3":15,"rot4":-25,"rot5":-5,"rot6":5,"dil1":0.975,"dil2":0.875,"dil3":0.925,"dil4":1.075,"dil5":1.025,"dil6":1.125,"rots":[25,-15,15,-25,-5,5],"dils":[0.975,0.875,0.925,1.075,1.025,1.125]},{"id":"test","shape":"rustedHinge","outlier_type":2,"choice":0,"outlierPosition":5,"success":false,"majorityOfMostRegularShapes":true,"rt":4211.199999999255,"rot1":-15,"rot2":-5,"rot3":25,"rot4":-25,"rot5":5,"rot6":15,"dil1":1.025,"dil2":1.125,"dil3":0.925,"dil4":1.075,"dil5":0.875,"dil6":0.975,"rots":[-15,-5,25,-25,5,15],"dils":[1.025,1.125,0.925,1.075,0.875,0.975]},{"id":"test","shape":"random","outlier_type":1,"choice":0,"outlierPosition":3,"success":false,"majorityOfMostRegularShapes":true,"rt":6121.599999997765,"rot1":-15,"rot2":-25,"rot3":25,"rot4":-5,"rot5":5,"rot6":15,"dil1":0.975,"dil2":1.075,"dil3":0.875,"dil4":0.925,"dil5":1.125,"dil6":1.025,"rots":[-15,-25,25,-5,5,15],"dils":[0.975,1.075,0.875,0.925,1.125,1.025]},{"id":"test","shape":"losange","outlier_type":0,"choice":4,"outlierPosition":0,"success":false,"majorityOfMostRegularShapes":true,"rt":2639.60000000149,"rot1":15,"rot2":-5,"rot3":5,"rot4":25,"rot5":-25,"rot6":-15,"dil1":1.025,"dil2":0.975,"dil3":0.875,"dil4":1.125,"dil5":0.925,"dil6":1.075,"rots":[15,-5,5,25,-25,-15],"dils":[1.025,0.975,0.875,1.125,0.925,1.075]},{"id":"test","shape":"rightKite","outlier_type":1,"choice":4,"outlierPosition":0,"success":false,"majorityOfMostRegularShapes":true,"rt":8435.599999997765,"rot1":15,"rot2":-5,"rot3":-15,"rot4":5,"rot5":25,"rot6":-25,"dil1":0.975,"dil2":0.875,"dil3":1.125,"dil4":1.025,"dil5":0.925,"dil6":1.075,"rots":[15,-5,-15,5,25,-25],"dils":[0.975,0.875,1.125,1.025,0.925,1.075]},{"id":"test","shape":"random","outlier_type":0,"choice":4,"outlierPosition":0,"success":false,"majorityOfMostRegularShapes":true,"rt":4555.39999999851,"rot1":-25,"rot2":-15,"rot3":25,"rot4":5,"rot5":15,"rot6":-5,"dil1":0.925,"dil2":0.875,"dil3":1.025,"dil4":1.075,"dil5":0.975,"dil6":1.125,"rots":[-25,-15,25,5,15,-5],"dils":[0.925,0.875,1.025,1.075,0.975,1.125]},{"id":"test","shape":"trapezoid","outlier_type":3,"choice":5,"outlierPosition":0,"success":false,"majorityOfMostRegularShapes":true,"rt":3389.300000000745,"rot1":-15,"rot2":-25,"rot3":5,"rot4":15,"rot5":25,"rot6":-5,"dil1":1.025,"dil2":0.875,"dil3":1.075,"dil4":1.125,"dil5":0.975,"dil6":0.925,"rots":[-15,-25,5,15,25,-5],"dils":[1.025,0.875,1.075,1.125,0.975,0.925]},{"id":"test","shape":"hinge","outlier_type":1,"choice":5,"outlierPosition":1,"success":false,"majorityOfMostRegularShapes":false,"rt":13075.599999997765,"rot1":-25,"rot2":25,"rot3":5,"rot4":15,"rot5":-15,"rot6":-5,"dil1":1.025,"dil2":0.875,"dil3":0.975,"dil4":0.925,"dil5":1.075,"dil6":1.125,"rots":[-25,25,5,15,-15,-5],"dils":[1.025,0.875,0.975,0.925,1.075,1.125]},{"id":"test","shape":"parallelogram","outlier_type":3,"choice":2,"outlierPosition":2,"success":true,"majorityOfMostRegularShapes":true,"rt":2138.5,"rot1":15,"rot2":25,"rot3":5,"rot4":-25,"rot5":-5,"rot6":-15,"dil1":0.875,"dil2":1.075,"dil3":1.025,"dil4":1.125,"dil5":0.975,"dil6":0.925,"rots":[15,25,5,-25,-5,-15],"dils":[0.875,1.075,1.025,1.125,0.975,0.925]},{"id":"test","shape":"isoTrapezoid","outlier_type":1,"choice":0,"outlierPosition":0,"success":true,"majorityOfMostRegularShapes":true,"rt":2035.0999999977648,"rot1":5,"rot2":-5,"rot3":-25,"rot4":-15,"rot5":15,"rot6":25,"dil1":1.075,"dil2":0.975,"dil3":0.875,"dil4":1.125,"dil5":1.025,"dil6":0.925,"rots":[5,-5,-25,-15,15,25],"dils":[1.075,0.975,0.875,1.125,1.025,0.925]},{"id":"test","shape":"random","outlier_type":2,"choice":3,"outlierPosition":2,"success":false,"majorityOfMostRegularShapes":true,"rt":2587,"rot1":5,"rot2":-15,"rot3":-5,"rot4":-25,"rot5":25,"rot6":15,"dil1":1.025,"dil2":0.875,"dil3":0.925,"dil4":0.975,"dil5":1.075,"dil6":1.125,"rots":[5,-15,-5,-25,25,15],"dils":[1.025,0.875,0.925,0.975,1.075,1.125]},{"id":"test","shape":"isoTrapezoid","outlier_type":3,"choice":0,"outlierPosition":0,"success":true,"majorityOfMostRegularShapes":false,"rt":2987,"rot1":15,"rot2":25,"rot3":5,"rot4":-5,"rot5":-15,"rot6":-25,"dil1":1.075,"dil2":0.975,"dil3":1.025,"dil4":1.125,"dil5":0.875,"dil6":0.925,"rots":[15,25,5,-5,-15,-25],"dils":[1.075,0.975,1.025,1.125,0.875,0.925]},{"id":"test","shape":"losange","outlier_type":2,"choice":4,"outlierPosition":4,"success":true,"majorityOfMostRegularShapes":true,"rt":1809.6000000014901,"rot1":-25,"rot2":25,"rot3":-5,"rot4":15,"rot5":-15,"rot6":5,"dil1":1.025,"dil2":1.075,"dil3":0.875,"dil4":1.125,"dil5":0.925,"dil6":0.975,"rots":[-25,25,-5,15,-15,5],"dils":[1.025,1.075,0.875,1.125,0.925,0.975]},{"id":"test","shape":"rustedHinge","outlier_type":1,"choice":5,"outlierPosition":5,"success":true,"majorityOfMostRegularShapes":true,"rt":1636.5,"rot1":5,"rot2":-5,"rot3":15,"rot4":-25,"rot5":25,"rot6":-15,"dil1":0.925,"dil2":0.975,"dil3":1.075,"dil4":1.025,"dil5":0.875,"dil6":1.125,"rots":[5,-5,15,-25,25,-15],"dils":[0.925,0.975,1.075,1.025,0.875,1.125]},{"id":"test","shape":"parallelogram","outlier_type":2,"choice":0,"outlierPosition":0,"success":true,"majorityOfMostRegularShapes":true,"rt":1889.4000000022352,"rot1":5,"rot2":25,"rot3":-15,"rot4":15,"rot5":-5,"rot6":-25,"dil1":1.025,"dil2":0.925,"dil3":0.875,"dil4":1.125,"dil5":0.975,"dil6":1.075,"rots":[5,25,-15,15,-5,-25],"dils":[1.025,0.925,0.875,1.125,0.975,1.075]},{"id":"test","shape":"random","outlier_type":3,"choice":3,"outlierPosition":3,"success":true,"majorityOfMostRegularShapes":false,"rt":5145.5,"rot1":-25,"rot2":25,"rot3":-5,"rot4":-15,"rot5":15,"rot6":5,"dil1":0.875,"dil2":0.975,"dil3":1.025,"dil4":1.075,"dil5":1.125,"dil6":0.925,"rots":[-25,25,-5,-15,15,5],"dils":[0.875,0.975,1.025,1.075,1.125,0.925]},{"id":"test","shape":"kite","outlier_type":3,"choice":2,"outlierPosition":2,"success":true,"majorityOfMostRegularShapes":true,"rt":2278.800000000745,"rot1":5,"rot2":-5,"rot3":25,"rot4":15,"rot5":-15,"rot6":-25,"dil1":1.025,"dil2":0.975,"dil3":1.125,"dil4":0.925,"dil5":0.875,"dil6":1.075,"rots":[5,-5,25,15,-15,-25],"dils":[1.025,0.975,1.125,0.925,0.875,1.075]},{"id":"test","shape":"rightKite","outlier_type":2,"choice":1,"outlierPosition":0,"success":false,"majorityOfMostRegularShapes":true,"rt":1679.6000000014901,"rot1":-5,"rot2":15,"rot3":-25,"rot4":25,"rot5":5,"rot6":-15,"dil1":1.025,"dil2":1.125,"dil3":1.075,"dil4":0.975,"dil5":0.875,"dil6":0.925,"rots":[-5,15,-25,25,5,-15],"dils":[1.025,1.125,1.075,0.975,0.875,0.925]},{"id":"test","shape":"kite","outlier_type":0,"choice":0,"outlierPosition":3,"success":false,"majorityOfMostRegularShapes":true,"rt":5525.300000000745,"rot1":-25,"rot2":-15,"rot3":-5,"rot4":25,"rot5":15,"rot6":5,"dil1":0.925,"dil2":1.125,"dil3":0.875,"dil4":1.025,"dil5":1.075,"dil6":0.975,"rots":[-25,-15,-5,25,15,5],"dils":[0.925,1.125,0.875,1.025,1.075,0.975]}],"desiredDistance":0.3,"trial_type":"oddball-grid","trial_index":5,"time_elapsed":790288,"internal_node_id":"0.0-5.0","score":0.6590909090909091,"early_termination":false}]