[{"rt":2213,"url":"external-consent.html","trial_type":"external-html","trial_index":0,"time_elapsed":2217,"internal_node_id":"0.0-0.0","score":0.7272727272727273,"early_termination":false},{"rt":3116.5,"responses":"{\"Q0\":\"NA\",\"Q1\":\"NA\",\"Q2\":\"NA\"}","trial_type":"survey-text","trial_index":1,"time_elapsed":5336,"internal_node_id":"0.0-1.0","score":0.7272727272727273,"early_termination":false},{"success":true,"trial_type":"fullscreen","trial_index":2,"time_elapsed":8247,"internal_node_id":"0.0-2.0","score":0.7272727272727273,"early_termination":false},{"results":[{"id":"train-images","loop_number":1,"shape":"test10","outlier_type":"NA","choice":4,"outlierPosition":4,"success":true,"majorityOfMostRegularShapes":true,"rt":1613,"rot1":25,"rot2":15,"rot3":5,"rot4":-25,"rot5":-5,"rot6":-15,"dil1":1.025,"dil2":1.125,"dil3":1.075,"dil4":0.875,"dil5":0.925,"dil6":0.975,"rots":[25,15,5,-25,-5,-15],"dils":[1.025,1.125,1.075,0.875,0.925,0.975],"possible_pos":[0,1,2,3,4,5]},{"id":"train-images","loop_number":1,"shape":"test9","outlier_type":"NA","choice":2,"outlierPosition":2,"success":true,"majorityOfMostRegularShapes":true,"rt":1118.7000000011176,"rot1":-15,"rot2":15,"rot3":-5,"rot4":-25,"rot5":5,"rot6":25,"dil1":0.925,"dil2":0.875,"dil3":1.025,"dil4":1.125,"dil5":0.975,"dil6":1.075,"rots":[-15,15,-5,-25,5,25],"dils":[0.925,0.875,1.025,1.125,0.975,1.075],"possible_pos":[0,1,2,3,4,5]},{"id":"train-images","loop_number":1,"shape":"test5","outlier_type":"NA","choice":3,"outlierPosition":3,"success":true,"majorityOfMostRegularShapes":true,"rt":947.2999999988824,"rot1":-5,"rot2":-15,"rot3":25,"rot4":15,"rot5":5,"rot6":-25,"dil1":1.075,"dil2":0.975,"dil3":1.125,"dil4":0.925,"dil5":1.025,"dil6":0.875,"rots":[-5,-15,25,15,5,-25],"dils":[1.075,0.975,1.125,0.925,1.025,0.875],"possible_pos":[0,1,2,3,4,5]},{"id":"train-images","loop_number":1,"shape":"test7","outlier_type":"NA","choice":3,"outlierPosition":3,"success":true,"majorityOfMostRegularShapes":true,"rt":878.1999999992549,"rot1":-25,"rot2":25,"rot3":-5,"rot4":5,"rot5":15,"rot6":-15,"dil1":1.075,"dil2":0.875,"dil3":0.925,"dil4":1.025,"dil5":1.125,"dil6":0.975,"rots":[-25,25,-5,5,15,-15],"dils":[1.075,0.875,0.925,1.025,1.125,0.975],"possible_pos":[0,1,2,3,4,5]},{"id":"train-images","loop_number":1,"shape":"test6","outlier_type":"NA","choice":2,"outlierPosition":2,"success":true,"majorityOfMostRegularShapes":true,"rt":1005.8000000007451,"rot1":-15,"rot2":5,"rot3":-5,"rot4":-25,"rot5":25,"rot6":15,"dil1":1.125,"dil2":1.075,"dil3":1.025,"dil4":0.875,"dil5":0.975,"dil6":0.925,"rots":[-15,5,-5,-25,25,15],"dils":[1.125,1.075,1.025,0.875,0.975,0.925],"possible_pos":[0,1,2,3,4,5]},{"id":"train-images","loop_number":1,"shape":"test7","outlier_type":"NA","choice":3,"outlierPosition":3,"success":true,"majorityOfMostRegularShapes":false,"rt":972.2999999988824,"rot1":-25,"rot2":-5,"rot3":25,"rot4":5,"rot5":15,"rot6":-15,"dil1":0.975,"dil2":1.025,"dil3":0.925,"dil4":0.875,"dil5":1.075,"dil6":1.125,"rots":[-25,-5,25,5,15,-15],"dils":[0.975,1.025,0.925,0.875,1.075,1.125],"possible_pos":[0,1,2,3,4,5]},{"id":"train-images","loop_number":1,"shape":"test9","outlier_type":"NA","choice":2,"outlierPosition":2,"success":true,"majorityOfMostRegularShapes":false,"rt":853,"rot1":-15,"rot2":15,"rot3":-5,"rot4":5,"rot5":25,"rot6":-25,"dil1":1.125,"dil2":0.875,"dil3":0.925,"dil4":1.025,"dil5":0.975,"dil6":1.075,"rots":[-15,15,-5,5,25,-25],"dils":[1.125,0.875,0.925,1.025,0.975,1.075],"possible_pos":[0,1,2,3,4,5]},{"id":"train-images","loop_number":1,"shape":"test6","outlier_type":"NA","choice":1,"outlierPosition":1,"success":true,"majorityOfMostRegularShapes":false,"rt":1468,"rot1":5,"rot2":15,"rot3":-5,"rot4":-25,"rot5":-15,"rot6":25,"dil1":1.025,"dil2":1.125,"dil3":0.925,"dil4":0.875,"dil5":1.075,"dil6":0.975,"rots":[5,15,-5,-25,-15,25],"dils":[1.025,1.125,0.925,0.875,1.075,0.975],"possible_pos":[0,1,2,3,4,5]},{"id":"train-images","loop_number":1,"shape":"test1","outlier_type":"NA","choice":3,"outlierPosition":3,"success":true,"majorityOfMostRegularShapes":false,"rt":855.8000000007451,"rot1":-25,"rot2":-15,"rot3":25,"rot4":15,"rot5":-5,"rot6":5,"dil1":0.875,"dil2":1.025,"dil3":1.075,"dil4":0.975,"dil5":0.925,"dil6":1.125,"rots":[-25,-15,25,15,-5,5],"dils":[0.875,1.025,1.075,0.975,0.925,1.125],"possible_pos":[0,1,2,3,4,5]},{"id":"train-images","loop_number":1,"shape":"test8","outlier_type":"NA","choice":2,"outlierPosition":2,"success":true,"majorityOfMostRegularShapes":true,"rt":815.7000000011176,"rot1":-15,"rot2":-25,"rot3":-5,"rot4":5,"rot5":25,"rot6":15,"dil1":0.925,"dil2":0.975,"dil3":1.075,"dil4":1.025,"dil5":0.875,"dil6":1.125,"rots":[-15,-25,-5,5,25,15],"dils":[0.925,0.975,1.075,1.025,0.875,1.125],"possible_pos":[0,1,2,3,4,5]},{"id":"train-images","loop_number":1,"shape":"test2","outlier_type":"NA","choice":3,"outlierPosition":3,"success":true,"majorityOfMostRegularShapes":false,"rt":816.5,"rot1":-5,"rot2":-15,"rot3":25,"rot4":5,"rot5":15,"rot6":-25,"dil1":0.925,"dil2":1.025,"dil3":1.075,"dil4":0.975,"dil5":1.125,"dil6":0.875,"rots":[-5,-15,25,5,15,-25],"dils":[0.925,1.025,1.075,0.975,1.125,0.875],"possible_pos":[0,1,2,3,4,5]},{"id":"train-images","loop_number":1,"shape":"test10","outlier_type":"NA","choice":2,"outlierPosition":2,"success":true,"majorityOfMostRegularShapes":false,"rt":808.6999999992549,"rot1":5,"rot2":-25,"rot3":-15,"rot4":25,"rot5":-5,"rot6":15,"dil1":0.925,"dil2":1.125,"dil3":0.875,"dil4":1.075,"dil5":0.975,"dil6":1.025,"rots":[5,-25,-15,25,-5,15],"dils":[0.925,1.125,0.875,1.075,0.975,1.025],"possible_pos":[0,1,2,3,4,5]},{"id":"train-images","loop_number":1,"shape":"test3","outlier_type":"NA","choice":5,"outlierPosition":5,"success":true,"majorityOfMostRegularShapes":false,"rt":932.5,"rot1":-25,"rot2":15,"rot3":5,"rot4":25,"rot5":-15,"rot6":-5,"dil1":1.025,"dil2":1.075,"dil3":0.975,"dil4":1.125,"dil5":0.925,"dil6":0.875,"rots":[-25,15,5,25,-15,-5],"dils":[1.025,1.075,0.975,1.125,0.925,0.875],"possible_pos":[0,1,2,3,4,5]},{"id":"train-images","loop_number":1,"shape":"test4","outlier_type":"NA","choice":0,"outlierPosition":0,"success":true,"majorityOfMostRegularShapes":true,"rt":1094.4000000003725,"rot1":-15,"rot2":15,"rot3":-5,"rot4":25,"rot5":5,"rot6":-25,"dil1":1.025,"dil2":1.075,"dil3":0.925,"dil4":0.975,"dil5":1.125,"dil6":0.875,"rots":[-15,15,-5,25,5,-25],"dils":[1.025,1.075,0.925,0.975,1.125,0.875],"possible_pos":[0,1,2,3,4,5]},{"id":"train-images","loop_number":1,"shape":"test1","outlier_type":"NA","choice":2,"outlierPosition":2,"success":true,"majorityOfMostRegularShapes":true,"rt":718.2000000011176,"rot1":-25,"rot2":15,"rot3":25,"rot4":-5,"rot5":-15,"rot6":5,"dil1":0.875,"dil2":1.025,"dil3":1.125,"dil4":0.925,"dil5":0.975,"dil6":1.075,"rots":[-25,15,25,-5,-15,5],"dils":[0.875,1.025,1.125,0.925,0.975,1.075],"possible_pos":[0,1,2,3,4,5]},{"id":"train-images","loop_number":1,"shape":"test2","outlier_type":"NA","choice":0,"outlierPosition":0,"success":true,"majorityOfMostRegularShapes":true,"rt":832.9000000003725,"rot1":5,"rot2":15,"rot3":-25,"rot4":-5,"rot5":25,"rot6":-15,"dil1":0.875,"dil2":1.125,"dil3":1.025,"dil4":0.975,"dil5":0.925,"dil6":1.075,"rots":[5,15,-25,-5,25,-15],"dils":[0.875,1.125,1.025,0.975,0.925,1.075],"possible_pos":[0,1,2,3,4,5]},{"id":"train-images","loop_number":1,"shape":"test3","outlier_type":"NA","choice":3,"outlierPosition":3,"success":true,"majorityOfMostRegularShapes":true,"rt":958,"rot1":-15,"rot2":-5,"rot3":-25,"rot4":25,"rot5":5,"rot6":15,"dil1":0.975,"dil2":1.075,"dil3":1.025,"dil4":1.125,"dil5":0.925,"dil6":0.875,"rots":[-15,-5,-25,25,5,15],"dils":[0.975,1.075,1.025,1.125,0.925,0.875],"possible_pos":[0,1,2,3,4,5]},{"id":"train-images","loop_number":1,"shape":"test4","outlier_type":"NA","choice":4,"outlierPosition":4,"success":true,"majorityOfMostRegularShapes":false,"rt":1360.699999999255,"rot1":-25,"rot2":25,"rot3":5,"rot4":-5,"rot5":-15,"rot6":15,"dil1":0.925,"dil2":0.975,"dil3":1.025,"dil4":1.125,"dil5":1.075,"dil6":0.875,"rots":[-25,25,5,-5,-15,15],"dils":[0.925,0.975,1.025,1.125,1.075,0.875],"possible_pos":[0,1,2,3,4,5]},{"id":"train-images","loop_number":1,"shape":"test5","outlier_type":"NA","choice":0,"outlierPosition":0,"success":true,"majorityOfMostRegularShapes":false,"rt":826.2000000011176,"rot1":15,"rot2":-5,"rot3":25,"rot4":-25,"rot5":-15,"rot6":5,"dil1":0.925,"dil2":0.975,"dil3":0.875,"dil4":1.125,"dil5":1.075,"dil6":1.025,"rots":[15,-5,25,-25,-15,5],"dils":[0.925,0.975,0.875,1.125,1.075,1.025],"possible_pos":[0,1,2,3,4,5]},{"id":"train-images","loop_number":1,"shape":"test8","outlier_type":"NA","choice":5,"outlierPosition":5,"success":true,"majorityOfMostRegularShapes":false,"rt":705.8000000007451,"rot1":5,"rot2":-25,"rot3":15,"rot4":25,"rot5":-15,"rot6":-5,"dil1":1.125,"dil2":1.025,"dil3":1.075,"dil4":0.975,"dil5":0.875,"dil6":0.925,"rots":[5,-25,15,25,-15,-5],"dils":[1.125,1.025,1.075,0.975,0.875,0.925],"possible_pos":[0,1,2,3,4,5]}],"trial_type":"oddball-grid-image","trial_index":3,"time_elapsed":436006,"internal_node_id":"0.0-3.0","score":0.7272727272727273,"early_termination":false},{"results":[{"id":"gen2","loop_number":1,"shape":0,"outlier_type":"NA","choice":1,"outlierPosition":1,"success":true,"majorityOfMostRegularShapes":false,"rt":755.2000000011176,"rot1":15,"rot2":-25,"rot3":25,"rot4":-15,"rot5":5,"rot6":-5,"dil1":0.975,"dil2":0.925,"dil3":1.025,"dil4":1.075,"dil5":1.125,"dil6":0.875,"rots":[15,-25,25,-15,5,-5],"dils":[0.975,0.925,1.025,1.075,1.125,0.875]},{"id":"gen2","loop_number":1,"shape":1,"outlier_type":"NA","choice":0,"outlierPosition":0,"success":true,"majorityOfMostRegularShapes":true,"rt":822.4000000003725,"rot1":25,"rot2":5,"rot3":-25,"rot4":-15,"rot5":-5,"rot6":15,"dil1":1.025,"dil2":0.975,"dil3":0.925,"dil4":1.125,"dil5":1.075,"dil6":0.875,"rots":[25,5,-25,-15,-5,15],"dils":[1.025,0.975,0.925,1.125,1.075,0.875]},{"id":"gen2","loop_number":1,"shape":2,"outlier_type":"NA","choice":0,"outlierPosition":0,"success":true,"majorityOfMostRegularShapes":true,"rt":946.6000000014901,"rot1":-15,"rot2":5,"rot3":15,"rot4":-25,"rot5":25,"rot6":-5,"dil1":0.875,"dil2":0.975,"dil3":0.925,"dil4":1.075,"dil5":1.125,"dil6":1.025,"rots":[-15,5,15,-25,25,-5],"dils":[0.875,0.975,0.925,1.075,1.125,1.025]},{"id":"gen2","loop_number":1,"shape":0,"outlier_type":"NA","choice":1,"outlierPosition":1,"success":true,"majorityOfMostRegularShapes":false,"rt":749.5999999996275,"rot1":-25,"rot2":-5,"rot3":25,"rot4":-15,"rot5":5,"rot6":15,"dil1":1.075,"dil2":0.975,"dil3":1.125,"dil4":0.875,"dil5":0.925,"dil6":1.025,"rots":[-25,-5,25,-15,5,15],"dils":[1.075,0.975,1.125,0.875,0.925,1.025]},{"id":"gen2","loop_number":1,"shape":1,"outlier_type":"NA","choice":0,"outlierPosition":0,"success":true,"majorityOfMostRegularShapes":false,"rt":829.6999999992549,"rot1":-15,"rot2":25,"rot3":-5,"rot4":5,"rot5":15,"rot6":-25,"dil1":1.025,"dil2":1.075,"dil3":1.125,"dil4":0.875,"dil5":0.975,"dil6":0.925,"rots":[-15,25,-5,5,15,-25],"dils":[1.025,1.075,1.125,0.875,0.975,0.925]},{"id":"gen2","loop_number":1,"shape":0,"outlier_type":"NA","choice":0,"outlierPosition":0,"success":true,"majorityOfMostRegularShapes":true,"rt":980.7999999988824,"rot1":-5,"rot2":15,"rot3":-15,"rot4":5,"rot5":25,"rot6":-25,"dil1":1.125,"dil2":0.875,"dil3":1.075,"dil4":1.025,"dil5":0.975,"dil6":0.925,"rots":[-5,15,-15,5,25,-25],"dils":[1.125,0.875,1.075,1.025,0.975,0.925]},{"id":"gen2","loop_number":1,"shape":1,"outlier_type":"NA","choice":3,"outlierPosition":3,"success":true,"majorityOfMostRegularShapes":false,"rt":811,"rot1":-25,"rot2":-5,"rot3":5,"rot4":15,"rot5":25,"rot6":-15,"dil1":0.975,"dil2":0.875,"dil3":1.125,"dil4":1.075,"dil5":0.925,"dil6":1.025,"rots":[-25,-5,5,15,25,-15],"dils":[0.975,0.875,1.125,1.075,0.925,1.025]},{"id":"gen2","loop_number":1,"shape":2,"outlier_type":"NA","choice":3,"outlierPosition":3,"success":true,"majorityOfMostRegularShapes":false,"rt":838.5,"rot1":-15,"rot2":25,"rot3":-5,"rot4":15,"rot5":-25,"rot6":5,"dil1":1.025,"dil2":0.875,"dil3":0.925,"dil4":0.975,"dil5":1.125,"dil6":1.075,"rots":[-15,25,-5,15,-25,5],"dils":[1.025,0.875,0.925,0.975,1.125,1.075]},{"id":"gen2","loop_number":1,"shape":0,"outlier_type":"NA","choice":4,"outlierPosition":4,"success":true,"majorityOfMostRegularShapes":false,"rt":720.3000000007451,"rot1":-25,"rot2":-5,"rot3":15,"rot4":-15,"rot5":5,"rot6":25,"dil1":1.075,"dil2":0.875,"dil3":1.025,"dil4":0.925,"dil5":0.975,"dil6":1.125,"rots":[-25,-5,15,-15,5,25],"dils":[1.075,0.875,1.025,0.925,0.975,1.125]},{"id":"gen2","loop_number":1,"shape":2,"outlier_type":"NA","choice":4,"outlierPosition":4,"success":true,"majorityOfMostRegularShapes":false,"rt":684.5999999996275,"rot1":25,"rot2":5,"rot3":-5,"rot4":-15,"rot5":-25,"rot6":15,"dil1":1.025,"dil2":0.925,"dil3":0.875,"dil4":1.075,"dil5":0.975,"dil6":1.125,"rots":[25,5,-5,-15,-25,15],"dils":[1.025,0.925,0.875,1.075,0.975,1.125]},{"id":"gen2","loop_number":1,"shape":0,"outlier_type":"NA","choice":4,"outlierPosition":4,"success":true,"majorityOfMostRegularShapes":true,"rt":826.5,"rot1":-15,"rot2":15,"rot3":5,"rot4":25,"rot5":-25,"rot6":-5,"dil1":0.975,"dil2":0.875,"dil3":1.125,"dil4":0.925,"dil5":1.025,"dil6":1.075,"rots":[-15,15,5,25,-25,-5],"dils":[0.975,0.875,1.125,0.925,1.025,1.075]},{"id":"gen2","loop_number":1,"shape":2,"outlier_type":"NA","choice":1,"outlierPosition":1,"success":true,"majorityOfMostRegularShapes":true,"rt":748,"rot1":15,"rot2":5,"rot3":-25,"rot4":-15,"rot5":25,"rot6":-5,"dil1":0.975,"dil2":0.875,"dil3":0.925,"dil4":1.025,"dil5":1.125,"dil6":1.075,"rots":[15,5,-25,-15,25,-5],"dils":[0.975,0.875,0.925,1.025,1.125,1.075]},{"id":"gen2","loop_number":1,"shape":0,"outlier_type":"NA","choice":0,"outlierPosition":0,"success":true,"majorityOfMostRegularShapes":true,"rt":882.3999999985099,"rot1":15,"rot2":-25,"rot3":5,"rot4":-15,"rot5":25,"rot6":-5,"dil1":1.075,"dil2":0.875,"dil3":1.025,"dil4":0.975,"dil5":1.125,"dil6":0.925,"rots":[15,-25,5,-15,25,-5],"dils":[1.075,0.875,1.025,0.975,1.125,0.925]},{"id":"gen2","loop_number":1,"shape":2,"outlier_type":"NA","choice":0,"outlierPosition":0,"success":true,"majorityOfMostRegularShapes":false,"rt":1014.5,"rot1":15,"rot2":-5,"rot3":-25,"rot4":25,"rot5":5,"rot6":-15,"dil1":1.075,"dil2":0.875,"dil3":1.025,"dil4":0.975,"dil5":0.925,"dil6":1.125,"rots":[15,-5,-25,25,5,-15],"dils":[1.075,0.875,1.025,0.975,0.925,1.125]},{"id":"gen2","loop_number":1,"shape":1,"outlier_type":"NA","choice":3,"outlierPosition":3,"success":true,"majorityOfMostRegularShapes":true,"rt":723.3999999985099,"rot1":-15,"rot2":-25,"rot3":-5,"rot4":25,"rot5":15,"rot6":5,"dil1":0.975,"dil2":0.925,"dil3":1.125,"dil4":1.025,"dil5":0.875,"dil6":1.075,"rots":[-15,-25,-5,25,15,5],"dils":[0.975,0.925,1.125,1.025,0.875,1.075]},{"id":"gen2","loop_number":1,"shape":2,"outlier_type":"NA","choice":1,"outlierPosition":1,"success":true,"majorityOfMostRegularShapes":true,"rt":769.1999999992549,"rot1":25,"rot2":5,"rot3":-5,"rot4":-25,"rot5":-15,"rot6":15,"dil1":1.125,"dil2":1.025,"dil3":1.075,"dil4":0.925,"dil5":0.975,"dil6":0.875,"rots":[25,5,-5,-25,-15,15],"dils":[1.125,1.025,1.075,0.925,0.975,0.875]},{"id":"gen2","loop_number":1,"shape":1,"outlier_type":"NA","choice":1,"outlierPosition":1,"success":true,"majorityOfMostRegularShapes":false,"rt":675.9000000003725,"rot1":-5,"rot2":-15,"rot3":25,"rot4":15,"rot5":5,"rot6":-25,"dil1":1.075,"dil2":1.125,"dil3":1.025,"dil4":0.925,"dil5":0.875,"dil6":0.975,"rots":[-5,-15,25,15,5,-25],"dils":[1.075,1.125,1.025,0.925,0.875,0.975]},{"id":"gen2","loop_number":1,"shape":1,"outlier_type":"NA","choice":3,"outlierPosition":3,"success":true,"majorityOfMostRegularShapes":true,"rt":817.5999999996275,"rot1":-5,"rot2":-25,"rot3":-15,"rot4":25,"rot5":5,"rot6":15,"dil1":1.125,"dil2":1.075,"dil3":0.925,"dil4":0.975,"dil5":0.875,"dil6":1.025,"rots":[-5,-25,-15,25,5,15],"dils":[1.125,1.075,0.925,0.975,0.875,1.025]}],"trial_type":"oddball-grid-easy","trial_index":4,"time_elapsed":477240,"internal_node_id":"0.0-4.0","score":0.7272727272727273,"early_termination":false},{"results":[{"id":"test","shape":"random","outlier_type":3,"choice":3,"outlierPosition":1,"success":false,"majorityOfMostRegularShapes":false,"rt":1705.5999999996275,"rot1":-15,"rot2":5,"rot3":25,"rot4":-25,"rot5":15,"rot6":-5,"dil1":1.125,"dil2":0.975,"dil3":1.025,"dil4":1.075,"dil5":0.925,"dil6":0.875,"rots":[-15,5,25,-25,15,-5],"dils":[1.125,0.975,1.025,1.075,0.925,0.875]},{"id":"test","shape":"trapezoid","outlier_type":0,"choice":5,"outlierPosition":5,"success":true,"majorityOfMostRegularShapes":false,"rt":1789.699999999255,"rot1":-25,"rot2":25,"rot3":5,"rot4":15,"rot5":-15,"rot6":-5,"dil1":1.075,"dil2":0.875,"dil3":1.025,"dil4":0.975,"dil5":0.925,"dil6":1.125,"rots":[-25,25,5,15,-15,-5],"dils":[1.075,0.875,1.025,0.975,0.925,1.125]},{"id":"test","shape":"isoTrapezoid","outlier_type":2,"choice":1,"outlierPosition":1,"success":true,"majorityOfMostRegularShapes":true,"rt":3545.0999999996275,"rot1":25,"rot2":-5,"rot3":15,"rot4":5,"rot5":-15,"rot6":-25,"dil1":0.875,"dil2":0.975,"dil3":0.925,"dil4":1.025,"dil5":1.125,"dil6":1.075,"rots":[25,-5,15,5,-15,-25],"dils":[0.875,0.975,0.925,1.025,1.125,1.075]},{"id":"test","shape":"rectangle","outlier_type":0,"choice":3,"outlierPosition":3,"success":true,"majorityOfMostRegularShapes":true,"rt":1583.800000000745,"rot1":-5,"rot2":25,"rot3":-15,"rot4":15,"rot5":5,"rot6":-25,"dil1":1.025,"dil2":1.075,"dil3":0.875,"dil4":0.925,"dil5":0.975,"dil6":1.125,"rots":[-5,25,-15,15,5,-25],"dils":[1.025,1.075,0.875,0.925,0.975,1.125]},{"id":"test","shape":"trapezoid","outlier_type":3,"choice":0,"outlierPosition":2,"success":false,"majorityOfMostRegularShapes":false,"rt":2534.699999999255,"rot1":25,"rot2":-25,"rot3":15,"rot4":-5,"rot5":-15,"rot6":5,"dil1":0.875,"dil2":0.925,"dil3":1.025,"dil4":1.125,"dil5":0.975,"dil6":1.075,"rots":[25,-25,15,-5,-15,5],"dils":[0.875,0.925,1.025,1.125,0.975,1.075]},{"id":"test","shape":"hinge","outlier_type":1,"choice":5,"outlierPosition":1,"success":false,"majorityOfMostRegularShapes":false,"rt":5720.200000001118,"rot1":15,"rot2":-25,"rot3":-15,"rot4":-5,"rot5":5,"rot6":25,"dil1":1.025,"dil2":0.925,"dil3":1.125,"dil4":0.875,"dil5":0.975,"dil6":1.075,"rots":[15,-25,-15,-5,5,25],"dils":[1.025,0.925,1.125,0.875,0.975,1.075]},{"id":"test","shape":"random","outlier_type":0,"choice":3,"outlierPosition":5,"success":false,"majorityOfMostRegularShapes":false,"rt":2871.0999999996275,"rot1":-15,"rot2":-25,"rot3":15,"rot4":25,"rot5":5,"rot6":-5,"dil1":1.075,"dil2":1.125,"dil3":0.925,"dil4":0.875,"dil5":0.975,"dil6":1.025,"rots":[-15,-25,15,25,5,-5],"dils":[1.075,1.125,0.925,0.875,0.975,1.025]},{"id":"test","shape":"rightKite","outlier_type":3,"choice":1,"outlierPosition":1,"success":true,"majorityOfMostRegularShapes":false,"rt":2359,"rot1":-25,"rot2":-5,"rot3":25,"rot4":-15,"rot5":15,"rot6":5,"dil1":0.925,"dil2":1.125,"dil3":1.075,"dil4":0.975,"dil5":0.875,"dil6":1.025,"rots":[-25,-5,25,-15,15,5],"dils":[0.925,1.125,1.075,0.975,0.875,1.025]},{"id":"test","shape":"trapezoid","outlier_type":1,"choice":5,"outlierPosition":5,"success":true,"majorityOfMostRegularShapes":true,"rt":1216.5999999996275,"rot1":25,"rot2":5,"rot3":-25,"rot4":15,"rot5":-15,"rot6":-5,"dil1":1.075,"dil2":0.925,"dil3":1.025,"dil4":0.975,"dil5":1.125,"dil6":0.875,"rots":[25,5,-25,15,-15,-5],"dils":[1.075,0.925,1.025,0.975,1.125,0.875]},{"id":"test","shape":"square","outlier_type":0,"choice":0,"outlierPosition":0,"success":true,"majorityOfMostRegularShapes":true,"rt":1741.5,"rot1":5,"rot2":15,"rot3":-25,"rot4":25,"rot5":-5,"rot6":-15,"dil1":1.125,"dil2":0.975,"dil3":1.025,"dil4":1.075,"dil5":0.925,"dil6":0.875,"rots":[5,15,-25,25,-5,-15],"dils":[1.125,0.975,1.025,1.075,0.925,0.875]},{"id":"test","shape":"rectangle","outlier_type":1,"choice":4,"outlierPosition":4,"success":true,"majorityOfMostRegularShapes":true,"rt":1105.7999999988824,"rot1":25,"rot2":-25,"rot3":15,"rot4":-5,"rot5":-15,"rot6":5,"dil1":0.975,"dil2":1.025,"dil3":0.875,"dil4":1.125,"dil5":0.925,"dil6":1.075,"rots":[25,-25,15,-5,-15,5],"dils":[0.975,1.025,0.875,1.125,0.925,1.075]},{"id":"test","shape":"rustedHinge","outlier_type":3,"choice":5,"outlierPosition":5,"success":true,"majorityOfMostRegularShapes":false,"rt":2457.5999999996275,"rot1":15,"rot2":-25,"rot3":5,"rot4":25,"rot5":-5,"rot6":-15,"dil1":0.875,"dil2":1.075,"dil3":1.125,"dil4":0.975,"dil5":1.025,"dil6":0.925,"rots":[15,-25,5,25,-5,-15],"dils":[0.875,1.075,1.125,0.975,1.025,0.925]},{"id":"test","shape":"random","outlier_type":2,"choice":3,"outlierPosition":3,"success":true,"majorityOfMostRegularShapes":false,"rt":2194.7000000011176,"rot1":25,"rot2":5,"rot3":-5,"rot4":-15,"rot5":15,"rot6":-25,"dil1":1.125,"dil2":0.875,"dil3":1.025,"dil4":0.975,"dil5":0.925,"dil6":1.075,"rots":[25,5,-5,-15,15,-25],"dils":[1.125,0.875,1.025,0.975,0.925,1.075]},{"id":"test","shape":"rustedHinge","outlier_type":0,"choice":1,"outlierPosition":1,"success":true,"majorityOfMostRegularShapes":true,"rt":1670.0999999996275,"rot1":-5,"rot2":-25,"rot3":15,"rot4":5,"rot5":25,"rot6":-15,"dil1":0.875,"dil2":1.125,"dil3":1.025,"dil4":1.075,"dil5":0.975,"dil6":0.925,"rots":[-5,-25,15,5,25,-15],"dils":[0.875,1.125,1.025,1.075,0.975,0.925]},{"id":"test","shape":"trapezoid","outlier_type":2,"choice":1,"outlierPosition":1,"success":true,"majorityOfMostRegularShapes":true,"rt":2541.300000000745,"rot1":15,"rot2":-25,"rot3":-5,"rot4":25,"rot5":5,"rot6":-15,"dil1":1.025,"dil2":1.125,"dil3":0.925,"dil4":1.075,"dil5":0.975,"dil6":0.875,"rots":[15,-25,-5,25,5,-15],"dils":[1.025,1.125,0.925,1.075,0.975,0.875]},{"id":"test","shape":"parallelogram","outlier_type":1,"choice":2,"outlierPosition":2,"success":true,"majorityOfMostRegularShapes":false,"rt":1968.7999999988824,"rot1":25,"rot2":15,"rot3":5,"rot4":-5,"rot5":-15,"rot6":-25,"dil1":1.125,"dil2":0.875,"dil3":1.075,"dil4":0.925,"dil5":1.025,"dil6":0.975,"rots":[25,15,5,-5,-15,-25],"dils":[1.125,0.875,1.075,0.925,1.025,0.975]},{"id":"test","shape":"random","outlier_type":3,"choice":3,"outlierPosition":3,"success":true,"majorityOfMostRegularShapes":true,"rt":2104.199999999255,"rot1":-5,"rot2":-25,"rot3":5,"rot4":25,"rot5":15,"rot6":-15,"dil1":0.925,"dil2":1.075,"dil3":0.975,"dil4":0.875,"dil5":1.125,"dil6":1.025,"rots":[-5,-25,5,25,15,-15],"dils":[0.925,1.075,0.975,0.875,1.125,1.025]},{"id":"test","shape":"rightKite","outlier_type":2,"choice":5,"outlierPosition":5,"success":true,"majorityOfMostRegularShapes":true,"rt":2687.5999999996275,"rot1":5,"rot2":-15,"rot3":-25,"rot4":25,"rot5":15,"rot6":-5,"dil1":1.025,"dil2":0.875,"dil3":0.925,"dil4":1.075,"dil5":1.125,"dil6":0.975,"rots":[5,-15,-25,25,15,-5],"dils":[1.025,0.875,0.925,1.075,1.125,0.975]},{"id":"test","shape":"random","outlier_type":1,"choice":1,"outlierPosition":1,"success":true,"majorityOfMostRegularShapes":true,"rt":3103.60000000149,"rot1":25,"rot2":5,"rot3":15,"rot4":-15,"rot5":-5,"rot6":-25,"dil1":0.975,"dil2":0.925,"dil3":1.025,"dil4":0.875,"dil5":1.125,"dil6":1.075,"rots":[25,5,15,-15,-5,-25],"dils":[0.975,0.925,1.025,0.875,1.125,1.075]},{"id":"test","shape":"hinge","outlier_type":0,"choice":0,"outlierPosition":3,"success":false,"majorityOfMostRegularShapes":false,"rt":2581.699999999255,"rot1":5,"rot2":-25,"rot3":25,"rot4":15,"rot5":-15,"rot6":-5,"dil1":1.125,"dil2":0.975,"dil3":1.025,"dil4":1.075,"dil5":0.875,"dil6":0.925,"rots":[5,-25,25,15,-15,-5],"dils":[1.125,0.975,1.025,1.075,0.875,0.925]},{"id":"test","shape":"square","outlier_type":3,"choice":4,"outlierPosition":4,"success":true,"majorityOfMostRegularShapes":false,"rt":1286,"rot1":-15,"rot2":15,"rot3":5,"rot4":-25,"rot5":-5,"rot6":25,"dil1":0.875,"dil2":1.075,"dil3":1.125,"dil4":1.025,"dil5":0.925,"dil6":0.975,"rots":[-15,15,5,-25,-5,25],"dils":[0.875,1.075,1.125,1.025,0.925,0.975]},{"id":"test","shape":"isoTrapezoid","outlier_type":2,"choice":1,"outlierPosition":0,"success":false,"majorityOfMostRegularShapes":false,"rt":1812.6000000014901,"rot1":25,"rot2":15,"rot3":-25,"rot4":5,"rot5":-5,"rot6":-15,"dil1":0.875,"dil2":0.975,"dil3":0.925,"dil4":1.025,"dil5":1.125,"dil6":1.075,"rots":[25,15,-25,5,-5,-15],"dils":[0.875,0.975,0.925,1.025,1.125,1.075]},{"id":"test","shape":"losange","outlier_type":1,"choice":3,"outlierPosition":3,"success":true,"majorityOfMostRegularShapes":true,"rt":1116.4000000003725,"rot1":-25,"rot2":-15,"rot3":15,"rot4":-5,"rot5":25,"rot6":5,"dil1":1.025,"dil2":0.975,"dil3":0.875,"dil4":0.925,"dil5":1.125,"dil6":1.075,"rots":[-25,-15,15,-5,25,5],"dils":[1.025,0.975,0.875,0.925,1.125,1.075]},{"id":"test","shape":"kite","outlier_type":0,"choice":0,"outlierPosition":4,"success":false,"majorityOfMostRegularShapes":false,"rt":1928.9000000003725,"rot1":-25,"rot2":15,"rot3":25,"rot4":5,"rot5":-15,"rot6":-5,"dil1":0.925,"dil2":1.125,"dil3":1.025,"dil4":0.975,"dil5":1.075,"dil6":0.875,"rots":[-25,15,25,5,-15,-5],"dils":[0.925,1.125,1.025,0.975,1.075,0.875]},{"id":"test","shape":"trapezoid","outlier_type":2,"choice":3,"outlierPosition":0,"success":false,"majorityOfMostRegularShapes":false,"rt":2105.89999999851,"rot1":-15,"rot2":-5,"rot3":25,"rot4":15,"rot5":-25,"rot6":5,"dil1":0.975,"dil2":0.925,"dil3":0.875,"dil4":1.125,"dil5":1.025,"dil6":1.075,"rots":[-15,-5,25,15,-25,5],"dils":[0.975,0.925,0.875,1.125,1.025,1.075]},{"id":"test","shape":"isoTrapezoid","outlier_type":0,"choice":3,"outlierPosition":5,"success":false,"majorityOfMostRegularShapes":false,"rt":1661.699999999255,"rot1":25,"rot2":-15,"rot3":-5,"rot4":15,"rot5":-25,"rot6":5,"dil1":1.025,"dil2":0.925,"dil3":1.125,"dil4":0.875,"dil5":1.075,"dil6":0.975,"rots":[25,-15,-5,15,-25,5],"dils":[1.025,0.925,1.125,0.875,1.075,0.975]},{"id":"test","shape":"square","outlier_type":1,"choice":5,"outlierPosition":5,"success":true,"majorityOfMostRegularShapes":false,"rt":1598.2000000011176,"rot1":-15,"rot2":-5,"rot3":-25,"rot4":5,"rot5":15,"rot6":25,"dil1":1.025,"dil2":0.925,"dil3":1.075,"dil4":0.975,"dil5":0.875,"dil6":1.125,"rots":[-15,-5,-25,5,15,25],"dils":[1.025,0.925,1.075,0.975,0.875,1.125]},{"id":"test","shape":"hinge","outlier_type":2,"choice":0,"outlierPosition":4,"success":false,"majorityOfMostRegularShapes":true,"rt":2807.300000000745,"rot1":25,"rot2":15,"rot3":5,"rot4":-5,"rot5":-15,"rot6":-25,"dil1":0.875,"dil2":0.975,"dil3":1.075,"dil4":0.925,"dil5":1.125,"dil6":1.025,"rots":[25,15,5,-5,-15,-25],"dils":[0.875,0.975,1.075,0.925,1.125,1.025]},{"id":"test","shape":"parallelogram","outlier_type":0,"choice":0,"outlierPosition":0,"success":true,"majorityOfMostRegularShapes":false,"rt":2854.199999999255,"rot1":5,"rot2":25,"rot3":-25,"rot4":-15,"rot5":-5,"rot6":15,"dil1":0.925,"dil2":1.075,"dil3":0.875,"dil4":0.975,"dil5":1.025,"dil6":1.125,"rots":[5,25,-25,-15,-5,15],"dils":[0.925,1.075,0.875,0.975,1.025,1.125]},{"id":"test","shape":"rustedHinge","outlier_type":3,"choice":3,"outlierPosition":3,"success":true,"majorityOfMostRegularShapes":true,"rt":3280.9000000003725,"rot1":5,"rot2":-25,"rot3":25,"rot4":-15,"rot5":15,"rot6":-5,"dil1":0.925,"dil2":1.125,"dil3":0.875,"dil4":1.025,"dil5":1.075,"dil6":0.975,"rots":[5,-25,25,-15,15,-5],"dils":[0.925,1.125,0.875,1.025,1.075,0.975]},{"id":"test","shape":"rustedHinge","outlier_type":0,"choice":3,"outlierPosition":0,"success":false,"majorityOfMostRegularShapes":false,"rt":2495.5,"rot1":15,"rot2":-25,"rot3":5,"rot4":-15,"rot5":-5,"rot6":25,"dil1":0.925,"dil2":1.075,"dil3":0.975,"dil4":1.025,"dil5":1.125,"dil6":0.875,"rots":[15,-25,5,-15,-5,25],"dils":[0.925,1.075,0.975,1.025,1.125,0.875]},{"id":"test","shape":"losange","outlier_type":2,"choice":0,"outlierPosition":0,"success":true,"majorityOfMostRegularShapes":false,"rt":4221.39999999851,"rot1":-15,"rot2":-5,"rot3":-25,"rot4":5,"rot5":25,"rot6":15,"dil1":1.025,"dil2":0.925,"dil3":1.125,"dil4":0.975,"dil5":0.875,"dil6":1.075,"rots":[-15,-5,-25,5,25,15],"dils":[1.025,0.925,1.125,0.975,0.875,1.075]},{"id":"test","shape":"kite","outlier_type":1,"choice":4,"outlierPosition":4,"success":true,"majorityOfMostRegularShapes":false,"rt":2437.199999999255,"rot1":-5,"rot2":5,"rot3":25,"rot4":-15,"rot5":-25,"rot6":15,"dil1":1.075,"dil2":0.875,"dil3":0.975,"dil4":1.125,"dil5":1.025,"dil6":0.925,"rots":[-5,5,25,-15,-25,15],"dils":[1.075,0.875,0.975,1.125,1.025,0.925]},{"id":"test","shape":"isoTrapezoid","outlier_type":3,"choice":2,"outlierPosition":2,"success":true,"majorityOfMostRegularShapes":true,"rt":2127.0999999996275,"rot1":25,"rot2":15,"rot3":-15,"rot4":-5,"rot5":5,"rot6":-25,"dil1":0.875,"dil2":0.925,"dil3":1.125,"dil4":0.975,"dil5":1.075,"dil6":1.025,"rots":[25,15,-15,-5,5,-25],"dils":[0.875,0.925,1.125,0.975,1.075,1.025]},{"id":"test","shape":"rectangle","outlier_type":2,"choice":5,"outlierPosition":5,"success":true,"majorityOfMostRegularShapes":false,"rt":2794.5999999996275,"rot1":-5,"rot2":25,"rot3":5,"rot4":15,"rot5":-25,"rot6":-15,"dil1":1.125,"dil2":0.975,"dil3":0.875,"dil4":0.925,"dil5":1.025,"dil6":1.075,"rots":[-5,25,5,15,-25,-15],"dils":[1.125,0.975,0.875,0.925,1.025,1.075]},{"id":"test","shape":"parallelogram","outlier_type":3,"choice":5,"outlierPosition":5,"success":true,"majorityOfMostRegularShapes":true,"rt":1993.0999999996275,"rot1":15,"rot2":25,"rot3":-25,"rot4":5,"rot5":-5,"rot6":-15,"dil1":0.875,"dil2":1.075,"dil3":1.125,"dil4":1.025,"dil5":0.925,"dil6":0.975,"rots":[15,25,-25,5,-5,-15],"dils":[0.875,1.075,1.125,1.025,0.925,0.975]},{"id":"test","shape":"kite","outlier_type":2,"choice":5,"outlierPosition":5,"success":true,"majorityOfMostRegularShapes":true,"rt":2060,"rot1":-25,"rot2":25,"rot3":15,"rot4":-5,"rot5":-15,"rot6":5,"dil1":0.875,"dil2":0.925,"dil3":1.075,"dil4":1.025,"dil5":0.975,"dil6":1.125,"rots":[-25,25,15,-5,-15,5],"dils":[0.875,0.925,1.075,1.025,0.975,1.125]},{"id":"test","shape":"rightKite","outlier_type":1,"choice":3,"outlierPosition":1,"success":false,"majorityOfMostRegularShapes":false,"rt":2606.7000000011176,"rot1":-25,"rot2":-15,"rot3":15,"rot4":25,"rot5":5,"rot6":-5,"dil1":0.875,"dil2":1.075,"dil3":1.125,"dil4":1.025,"dil5":0.975,"dil6":0.925,"rots":[-25,-15,15,25,5,-5],"dils":[0.875,1.075,1.125,1.025,0.975,0.925]},{"id":"test","shape":"trapezoid","outlier_type":0,"choice":0,"outlierPosition":5,"success":false,"majorityOfMostRegularShapes":true,"rt":2710,"rot1":-25,"rot2":15,"rot3":25,"rot4":-15,"rot5":-5,"rot6":5,"dil1":0.925,"dil2":1.075,"dil3":1.025,"dil4":1.125,"dil5":0.975,"dil6":0.875,"rots":[-25,15,25,-15,-5,5],"dils":[0.925,1.075,1.025,1.125,0.975,0.875]},{"id":"test","shape":"losange","outlier_type":2,"choice":0,"outlierPosition":0,"success":true,"majorityOfMostRegularShapes":true,"rt":1821.9000000003725,"rot1":-5,"rot2":-25,"rot3":5,"rot4":-15,"rot5":25,"rot6":15,"dil1":1.075,"dil2":1.025,"dil3":1.125,"dil4":0.875,"dil5":0.975,"dil6":0.925,"rots":[-5,-25,5,-15,25,15],"dils":[1.075,1.025,1.125,0.875,0.975,0.925]},{"id":"test","shape":"isoTrapezoid","outlier_type":1,"choice":4,"outlierPosition":4,"success":true,"majorityOfMostRegularShapes":true,"rt":2062,"rot1":-25,"rot2":25,"rot3":15,"rot4":-15,"rot5":5,"rot6":-5,"dil1":1.075,"dil2":1.125,"dil3":0.875,"dil4":0.925,"dil5":1.025,"dil6":0.975,"rots":[-25,25,15,-15,5,-5],"dils":[1.075,1.125,0.875,0.925,1.025,0.975]},{"id":"test","shape":"parallelogram","outlier_type":2,"choice":1,"outlierPosition":1,"success":true,"majorityOfMostRegularShapes":true,"rt":2106.0999999996275,"rot1":-15,"rot2":15,"rot3":-25,"rot4":5,"rot5":-5,"rot6":25,"dil1":1.125,"dil2":1.025,"dil3":0.925,"dil4":0.875,"dil5":1.075,"dil6":0.975,"rots":[-15,15,-25,5,-5,25],"dils":[1.125,1.025,0.925,0.875,1.075,0.975]},{"id":"test","shape":"kite","outlier_type":3,"choice":2,"outlierPosition":2,"success":true,"majorityOfMostRegularShapes":true,"rt":3030.699999999255,"rot1":5,"rot2":-5,"rot3":25,"rot4":15,"rot5":-25,"rot6":-15,"dil1":1.075,"dil2":1.025,"dil3":0.925,"dil4":0.875,"dil5":1.125,"dil6":0.975,"rots":[5,-5,25,15,-25,-15],"dils":[1.075,1.025,0.925,0.875,1.125,0.975]},{"id":"test","shape":"trapezoid","outlier_type":1,"choice":5,"outlierPosition":5,"success":true,"majorityOfMostRegularShapes":false,"rt":2395.199999999255,"rot1":-5,"rot2":15,"rot3":-15,"rot4":25,"rot5":-25,"rot6":5,"dil1":1.025,"dil2":0.975,"dil3":0.925,"dil4":0.875,"dil5":1.075,"dil6":1.125,"rots":[-5,15,-15,25,-25,5],"dils":[1.025,0.975,0.925,0.875,1.075,1.125]},{"id":"test","shape":"random","outlier_type":0,"choice":2,"outlierPosition":3,"success":false,"majorityOfMostRegularShapes":true,"rt":3925.0999999996275,"rot1":25,"rot2":15,"rot3":5,"rot4":-5,"rot5":-15,"rot6":-25,"dil1":1.075,"dil2":0.975,"dil3":0.875,"dil4":0.925,"dil5":1.125,"dil6":1.025,"rots":[25,15,5,-5,-15,-25],"dils":[1.075,0.975,0.875,0.925,1.125,1.025]},{"id":"test","shape":"isoTrapezoid","outlier_type":1,"choice":2,"outlierPosition":2,"success":true,"majorityOfMostRegularShapes":false,"rt":3254.9000000003725,"rot1":25,"rot2":15,"rot3":-5,"rot4":-25,"rot5":5,"rot6":-15,"dil1":0.875,"dil2":1.125,"dil3":0.975,"dil4":1.025,"dil5":1.075,"dil6":0.925,"rots":[25,15,-5,-25,5,-15],"dils":[0.875,1.125,0.975,1.025,1.075,0.925]},{"id":"test","shape":"losange","outlier_type":0,"choice":1,"outlierPosition":1,"success":true,"majorityOfMostRegularShapes":true,"rt":2807.9000000003725,"rot1":15,"rot2":-25,"rot3":25,"rot4":5,"rot5":-15,"rot6":-5,"dil1":0.975,"dil2":1.125,"dil3":0.925,"dil4":1.075,"dil5":1.025,"dil6":0.875,"rots":[15,-25,25,5,-15,-5],"dils":[0.975,1.125,0.925,1.075,1.025,0.875]},{"id":"test","shape":"parallelogram","outlier_type":3,"choice":2,"outlierPosition":2,"success":true,"majorityOfMostRegularShapes":false,"rt":1948,"rot1":15,"rot2":-25,"rot3":25,"rot4":-15,"rot5":-5,"rot6":5,"dil1":0.975,"dil2":0.925,"dil3":1.125,"dil4":0.875,"dil5":1.025,"dil6":1.075,"rots":[15,-25,25,-15,-5,5],"dils":[0.975,0.925,1.125,0.875,1.025,1.075]},{"id":"test","shape":"square","outlier_type":2,"choice":0,"outlierPosition":0,"success":true,"majorityOfMostRegularShapes":true,"rt":1181.2000000011176,"rot1":-5,"rot2":15,"rot3":25,"rot4":-15,"rot5":-25,"rot6":5,"dil1":0.925,"dil2":0.975,"dil3":1.125,"dil4":1.025,"dil5":0.875,"dil6":1.075,"rots":[-5,15,25,-15,-25,5],"dils":[0.925,0.975,1.125,1.025,0.875,1.075]},{"id":"test","shape":"rectangle","outlier_type":3,"choice":3,"outlierPosition":3,"success":true,"majorityOfMostRegularShapes":true,"rt":997.8000000007451,"rot1":25,"rot2":5,"rot3":-25,"rot4":-15,"rot5":-5,"rot6":15,"dil1":1.075,"dil2":0.975,"dil3":1.125,"dil4":1.025,"dil5":0.925,"dil6":0.875,"rots":[25,5,-25,-15,-5,15],"dils":[1.075,0.975,1.125,1.025,0.925,0.875]},{"id":"test","shape":"kite","outlier_type":2,"choice":1,"outlierPosition":1,"success":true,"majorityOfMostRegularShapes":false,"rt":3400.5,"rot1":5,"rot2":-25,"rot3":25,"rot4":-15,"rot5":15,"rot6":-5,"dil1":0.875,"dil2":0.925,"dil3":1.125,"dil4":1.025,"dil5":0.975,"dil6":1.075,"rots":[5,-25,25,-15,15,-5],"dils":[0.875,0.925,1.125,1.025,0.975,1.075]},{"id":"test","shape":"rightKite","outlier_type":0,"choice":4,"outlierPosition":5,"success":false,"majorityOfMostRegularShapes":false,"rt":2714.0999999996275,"rot1":-15,"rot2":25,"rot3":5,"rot4":-25,"rot5":-5,"rot6":15,"dil1":1.025,"dil2":0.875,"dil3":1.125,"dil4":1.075,"dil5":0.975,"dil6":0.925,"rots":[-15,25,5,-25,-5,15],"dils":[1.025,0.875,1.125,1.075,0.975,0.925]},{"id":"test","shape":"rustedHinge","outlier_type":2,"choice":5,"outlierPosition":3,"success":false,"majorityOfMostRegularShapes":false,"rt":2900.5,"rot1":5,"rot2":15,"rot3":25,"rot4":-15,"rot5":-25,"rot6":-5,"dil1":0.925,"dil2":1.025,"dil3":0.975,"dil4":1.075,"dil5":0.875,"dil6":1.125,"rots":[5,15,25,-15,-25,-5],"dils":[0.925,1.025,0.975,1.075,0.875,1.125]},{"id":"test","shape":"square","outlier_type":3,"choice":1,"outlierPosition":1,"success":true,"majorityOfMostRegularShapes":true,"rt":1198.4000000003725,"rot1":-25,"rot2":-5,"rot3":25,"rot4":5,"rot5":-15,"rot6":15,"dil1":1.025,"dil2":1.075,"dil3":0.925,"dil4":1.125,"dil5":0.975,"dil6":0.875,"rots":[-25,-5,25,5,-15,15],"dils":[1.025,1.075,0.925,1.125,0.975,0.875]},{"id":"test","shape":"rightKite","outlier_type":1,"choice":5,"outlierPosition":5,"success":true,"majorityOfMostRegularShapes":true,"rt":3562.9000000003725,"rot1":-25,"rot2":15,"rot3":-15,"rot4":-5,"rot5":5,"rot6":25,"dil1":0.975,"dil2":0.875,"dil3":0.925,"dil4":1.025,"dil5":1.125,"dil6":1.075,"rots":[-25,15,-15,-5,5,25],"dils":[0.975,0.875,0.925,1.025,1.125,1.075]},{"id":"test","shape":"kite","outlier_type":3,"choice":2,"outlierPosition":2,"success":true,"majorityOfMostRegularShapes":false,"rt":2597.5,"rot1":-15,"rot2":25,"rot3":5,"rot4":-5,"rot5":-25,"rot6":15,"dil1":1.025,"dil2":1.125,"dil3":0.925,"dil4":0.975,"dil5":0.875,"dil6":1.075,"rots":[-15,25,5,-5,-25,15],"dils":[1.025,1.125,0.925,0.975,0.875,1.075]},{"id":"test","shape":"kite","outlier_type":1,"choice":0,"outlierPosition":0,"success":true,"majorityOfMostRegularShapes":true,"rt":4189,"rot1":5,"rot2":25,"rot3":-25,"rot4":-15,"rot5":15,"rot6":-5,"dil1":1.075,"dil2":0.925,"dil3":1.025,"dil4":0.875,"dil5":0.975,"dil6":1.125,"rots":[5,25,-25,-15,15,-5],"dils":[1.075,0.925,1.025,0.875,0.975,1.125]},{"id":"test","shape":"square","outlier_type":0,"choice":5,"outlierPosition":5,"success":true,"majorityOfMostRegularShapes":false,"rt":1980.699999999255,"rot1":-15,"rot2":25,"rot3":15,"rot4":5,"rot5":-5,"rot6":-25,"dil1":0.875,"dil2":1.075,"dil3":0.925,"dil4":1.025,"dil5":1.125,"dil6":0.975,"rots":[-15,25,15,5,-5,-25],"dils":[0.875,1.075,0.925,1.025,1.125,0.975]},{"id":"test","shape":"random","outlier_type":2,"choice":3,"outlierPosition":3,"success":true,"majorityOfMostRegularShapes":true,"rt":5047.800000000745,"rot1":-5,"rot2":-15,"rot3":-25,"rot4":25,"rot5":15,"rot6":5,"dil1":0.875,"dil2":0.975,"dil3":1.075,"dil4":1.125,"dil5":1.025,"dil6":0.925,"rots":[-5,-15,-25,25,15,5],"dils":[0.875,0.975,1.075,1.125,1.025,0.925]},{"id":"test","shape":"hinge","outlier_type":3,"choice":5,"outlierPosition":3,"success":false,"majorityOfMostRegularShapes":true,"rt":3321.5,"rot1":15,"rot2":25,"rot3":-15,"rot4":-5,"rot5":5,"rot6":-25,"dil1":1.125,"dil2":0.925,"dil3":1.025,"dil4":0.875,"dil5":1.075,"dil6":0.975,"rots":[15,25,-15,-5,5,-25],"dils":[1.125,0.925,1.025,0.875,1.075,0.975]},{"id":"test","shape":"rightKite","outlier_type":0,"choice":4,"outlierPosition":0,"success":false,"majorityOfMostRegularShapes":true,"rt":1325.5,"rot1":25,"rot2":15,"rot3":-5,"rot4":5,"rot5":-25,"rot6":-15,"dil1":0.925,"dil2":1.075,"dil3":0.875,"dil4":1.125,"dil5":0.975,"dil6":1.025,"rots":[25,15,-5,5,-25,-15],"dils":[0.925,1.075,0.875,1.125,0.975,1.025]},{"id":"test","shape":"hinge","outlier_type":3,"choice":3,"outlierPosition":5,"success":false,"majorityOfMostRegularShapes":false,"rt":3974.0999999996275,"rot1":-15,"rot2":5,"rot3":-5,"rot4":-25,"rot5":15,"rot6":25,"dil1":1.125,"dil2":1.025,"dil3":1.075,"dil4":0.975,"dil5":0.875,"dil6":0.925,"rots":[-15,5,-5,-25,15,25],"dils":[1.125,1.025,1.075,0.975,0.875,0.925]},{"id":"test","shape":"square","outlier_type":2,"choice":3,"outlierPosition":3,"success":true,"majorityOfMostRegularShapes":false,"rt":1726.5,"rot1":-15,"rot2":-5,"rot3":5,"rot4":-25,"rot5":15,"rot6":25,"dil1":0.975,"dil2":1.075,"dil3":0.925,"dil4":0.875,"dil5":1.025,"dil6":1.125,"rots":[-15,-5,5,-25,15,25],"dils":[0.975,1.075,0.925,0.875,1.025,1.125]},{"id":"test","shape":"hinge","outlier_type":1,"choice":0,"outlierPosition":5,"success":false,"majorityOfMostRegularShapes":true,"rt":4385.199999999255,"rot1":-25,"rot2":5,"rot3":-5,"rot4":-15,"rot5":15,"rot6":25,"dil1":1.125,"dil2":1.025,"dil3":1.075,"dil4":0.925,"dil5":0.975,"dil6":0.875,"rots":[-25,5,-5,-15,15,25],"dils":[1.125,1.025,1.075,0.925,0.975,0.875]},{"id":"test","shape":"rightKite","outlier_type":2,"choice":1,"outlierPosition":0,"success":false,"majorityOfMostRegularShapes":false,"rt":2564.5999999996275,"rot1":-25,"rot2":15,"rot3":5,"rot4":25,"rot5":-15,"rot6":-5,"dil1":1.025,"dil2":0.875,"dil3":1.125,"dil4":0.975,"dil5":1.075,"dil6":0.925,"rots":[-25,15,5,25,-15,-5],"dils":[1.025,0.875,1.125,0.975,1.075,0.925]},{"id":"test","shape":"trapezoid","outlier_type":3,"choice":5,"outlierPosition":4,"success":false,"majorityOfMostRegularShapes":true,"rt":7093.699999999255,"rot1":-5,"rot2":-25,"rot3":-15,"rot4":5,"rot5":15,"rot6":25,"dil1":0.925,"dil2":0.875,"dil3":0.975,"dil4":1.025,"dil5":1.075,"dil6":1.125,"rots":[-5,-25,-15,5,15,25],"dils":[0.925,0.875,0.975,1.025,1.075,1.125]},{"id":"test","shape":"parallelogram","outlier_type":0,"choice":4,"outlierPosition":4,"success":true,"majorityOfMostRegularShapes":true,"rt":1484.5,"rot1":15,"rot2":-5,"rot3":-15,"rot4":5,"rot5":25,"rot6":-25,"dil1":0.925,"dil2":1.125,"dil3":0.875,"dil4":0.975,"dil5":1.025,"dil6":1.075,"rots":[15,-5,-15,5,25,-25],"dils":[0.925,1.125,0.875,0.975,1.025,1.075]},{"id":"test","shape":"isoTrapezoid","outlier_type":3,"choice":4,"outlierPosition":4,"success":true,"majorityOfMostRegularShapes":false,"rt":5758.9000000003725,"rot1":-5,"rot2":-15,"rot3":5,"rot4":-25,"rot5":15,"rot6":25,"dil1":0.875,"dil2":1.125,"dil3":1.075,"dil4":0.925,"dil5":0.975,"dil6":1.025,"rots":[-5,-15,5,-25,15,25],"dils":[0.875,1.125,1.075,0.925,0.975,1.025]},{"id":"test","shape":"losange","outlier_type":1,"choice":4,"outlierPosition":4,"success":true,"majorityOfMostRegularShapes":false,"rt":1714.4000000003725,"rot1":5,"rot2":-15,"rot3":25,"rot4":-5,"rot5":-25,"rot6":15,"dil1":0.875,"dil2":0.975,"dil3":0.925,"dil4":1.125,"dil5":1.075,"dil6":1.025,"rots":[5,-15,25,-5,-25,15],"dils":[0.875,0.975,0.925,1.125,1.075,1.025]},{"id":"test","shape":"parallelogram","outlier_type":2,"choice":3,"outlierPosition":3,"success":true,"majorityOfMostRegularShapes":false,"rt":2161.0999999996275,"rot1":-5,"rot2":5,"rot3":25,"rot4":15,"rot5":-15,"rot6":-25,"dil1":0.925,"dil2":1.125,"dil3":1.075,"dil4":1.025,"dil5":0.875,"dil6":0.975,"rots":[-5,5,25,15,-15,-25],"dils":[0.925,1.125,1.075,1.025,0.875,0.975]},{"id":"test","shape":"rectangle","outlier_type":1,"choice":0,"outlierPosition":0,"success":true,"majorityOfMostRegularShapes":false,"rt":1636.300000000745,"rot1":25,"rot2":-15,"rot3":-5,"rot4":5,"rot5":15,"rot6":-25,"dil1":0.875,"dil2":1.125,"dil3":1.025,"dil4":0.925,"dil5":0.975,"dil6":1.075,"rots":[25,-15,-5,5,15,-25],"dils":[0.875,1.125,1.025,0.925,0.975,1.075]},{"id":"test","shape":"kite","outlier_type":0,"choice":4,"outlierPosition":4,"success":true,"majorityOfMostRegularShapes":true,"rt":3798.699999999255,"rot1":15,"rot2":25,"rot3":-5,"rot4":-25,"rot5":5,"rot6":-15,"dil1":1.125,"dil2":1.025,"dil3":0.875,"dil4":0.925,"dil5":1.075,"dil6":0.975,"rots":[15,25,-5,-25,5,-15],"dils":[1.125,1.025,0.875,0.925,1.075,0.975]},{"id":"test","shape":"rectangle","outlier_type":2,"choice":0,"outlierPosition":0,"success":true,"majorityOfMostRegularShapes":true,"rt":1087.5,"rot1":25,"rot2":15,"rot3":-5,"rot4":-25,"rot5":-15,"rot6":5,"dil1":0.975,"dil2":0.875,"dil3":1.125,"dil4":0.925,"dil5":1.075,"dil6":1.025,"rots":[25,15,-5,-25,-15,5],"dils":[0.975,0.875,1.125,0.925,1.075,1.025]},{"id":"test","shape":"losange","outlier_type":3,"choice":5,"outlierPosition":5,"success":true,"majorityOfMostRegularShapes":true,"rt":1768.199999999255,"rot1":-15,"rot2":25,"rot3":-5,"rot4":5,"rot5":-25,"rot6":15,"dil1":1.075,"dil2":0.925,"dil3":0.975,"dil4":0.875,"dil5":1.025,"dil6":1.125,"rots":[-15,25,-5,5,-25,15],"dils":[1.075,0.925,0.975,0.875,1.025,1.125]},{"id":"test","shape":"isoTrapezoid","outlier_type":0,"choice":3,"outlierPosition":3,"success":true,"majorityOfMostRegularShapes":true,"rt":1582.4000000003725,"rot1":5,"rot2":-15,"rot3":-5,"rot4":25,"rot5":15,"rot6":-25,"dil1":1.125,"dil2":0.875,"dil3":0.925,"dil4":1.025,"dil5":0.975,"dil6":1.075,"rots":[5,-15,-5,25,15,-25],"dils":[1.125,0.875,0.925,1.025,0.975,1.075]},{"id":"test","shape":"rustedHinge","outlier_type":2,"choice":0,"outlierPosition":0,"success":true,"majorityOfMostRegularShapes":true,"rt":2181.60000000149,"rot1":-5,"rot2":-15,"rot3":15,"rot4":5,"rot5":25,"rot6":-25,"dil1":0.925,"dil2":1.075,"dil3":1.125,"dil4":1.025,"dil5":0.875,"dil6":0.975,"rots":[-5,-15,15,5,25,-25],"dils":[0.925,1.075,1.125,1.025,0.875,0.975]},{"id":"test","shape":"square","outlier_type":1,"choice":3,"outlierPosition":3,"success":true,"majorityOfMostRegularShapes":true,"rt":1074.0999999996275,"rot1":25,"rot2":-25,"rot3":-5,"rot4":-15,"rot5":15,"rot6":5,"dil1":1.125,"dil2":0.875,"dil3":0.975,"dil4":0.925,"dil5":1.075,"dil6":1.025,"rots":[25,-25,-5,-15,15,5],"dils":[1.125,0.875,0.975,0.925,1.075,1.025]},{"id":"test","shape":"rectangle","outlier_type":3,"choice":3,"outlierPosition":0,"success":false,"majorityOfMostRegularShapes":false,"rt":2949.7000000011176,"rot1":15,"rot2":-15,"rot3":25,"rot4":5,"rot5":-25,"rot6":-5,"dil1":0.925,"dil2":1.075,"dil3":1.125,"dil4":0.875,"dil5":1.025,"dil6":0.975,"rots":[15,-15,25,5,-25,-5],"dils":[0.925,1.075,1.125,0.875,1.025,0.975]},{"id":"test","shape":"random","outlier_type":1,"choice":1,"outlierPosition":1,"success":true,"majorityOfMostRegularShapes":false,"rt":2880.800000000745,"rot1":-15,"rot2":-25,"rot3":5,"rot4":15,"rot5":-5,"rot6":25,"dil1":1.125,"dil2":1.075,"dil3":0.975,"dil4":0.875,"dil5":0.925,"dil6":1.025,"rots":[-15,-25,5,15,-5,25],"dils":[1.125,1.075,0.975,0.875,0.925,1.025]},{"id":"test","shape":"hinge","outlier_type":0,"choice":3,"outlierPosition":3,"success":true,"majorityOfMostRegularShapes":true,"rt":4671.300000000745,"rot1":5,"rot2":-25,"rot3":15,"rot4":-5,"rot5":-15,"rot6":25,"dil1":1.025,"dil2":0.875,"dil3":1.125,"dil4":0.925,"dil5":1.075,"dil6":0.975,"rots":[5,-25,15,-5,-15,25],"dils":[1.025,0.875,1.125,0.925,1.075,0.975]},{"id":"test","shape":"parallelogram","outlier_type":1,"choice":1,"outlierPosition":1,"success":true,"majorityOfMostRegularShapes":true,"rt":1990.5,"rot1":-5,"rot2":25,"rot3":-25,"rot4":-15,"rot5":5,"rot6":15,"dil1":0.925,"dil2":0.875,"dil3":1.075,"dil4":0.975,"dil5":1.025,"dil6":1.125,"rots":[-5,25,-25,-15,5,15],"dils":[0.925,0.875,1.075,0.975,1.025,1.125]},{"id":"test","shape":"losange","outlier_type":3,"choice":3,"outlierPosition":3,"success":true,"majorityOfMostRegularShapes":false,"rt":1660.7000000011176,"rot1":-15,"rot2":-5,"rot3":25,"rot4":-25,"rot5":15,"rot6":5,"dil1":0.925,"dil2":1.075,"dil3":1.125,"dil4":0.975,"dil5":0.875,"dil6":1.025,"rots":[-15,-5,25,-25,15,5],"dils":[0.925,1.075,1.125,0.975,0.875,1.025]},{"id":"test","shape":"rustedHinge","outlier_type":1,"choice":1,"outlierPosition":1,"success":true,"majorityOfMostRegularShapes":true,"rt":1436.4000000003725,"rot1":25,"rot2":5,"rot3":15,"rot4":-5,"rot5":-15,"rot6":-25,"dil1":1.025,"dil2":1.075,"dil3":1.125,"dil4":0.875,"dil5":0.975,"dil6":0.925,"rots":[25,5,15,-5,-15,-25],"dils":[1.025,1.075,1.125,0.875,0.975,0.925]},{"id":"test","shape":"hinge","outlier_type":2,"choice":4,"outlierPosition":4,"success":true,"majorityOfMostRegularShapes":false,"rt":1551.7000000011176,"rot1":15,"rot2":-25,"rot3":-5,"rot4":-15,"rot5":5,"rot6":25,"dil1":0.975,"dil2":0.925,"dil3":1.125,"dil4":0.875,"dil5":1.075,"dil6":1.025,"rots":[15,-25,-5,-15,5,25],"dils":[0.975,0.925,1.125,0.875,1.075,1.025]},{"id":"test","shape":"rightKite","outlier_type":3,"choice":2,"outlierPosition":2,"success":true,"majorityOfMostRegularShapes":true,"rt":1530.9000000003725,"rot1":-5,"rot2":15,"rot3":25,"rot4":5,"rot5":-25,"rot6":-15,"dil1":1.025,"dil2":0.925,"dil3":0.875,"dil4":0.975,"dil5":1.125,"dil6":1.075,"rots":[-5,15,25,5,-25,-15],"dils":[1.025,0.925,0.875,0.975,1.125,1.075]},{"id":"test","shape":"losange","outlier_type":0,"choice":4,"outlierPosition":5,"success":false,"majorityOfMostRegularShapes":false,"rt":2486.7000000011176,"rot1":25,"rot2":-25,"rot3":5,"rot4":15,"rot5":-5,"rot6":-15,"dil1":0.925,"dil2":0.975,"dil3":1.125,"dil4":0.875,"dil5":1.075,"dil6":1.025,"rots":[25,-25,5,15,-5,-15],"dils":[0.925,0.975,1.125,0.875,1.075,1.025]},{"id":"test","shape":"rustedHinge","outlier_type":1,"choice":5,"outlierPosition":5,"success":true,"majorityOfMostRegularShapes":false,"rt":4115.699999999255,"rot1":15,"rot2":-5,"rot3":-25,"rot4":5,"rot5":-15,"rot6":25,"dil1":0.975,"dil2":0.925,"dil3":1.075,"dil4":1.025,"dil5":0.875,"dil6":1.125,"rots":[15,-5,-25,5,-15,25],"dils":[0.975,0.925,1.075,1.025,0.875,1.125]},{"id":"test","shape":"rectangle","outlier_type":0,"choice":2,"outlierPosition":2,"success":true,"majorityOfMostRegularShapes":false,"rt":1846.300000000745,"rot1":25,"rot2":-25,"rot3":-15,"rot4":15,"rot5":-5,"rot6":5,"dil1":1.075,"dil2":1.125,"dil3":0.975,"dil4":0.875,"dil5":0.925,"dil6":1.025,"rots":[25,-25,-15,15,-5,5],"dils":[1.075,1.125,0.975,0.875,0.925,1.025]}],"desiredDistance":0.3,"trial_type":"oddball-grid","trial_index":5,"time_elapsed":830393,"internal_node_id":"0.0-5.0","score":0.7272727272727273,"early_termination":false}]