[{"rt":4948,"url":"external-consent.html","trial_type":"external-html","trial_index":0,"time_elapsed":4953,"internal_node_id":"0.0-0.0","score":0.7954545454545454,"early_termination":false},{"rt":19074.80000000447,"responses":"{\"Q0\":\"NA\",\"Q1\":\"NA\",\"Q2\":\"NA\"}","trial_type":"survey-text","trial_index":1,"time_elapsed":24029,"internal_node_id":"0.0-1.0","score":0.7954545454545454,"early_termination":false},{"success":true,"trial_type":"fullscreen","trial_index":2,"time_elapsed":145058,"internal_node_id":"0.0-2.0","score":0.7954545454545454,"early_termination":false},{"results":[{"id":"train-images","loop_number":1,"shape":"test4","outlier_type":"NA","choice":2,"outlierPosition":2,"success":true,"majorityOfMostRegularShapes":false,"rt":1511.8999999985099,"rot1":5,"rot2":-15,"rot3":-5,"rot4":15,"rot5":25,"rot6":-25,"dil1":0.875,"dil2":1.125,"dil3":0.925,"dil4":0.975,"dil5":1.075,"dil6":1.025,"rots":[5,-15,-5,15,25,-25],"dils":[0.875,1.125,0.925,0.975,1.075,1.025],"possible_pos":[0,1,2,3,4,5]},{"id":"train-images","loop_number":1,"shape":"test5","outlier_type":"NA","choice":0,"outlierPosition":0,"success":true,"majorityOfMostRegularShapes":false,"rt":1526.2999999970198,"rot1":-5,"rot2":5,"rot3":-15,"rot4":15,"rot5":-25,"rot6":25,"dil1":0.925,"dil2":1.025,"dil3":1.125,"dil4":1.075,"dil5":0.975,"dil6":0.875,"rots":[-5,5,-15,15,-25,25],"dils":[0.925,1.025,1.125,1.075,0.975,0.875],"possible_pos":[0,1,2,3,4,5]},{"id":"train-images","loop_number":1,"shape":"test8","outlier_type":"NA","choice":2,"outlierPosition":2,"success":true,"majorityOfMostRegularShapes":false,"rt":1460.1000000014901,"rot1":-15,"rot2":-5,"rot3":15,"rot4":-25,"rot5":25,"rot6":5,"dil1":0.925,"dil2":0.875,"dil3":0.975,"dil4":1.025,"dil5":1.125,"dil6":1.075,"rots":[-15,-5,15,-25,25,5],"dils":[0.925,0.875,0.975,1.025,1.125,1.075],"possible_pos":[0,1,2,3,4,5]},{"id":"train-images","loop_number":1,"shape":"test1","outlier_type":"NA","choice":4,"outlierPosition":4,"success":true,"majorityOfMostRegularShapes":false,"rt":770.5,"rot1":-15,"rot2":5,"rot3":25,"rot4":-5,"rot5":15,"rot6":-25,"dil1":1.125,"dil2":0.875,"dil3":0.925,"dil4":0.975,"dil5":1.025,"dil6":1.075,"rots":[-15,5,25,-5,15,-25],"dils":[1.125,0.875,0.925,0.975,1.025,1.075],"possible_pos":[0,1,2,3,4,5]},{"id":"train-images","loop_number":1,"shape":"test3","outlier_type":"NA","choice":3,"outlierPosition":3,"success":true,"majorityOfMostRegularShapes":false,"rt":1084.3999999985099,"rot1":-15,"rot2":-25,"rot3":15,"rot4":5,"rot5":-5,"rot6":25,"dil1":1.075,"dil2":0.875,"dil3":0.975,"dil4":0.925,"dil5":1.025,"dil6":1.125,"rots":[-15,-25,15,5,-5,25],"dils":[1.075,0.875,0.975,0.925,1.025,1.125],"possible_pos":[0,1,2,3,4,5]},{"id":"train-images","loop_number":1,"shape":"test6","outlier_type":"NA","choice":0,"outlierPosition":0,"success":true,"majorityOfMostRegularShapes":true,"rt":1147,"rot1":5,"rot2":-5,"rot3":-15,"rot4":-25,"rot5":25,"rot6":15,"dil1":1.125,"dil2":1.025,"dil3":0.975,"dil4":0.875,"dil5":1.075,"dil6":0.925,"rots":[5,-5,-15,-25,25,15],"dils":[1.125,1.025,0.975,0.875,1.075,0.925],"possible_pos":[0,1,2,3,4,5]},{"id":"train-images","loop_number":1,"shape":"test4","outlier_type":"NA","choice":1,"outlierPosition":1,"success":true,"majorityOfMostRegularShapes":true,"rt":1209.7000000029802,"rot1":-5,"rot2":-25,"rot3":15,"rot4":25,"rot5":5,"rot6":-15,"dil1":0.975,"dil2":0.875,"dil3":1.075,"dil4":1.025,"dil5":0.925,"dil6":1.125,"rots":[-5,-25,15,25,5,-15],"dils":[0.975,0.875,1.075,1.025,0.925,1.125],"possible_pos":[0,1,2,3,4,5]},{"id":"train-images","loop_number":1,"shape":"test3","outlier_type":"NA","choice":1,"outlierPosition":1,"success":true,"majorityOfMostRegularShapes":true,"rt":1342.7999999970198,"rot1":-5,"rot2":25,"rot3":-15,"rot4":5,"rot5":-25,"rot6":15,"dil1":0.925,"dil2":1.075,"dil3":1.025,"dil4":1.125,"dil5":0.975,"dil6":0.875,"rots":[-5,25,-15,5,-25,15],"dils":[0.925,1.075,1.025,1.125,0.975,0.875],"possible_pos":[0,1,2,3,4,5]},{"id":"train-images","loop_number":1,"shape":"test7","outlier_type":"NA","choice":0,"outlierPosition":0,"success":true,"majorityOfMostRegularShapes":true,"rt":887.5,"rot1":-15,"rot2":25,"rot3":-5,"rot4":15,"rot5":-25,"rot6":5,"dil1":1.125,"dil2":0.975,"dil3":1.075,"dil4":0.875,"dil5":1.025,"dil6":0.925,"rots":[-15,25,-5,15,-25,5],"dils":[1.125,0.975,1.075,0.875,1.025,0.925],"possible_pos":[0,1,2,3,4,5]},{"id":"train-images","loop_number":1,"shape":"test1","outlier_type":"NA","choice":3,"outlierPosition":3,"success":true,"majorityOfMostRegularShapes":true,"rt":941.7999999970198,"rot1":15,"rot2":5,"rot3":-15,"rot4":-25,"rot5":25,"rot6":-5,"dil1":0.875,"dil2":0.975,"dil3":1.075,"dil4":0.925,"dil5":1.125,"dil6":1.025,"rots":[15,5,-15,-25,25,-5],"dils":[0.875,0.975,1.075,0.925,1.125,1.025],"possible_pos":[0,1,2,3,4,5]},{"id":"train-images","loop_number":1,"shape":"test2","outlier_type":"NA","choice":4,"outlierPosition":4,"success":true,"majorityOfMostRegularShapes":true,"rt":780.3000000044703,"rot1":15,"rot2":25,"rot3":5,"rot4":-5,"rot5":-15,"rot6":-25,"dil1":1.025,"dil2":1.125,"dil3":0.875,"dil4":0.925,"dil5":0.975,"dil6":1.075,"rots":[15,25,5,-5,-15,-25],"dils":[1.025,1.125,0.875,0.925,0.975,1.075],"possible_pos":[0,1,2,3,4,5]},{"id":"train-images","loop_number":1,"shape":"test10","outlier_type":"NA","choice":0,"outlierPosition":0,"success":true,"majorityOfMostRegularShapes":true,"rt":1020.8999999985099,"rot1":25,"rot2":15,"rot3":-5,"rot4":-25,"rot5":5,"rot6":-15,"dil1":0.875,"dil2":0.975,"dil3":1.125,"dil4":1.075,"dil5":0.925,"dil6":1.025,"rots":[25,15,-5,-25,5,-15],"dils":[0.875,0.975,1.125,1.075,0.925,1.025],"possible_pos":[0,1,2,3,4,5]},{"id":"train-images","loop_number":1,"shape":"test2","outlier_type":"NA","choice":1,"outlierPosition":1,"success":true,"majorityOfMostRegularShapes":false,"rt":905.4000000059605,"rot1":-15,"rot2":-5,"rot3":5,"rot4":25,"rot5":15,"rot6":-25,"dil1":1.025,"dil2":0.975,"dil3":0.925,"dil4":1.075,"dil5":1.125,"dil6":0.875,"rots":[-15,-5,5,25,15,-25],"dils":[1.025,0.975,0.925,1.075,1.125,0.875],"possible_pos":[0,1,2,3,4,5]},{"id":"train-images","loop_number":1,"shape":"test8","outlier_type":"NA","choice":1,"outlierPosition":1,"success":true,"majorityOfMostRegularShapes":true,"rt":851.9000000059605,"rot1":25,"rot2":15,"rot3":-5,"rot4":-25,"rot5":5,"rot6":-15,"dil1":0.925,"dil2":0.975,"dil3":1.125,"dil4":1.025,"dil5":1.075,"dil6":0.875,"rots":[25,15,-5,-25,5,-15],"dils":[0.925,0.975,1.125,1.025,1.075,0.875],"possible_pos":[0,1,2,3,4,5]},{"id":"train-images","loop_number":1,"shape":"test9","outlier_type":"NA","choice":2,"outlierPosition":2,"success":true,"majorityOfMostRegularShapes":true,"rt":858.6000000014901,"rot1":15,"rot2":-15,"rot3":5,"rot4":-25,"rot5":-5,"rot6":25,"dil1":1.075,"dil2":0.875,"dil3":0.925,"dil4":1.125,"dil5":1.025,"dil6":0.975,"rots":[15,-15,5,-25,-5,25],"dils":[1.075,0.875,0.925,1.125,1.025,0.975],"possible_pos":[0,1,2,3,4,5]},{"id":"train-images","loop_number":1,"shape":"test10","outlier_type":"NA","choice":4,"outlierPosition":4,"success":true,"majorityOfMostRegularShapes":false,"rt":802.7000000029802,"rot1":-15,"rot2":25,"rot3":5,"rot4":-5,"rot5":-25,"rot6":15,"dil1":1.075,"dil2":0.925,"dil3":1.125,"dil4":0.975,"dil5":0.875,"dil6":1.025,"rots":[-15,25,5,-5,-25,15],"dils":[1.075,0.925,1.125,0.975,0.875,1.025],"possible_pos":[0,1,2,3,4,5]},{"id":"train-images","loop_number":1,"shape":"test6","outlier_type":"NA","choice":0,"outlierPosition":3,"success":false,"majorityOfMostRegularShapes":false,"rt":1439.6000000014901,"rot1":25,"rot2":5,"rot3":-25,"rot4":-5,"rot5":15,"rot6":-15,"dil1":0.875,"dil2":0.975,"dil3":1.125,"dil4":1.025,"dil5":1.075,"dil6":0.925,"rots":[25,5,-25,-5,15,-15],"dils":[0.875,0.975,1.125,1.025,1.075,0.925],"possible_pos":[0,1,2,3,4,5]},{"id":"train-images","loop_number":1,"shape":"test7","outlier_type":"NA","choice":1,"outlierPosition":1,"success":true,"majorityOfMostRegularShapes":false,"rt":942.7000000029802,"rot1":-25,"rot2":5,"rot3":-5,"rot4":-15,"rot5":25,"rot6":15,"dil1":1.025,"dil2":0.975,"dil3":1.125,"dil4":1.075,"dil5":0.925,"dil6":0.875,"rots":[-25,5,-5,-15,25,15],"dils":[1.025,0.975,1.125,1.075,0.925,0.875],"possible_pos":[0,1,2,3,4,5]},{"id":"train-images","loop_number":1,"shape":"test9","outlier_type":"NA","choice":1,"outlierPosition":1,"success":true,"majorityOfMostRegularShapes":false,"rt":896.3999999985099,"rot1":5,"rot2":25,"rot3":-15,"rot4":15,"rot5":-5,"rot6":-25,"dil1":1.025,"dil2":0.925,"dil3":1.125,"dil4":0.875,"dil5":1.075,"dil6":0.975,"rots":[5,25,-15,15,-5,-25],"dils":[1.025,0.925,1.125,0.875,1.075,0.975],"possible_pos":[0,1,2,3,4,5]},{"id":"train-images","loop_number":1,"shape":"test5","outlier_type":"NA","choice":3,"outlierPosition":3,"success":true,"majorityOfMostRegularShapes":true,"rt":849.6000000014901,"rot1":15,"rot2":-25,"rot3":25,"rot4":5,"rot5":-5,"rot6":-15,"dil1":1.125,"dil2":0.875,"dil3":1.075,"dil4":1.025,"dil5":0.925,"dil6":0.975,"rots":[15,-25,25,5,-5,-15],"dils":[1.125,0.875,1.075,1.025,0.925,0.975],"possible_pos":[0,1,2,3,4,5]}],"trial_type":"oddball-grid-image","trial_index":3,"time_elapsed":275338,"internal_node_id":"0.0-3.0","score":0.7954545454545454,"early_termination":false},{"results":[{"id":"gen2","loop_number":1,"shape":2,"outlier_type":"NA","choice":3,"outlierPosition":3,"success":true,"majorityOfMostRegularShapes":true,"rt":1368.7999999970198,"rot1":25,"rot2":15,"rot3":-15,"rot4":-25,"rot5":5,"rot6":-5,"dil1":1.075,"dil2":0.925,"dil3":0.875,"dil4":1.125,"dil5":1.025,"dil6":0.975,"rots":[25,15,-15,-25,5,-5],"dils":[1.075,0.925,0.875,1.125,1.025,0.975]},{"id":"gen2","loop_number":1,"shape":1,"outlier_type":"NA","choice":1,"outlierPosition":1,"success":true,"majorityOfMostRegularShapes":false,"rt":664.0999999940395,"rot1":-25,"rot2":15,"rot3":25,"rot4":-15,"rot5":-5,"rot6":5,"dil1":1.025,"dil2":0.875,"dil3":1.075,"dil4":0.975,"dil5":1.125,"dil6":0.925,"rots":[-25,15,25,-15,-5,5],"dils":[1.025,0.875,1.075,0.975,1.125,0.925]},{"id":"gen2","loop_number":1,"shape":2,"outlier_type":"NA","choice":4,"outlierPosition":4,"success":true,"majorityOfMostRegularShapes":false,"rt":776.4000000059605,"rot1":25,"rot2":-15,"rot3":15,"rot4":-25,"rot5":-5,"rot6":5,"dil1":1.025,"dil2":0.875,"dil3":1.125,"dil4":1.075,"dil5":0.975,"dil6":0.925,"rots":[25,-15,15,-25,-5,5],"dils":[1.025,0.875,1.125,1.075,0.975,0.925]},{"id":"gen2","loop_number":1,"shape":1,"outlier_type":"NA","choice":5,"outlierPosition":5,"success":true,"majorityOfMostRegularShapes":true,"rt":818.2999999970198,"rot1":-15,"rot2":15,"rot3":25,"rot4":-25,"rot5":5,"rot6":-5,"dil1":0.975,"dil2":1.025,"dil3":1.075,"dil4":0.875,"dil5":1.125,"dil6":0.925,"rots":[-15,15,25,-25,5,-5],"dils":[0.975,1.025,1.075,0.875,1.125,0.925]},{"id":"gen2","loop_number":1,"shape":0,"outlier_type":"NA","choice":2,"outlierPosition":2,"success":true,"majorityOfMostRegularShapes":false,"rt":831.7000000029802,"rot1":25,"rot2":-25,"rot3":-15,"rot4":15,"rot5":-5,"rot6":5,"dil1":1.025,"dil2":0.875,"dil3":0.975,"dil4":0.925,"dil5":1.125,"dil6":1.075,"rots":[25,-25,-15,15,-5,5],"dils":[1.025,0.875,0.975,0.925,1.125,1.075]},{"id":"gen2","loop_number":1,"shape":2,"outlier_type":"NA","choice":1,"outlierPosition":1,"success":true,"majorityOfMostRegularShapes":true,"rt":945.2000000029802,"rot1":25,"rot2":-15,"rot3":-25,"rot4":15,"rot5":5,"rot6":-5,"dil1":1.025,"dil2":0.875,"dil3":1.075,"dil4":0.925,"dil5":0.975,"dil6":1.125,"rots":[25,-15,-25,15,5,-5],"dils":[1.025,0.875,1.075,0.925,0.975,1.125]},{"id":"gen2","loop_number":1,"shape":0,"outlier_type":"NA","choice":4,"outlierPosition":4,"success":true,"majorityOfMostRegularShapes":true,"rt":1150.8999999985099,"rot1":-5,"rot2":-15,"rot3":25,"rot4":-25,"rot5":5,"rot6":15,"dil1":1.125,"dil2":0.875,"dil3":1.025,"dil4":0.975,"dil5":0.925,"dil6":1.075,"rots":[-5,-15,25,-25,5,15],"dils":[1.125,0.875,1.025,0.975,0.925,1.075]},{"id":"gen2","loop_number":1,"shape":2,"outlier_type":"NA","choice":1,"outlierPosition":1,"success":true,"majorityOfMostRegularShapes":true,"rt":791.1000000014901,"rot1":5,"rot2":25,"rot3":-25,"rot4":15,"rot5":-5,"rot6":-15,"dil1":1.125,"dil2":0.875,"dil3":1.025,"dil4":0.975,"dil5":0.925,"dil6":1.075,"rots":[5,25,-25,15,-5,-15],"dils":[1.125,0.875,1.025,0.975,0.925,1.075]},{"id":"gen2","loop_number":1,"shape":1,"outlier_type":"NA","choice":2,"outlierPosition":2,"success":true,"majorityOfMostRegularShapes":true,"rt":774.6000000014901,"rot1":-25,"rot2":5,"rot3":-15,"rot4":-5,"rot5":25,"rot6":15,"dil1":1.125,"dil2":0.975,"dil3":1.075,"dil4":0.875,"dil5":0.925,"dil6":1.025,"rots":[-25,5,-15,-5,25,15],"dils":[1.125,0.975,1.075,0.875,0.925,1.025]},{"id":"gen2","loop_number":1,"shape":0,"outlier_type":"NA","choice":5,"outlierPosition":5,"success":true,"majorityOfMostRegularShapes":false,"rt":712.1000000014901,"rot1":-15,"rot2":15,"rot3":25,"rot4":-5,"rot5":-25,"rot6":5,"dil1":1.075,"dil2":1.025,"dil3":1.125,"dil4":0.875,"dil5":0.925,"dil6":0.975,"rots":[-15,15,25,-5,-25,5],"dils":[1.075,1.025,1.125,0.875,0.925,0.975]},{"id":"gen2","loop_number":1,"shape":1,"outlier_type":"NA","choice":1,"outlierPosition":1,"success":true,"majorityOfMostRegularShapes":true,"rt":2887.39999999851,"rot1":-25,"rot2":-15,"rot3":15,"rot4":-5,"rot5":5,"rot6":25,"dil1":0.925,"dil2":1.025,"dil3":1.125,"dil4":0.875,"dil5":1.075,"dil6":0.975,"rots":[-25,-15,15,-5,5,25],"dils":[0.925,1.025,1.125,0.875,1.075,0.975]},{"id":"gen2","loop_number":1,"shape":0,"outlier_type":"NA","choice":5,"outlierPosition":5,"success":true,"majorityOfMostRegularShapes":true,"rt":1195.7999999970198,"rot1":15,"rot2":-15,"rot3":-5,"rot4":25,"rot5":-25,"rot6":5,"dil1":1.025,"dil2":1.075,"dil3":0.975,"dil4":0.875,"dil5":1.125,"dil6":0.925,"rots":[15,-15,-5,25,-25,5],"dils":[1.025,1.075,0.975,0.875,1.125,0.925]},{"id":"gen2","loop_number":1,"shape":2,"outlier_type":"NA","choice":5,"outlierPosition":5,"success":true,"majorityOfMostRegularShapes":false,"rt":762.1000000014901,"rot1":-25,"rot2":-5,"rot3":25,"rot4":15,"rot5":5,"rot6":-15,"dil1":1.025,"dil2":1.075,"dil3":0.925,"dil4":0.875,"dil5":0.975,"dil6":1.125,"rots":[-25,-5,25,15,5,-15],"dils":[1.025,1.075,0.925,0.875,0.975,1.125]},{"id":"gen2","loop_number":1,"shape":1,"outlier_type":"NA","choice":1,"outlierPosition":1,"success":true,"majorityOfMostRegularShapes":false,"rt":847.0999999940395,"rot1":-25,"rot2":-5,"rot3":-15,"rot4":25,"rot5":5,"rot6":15,"dil1":0.975,"dil2":1.025,"dil3":0.875,"dil4":1.075,"dil5":0.925,"dil6":1.125,"rots":[-25,-5,-15,25,5,15],"dils":[0.975,1.025,0.875,1.075,0.925,1.125]},{"id":"gen2","loop_number":1,"shape":0,"outlier_type":"NA","choice":0,"outlierPosition":0,"success":true,"majorityOfMostRegularShapes":false,"rt":963.8999999985099,"rot1":-5,"rot2":-15,"rot3":25,"rot4":-25,"rot5":5,"rot6":15,"dil1":1.125,"dil2":0.925,"dil3":1.025,"dil4":0.975,"dil5":1.075,"dil6":0.875,"rots":[-5,-15,25,-25,5,15],"dils":[1.125,0.925,1.025,0.975,1.075,0.875]},{"id":"gen2","loop_number":1,"shape":2,"outlier_type":"NA","choice":1,"outlierPosition":1,"success":true,"majorityOfMostRegularShapes":false,"rt":784.8999999985099,"rot1":-5,"rot2":15,"rot3":-15,"rot4":-25,"rot5":5,"rot6":25,"dil1":1.025,"dil2":0.875,"dil3":0.975,"dil4":1.125,"dil5":1.075,"dil6":0.925,"rots":[-5,15,-15,-25,5,25],"dils":[1.025,0.875,0.975,1.125,1.075,0.925]},{"id":"gen2","loop_number":1,"shape":0,"outlier_type":"NA","choice":0,"outlierPosition":0,"success":true,"majorityOfMostRegularShapes":true,"rt":1033.5,"rot1":25,"rot2":5,"rot3":15,"rot4":-15,"rot5":-5,"rot6":-25,"dil1":1.125,"dil2":0.925,"dil3":1.075,"dil4":0.975,"dil5":1.025,"dil6":0.875,"rots":[25,5,15,-15,-5,-25],"dils":[1.125,0.925,1.075,0.975,1.025,0.875]},{"id":"gen2","loop_number":1,"shape":1,"outlier_type":"NA","choice":4,"outlierPosition":4,"success":true,"majorityOfMostRegularShapes":false,"rt":816.5,"rot1":5,"rot2":15,"rot3":-25,"rot4":25,"rot5":-5,"rot6":-15,"dil1":1.075,"dil2":0.875,"dil3":1.025,"dil4":0.925,"dil5":0.975,"dil6":1.125,"rots":[5,15,-25,25,-5,-15],"dils":[1.075,0.875,1.025,0.925,0.975,1.125]}],"trial_type":"oddball-grid-easy","trial_index":4,"time_elapsed":315804,"internal_node_id":"0.0-4.0","score":0.7954545454545454,"early_termination":false},{"results":[{"id":"test","shape":"isoTrapezoid","outlier_type":2,"choice":3,"outlierPosition":3,"success":true,"majorityOfMostRegularShapes":true,"rt":1189,"rot1":5,"rot2":-5,"rot3":25,"rot4":-25,"rot5":-15,"rot6":15,"dil1":1.025,"dil2":0.875,"dil3":0.975,"dil4":0.925,"dil5":1.125,"dil6":1.075,"rots":[5,-5,25,-25,-15,15],"dils":[1.025,0.875,0.975,0.925,1.125,1.075]},{"id":"test","shape":"trapezoid","outlier_type":0,"choice":3,"outlierPosition":1,"success":false,"majorityOfMostRegularShapes":true,"rt":13629.80000000447,"rot1":-5,"rot2":5,"rot3":-25,"rot4":-15,"rot5":15,"rot6":25,"dil1":0.875,"dil2":1.025,"dil3":0.975,"dil4":1.125,"dil5":0.925,"dil6":1.075,"rots":[-5,5,-25,-15,15,25],"dils":[0.875,1.025,0.975,1.125,0.925,1.075]},{"id":"test","shape":"losange","outlier_type":2,"choice":1,"outlierPosition":3,"success":false,"majorityOfMostRegularShapes":true,"rt":5926.60000000149,"rot1":-25,"rot2":25,"rot3":5,"rot4":15,"rot5":-15,"rot6":-5,"dil1":1.125,"dil2":0.925,"dil3":0.875,"dil4":1.025,"dil5":0.975,"dil6":1.075,"rots":[-25,25,5,15,-15,-5],"dils":[1.125,0.925,0.875,1.025,0.975,1.075]},{"id":"test","shape":"kite","outlier_type":1,"choice":2,"outlierPosition":5,"success":false,"majorityOfMostRegularShapes":false,"rt":6390.69999999553,"rot1":-15,"rot2":25,"rot3":5,"rot4":15,"rot5":-25,"rot6":-5,"dil1":0.925,"dil2":1.025,"dil3":0.975,"dil4":1.075,"dil5":0.875,"dil6":1.125,"rots":[-15,25,5,15,-25,-5],"dils":[0.925,1.025,0.975,1.075,0.875,1.125]},{"id":"test","shape":"hinge","outlier_type":2,"choice":1,"outlierPosition":1,"success":true,"majorityOfMostRegularShapes":false,"rt":3434.89999999851,"rot1":5,"rot2":15,"rot3":-25,"rot4":-15,"rot5":25,"rot6":-5,"dil1":0.925,"dil2":1.025,"dil3":0.875,"dil4":1.125,"dil5":1.075,"dil6":0.975,"rots":[5,15,-25,-15,25,-5],"dils":[0.925,1.025,0.875,1.125,1.075,0.975]},{"id":"test","shape":"trapezoid","outlier_type":1,"choice":3,"outlierPosition":3,"success":true,"majorityOfMostRegularShapes":true,"rt":3850.89999999851,"rot1":25,"rot2":-5,"rot3":5,"rot4":-25,"rot5":-15,"rot6":15,"dil1":0.975,"dil2":1.125,"dil3":1.075,"dil4":1.025,"dil5":0.875,"dil6":0.925,"rots":[25,-5,5,-25,-15,15],"dils":[0.975,1.125,1.075,1.025,0.875,0.925]},{"id":"test","shape":"hinge","outlier_type":0,"choice":4,"outlierPosition":4,"success":true,"majorityOfMostRegularShapes":true,"rt":3724.7999999970198,"rot1":-15,"rot2":15,"rot3":-5,"rot4":-25,"rot5":25,"rot6":5,"dil1":0.875,"dil2":0.925,"dil3":1.125,"dil4":1.025,"dil5":0.975,"dil6":1.075,"rots":[-15,15,-5,-25,25,5],"dils":[0.875,0.925,1.125,1.025,0.975,1.075]},{"id":"test","shape":"losange","outlier_type":1,"choice":1,"outlierPosition":1,"success":true,"majorityOfMostRegularShapes":false,"rt":3716.8000000044703,"rot1":5,"rot2":15,"rot3":-5,"rot4":-15,"rot5":25,"rot6":-25,"dil1":1.125,"dil2":1.075,"dil3":0.975,"dil4":0.925,"dil5":0.875,"dil6":1.025,"rots":[5,15,-5,-15,25,-25],"dils":[1.125,1.075,0.975,0.925,0.875,1.025]},{"id":"test","shape":"isoTrapezoid","outlier_type":3,"choice":4,"outlierPosition":4,"success":true,"majorityOfMostRegularShapes":true,"rt":1744.1999999955297,"rot1":-15,"rot2":15,"rot3":25,"rot4":-25,"rot5":5,"rot6":-5,"dil1":0.925,"dil2":0.875,"dil3":1.025,"dil4":0.975,"dil5":1.075,"dil6":1.125,"rots":[-15,15,25,-25,5,-5],"dils":[0.925,0.875,1.025,0.975,1.075,1.125]},{"id":"test","shape":"trapezoid","outlier_type":1,"choice":2,"outlierPosition":2,"success":true,"majorityOfMostRegularShapes":false,"rt":4002.1999999955297,"rot1":-25,"rot2":15,"rot3":-5,"rot4":-15,"rot5":5,"rot6":25,"dil1":0.925,"dil2":1.025,"dil3":1.075,"dil4":0.875,"dil5":0.975,"dil6":1.125,"rots":[-25,15,-5,-15,5,25],"dils":[0.925,1.025,1.075,0.875,0.975,1.125]},{"id":"test","shape":"losange","outlier_type":3,"choice":0,"outlierPosition":0,"success":true,"majorityOfMostRegularShapes":true,"rt":1492.6999999955297,"rot1":25,"rot2":-25,"rot3":15,"rot4":5,"rot5":-5,"rot6":-15,"dil1":1.025,"dil2":1.125,"dil3":0.925,"dil4":0.975,"dil5":1.075,"dil6":0.875,"rots":[25,-25,15,5,-5,-15],"dils":[1.025,1.125,0.925,0.975,1.075,0.875]},{"id":"test","shape":"square","outlier_type":1,"choice":3,"outlierPosition":3,"success":true,"majorityOfMostRegularShapes":true,"rt":1017.8000000044703,"rot1":-25,"rot2":-5,"rot3":25,"rot4":15,"rot5":5,"rot6":-15,"dil1":0.975,"dil2":1.075,"dil3":0.925,"dil4":0.875,"dil5":1.025,"dil6":1.125,"rots":[-25,-5,25,15,5,-15],"dils":[0.975,1.075,0.925,0.875,1.025,1.125]},{"id":"test","shape":"trapezoid","outlier_type":2,"choice":3,"outlierPosition":5,"success":false,"majorityOfMostRegularShapes":false,"rt":6596.30000000447,"rot1":15,"rot2":25,"rot3":5,"rot4":-25,"rot5":-15,"rot6":-5,"dil1":1.125,"dil2":0.975,"dil3":0.875,"dil4":1.075,"dil5":1.025,"dil6":0.925,"rots":[15,25,5,-25,-15,-5],"dils":[1.125,0.975,0.875,1.075,1.025,0.925]},{"id":"test","shape":"rightKite","outlier_type":1,"choice":1,"outlierPosition":1,"success":true,"majorityOfMostRegularShapes":true,"rt":1717.3999999985099,"rot1":5,"rot2":-5,"rot3":15,"rot4":-25,"rot5":25,"rot6":-15,"dil1":0.925,"dil2":1.025,"dil3":0.875,"dil4":1.075,"dil5":0.975,"dil6":1.125,"rots":[5,-5,15,-25,25,-15],"dils":[0.925,1.025,0.875,1.075,0.975,1.125]},{"id":"test","shape":"kite","outlier_type":0,"choice":1,"outlierPosition":4,"success":false,"majorityOfMostRegularShapes":false,"rt":8254.20000000298,"rot1":-5,"rot2":-15,"rot3":5,"rot4":-25,"rot5":15,"rot6":25,"dil1":0.975,"dil2":1.125,"dil3":0.925,"dil4":0.875,"dil5":1.025,"dil6":1.075,"rots":[-5,-15,5,-25,15,25],"dils":[0.975,1.125,0.925,0.875,1.025,1.075]},{"id":"test","shape":"rightKite","outlier_type":3,"choice":5,"outlierPosition":1,"success":false,"majorityOfMostRegularShapes":false,"rt":5622.89999999851,"rot1":25,"rot2":15,"rot3":5,"rot4":-5,"rot5":-25,"rot6":-15,"dil1":0.925,"dil2":1.125,"dil3":0.875,"dil4":1.075,"dil5":1.025,"dil6":0.975,"rots":[25,15,5,-5,-25,-15],"dils":[0.925,1.125,0.875,1.075,1.025,0.975]},{"id":"test","shape":"kite","outlier_type":2,"choice":0,"outlierPosition":0,"success":true,"majorityOfMostRegularShapes":false,"rt":4437.29999999702,"rot1":-5,"rot2":-25,"rot3":25,"rot4":15,"rot5":5,"rot6":-15,"dil1":0.975,"dil2":0.875,"dil3":1.125,"dil4":0.925,"dil5":1.025,"dil6":1.075,"rots":[-5,-25,25,15,5,-15],"dils":[0.975,0.875,1.125,0.925,1.025,1.075]},{"id":"test","shape":"rightKite","outlier_type":2,"choice":5,"outlierPosition":5,"success":true,"majorityOfMostRegularShapes":false,"rt":4775.10000000149,"rot1":25,"rot2":5,"rot3":-5,"rot4":-15,"rot5":15,"rot6":-25,"dil1":1.125,"dil2":1.025,"dil3":0.875,"dil4":1.075,"dil5":0.975,"dil6":0.925,"rots":[25,5,-5,-15,15,-25],"dils":[1.125,1.025,0.875,1.075,0.975,0.925]},{"id":"test","shape":"hinge","outlier_type":3,"choice":0,"outlierPosition":0,"success":true,"majorityOfMostRegularShapes":false,"rt":3444.8000000044703,"rot1":-5,"rot2":-25,"rot3":-15,"rot4":5,"rot5":15,"rot6":25,"dil1":1.025,"dil2":0.975,"dil3":1.075,"dil4":1.125,"dil5":0.875,"dil6":0.925,"rots":[-5,-25,-15,5,15,25],"dils":[1.025,0.975,1.075,1.125,0.875,0.925]},{"id":"test","shape":"rectangle","outlier_type":1,"choice":3,"outlierPosition":3,"success":true,"majorityOfMostRegularShapes":false,"rt":3552,"rot1":25,"rot2":-5,"rot3":-25,"rot4":-15,"rot5":15,"rot6":5,"dil1":0.925,"dil2":1.025,"dil3":1.125,"dil4":0.975,"dil5":0.875,"dil6":1.075,"rots":[25,-5,-25,-15,15,5],"dils":[0.925,1.025,1.125,0.975,0.875,1.075]},{"id":"test","shape":"random","outlier_type":3,"choice":1,"outlierPosition":1,"success":true,"majorityOfMostRegularShapes":true,"rt":2508.5999999940395,"rot1":15,"rot2":-5,"rot3":-15,"rot4":25,"rot5":-25,"rot6":5,"dil1":0.875,"dil2":0.925,"dil3":1.075,"dil4":1.025,"dil5":0.975,"dil6":1.125,"rots":[15,-5,-15,25,-25,5],"dils":[0.875,0.925,1.075,1.025,0.975,1.125]},{"id":"test","shape":"hinge","outlier_type":1,"choice":5,"outlierPosition":0,"success":false,"majorityOfMostRegularShapes":false,"rt":1526.5,"rot1":5,"rot2":-15,"rot3":15,"rot4":-5,"rot5":25,"rot6":-25,"dil1":1.025,"dil2":0.925,"dil3":0.975,"dil4":1.125,"dil5":1.075,"dil6":0.875,"rots":[5,-15,15,-5,25,-25],"dils":[1.025,0.925,0.975,1.125,1.075,0.875]},{"id":"test","shape":"random","outlier_type":3,"choice":5,"outlierPosition":5,"success":true,"majorityOfMostRegularShapes":false,"rt":4107.30000000447,"rot1":-15,"rot2":5,"rot3":25,"rot4":-5,"rot5":-25,"rot6":15,"dil1":1.075,"dil2":0.975,"dil3":0.875,"dil4":0.925,"dil5":1.025,"dil6":1.125,"rots":[-15,5,25,-5,-25,15],"dils":[1.075,0.975,0.875,0.925,1.025,1.125]},{"id":"test","shape":"losange","outlier_type":0,"choice":1,"outlierPosition":1,"success":true,"majorityOfMostRegularShapes":true,"rt":3956.5999999940395,"rot1":-25,"rot2":15,"rot3":-5,"rot4":5,"rot5":-15,"rot6":25,"dil1":1.025,"dil2":0.875,"dil3":0.975,"dil4":1.125,"dil5":1.075,"dil6":0.925,"rots":[-25,15,-5,5,-15,25],"dils":[1.025,0.875,0.975,1.125,1.075,0.925]},{"id":"test","shape":"rectangle","outlier_type":1,"choice":4,"outlierPosition":4,"success":true,"majorityOfMostRegularShapes":true,"rt":1098.3999999985099,"rot1":25,"rot2":-5,"rot3":5,"rot4":-15,"rot5":15,"rot6":-25,"dil1":1.075,"dil2":0.875,"dil3":0.975,"dil4":1.025,"dil5":0.925,"dil6":1.125,"rots":[25,-5,5,-15,15,-25],"dils":[1.075,0.875,0.975,1.025,0.925,1.125]},{"id":"test","shape":"isoTrapezoid","outlier_type":2,"choice":1,"outlierPosition":1,"success":true,"majorityOfMostRegularShapes":false,"rt":2580,"rot1":5,"rot2":-15,"rot3":-25,"rot4":15,"rot5":25,"rot6":-5,"dil1":1.125,"dil2":0.975,"dil3":0.925,"dil4":1.075,"dil5":0.875,"dil6":1.025,"rots":[5,-15,-25,15,25,-5],"dils":[1.125,0.975,0.925,1.075,0.875,1.025]},{"id":"test","shape":"losange","outlier_type":0,"choice":5,"outlierPosition":5,"success":true,"majorityOfMostRegularShapes":false,"rt":4087.7999999970198,"rot1":25,"rot2":-25,"rot3":5,"rot4":-15,"rot5":15,"rot6":-5,"dil1":0.975,"dil2":0.925,"dil3":1.075,"dil4":1.025,"dil5":0.875,"dil6":1.125,"rots":[25,-25,5,-15,15,-5],"dils":[0.975,0.925,1.075,1.025,0.875,1.125]},{"id":"test","shape":"hinge","outlier_type":1,"choice":0,"outlierPosition":4,"success":false,"majorityOfMostRegularShapes":true,"rt":3858.89999999851,"rot1":25,"rot2":-25,"rot3":-5,"rot4":-15,"rot5":15,"rot6":5,"dil1":1.125,"dil2":0.875,"dil3":0.975,"dil4":0.925,"dil5":1.025,"dil6":1.075,"rots":[25,-25,-5,-15,15,5],"dils":[1.125,0.875,0.975,0.925,1.025,1.075]},{"id":"test","shape":"isoTrapezoid","outlier_type":3,"choice":3,"outlierPosition":0,"success":false,"majorityOfMostRegularShapes":false,"rt":1391.3999999985099,"rot1":-5,"rot2":-15,"rot3":-25,"rot4":25,"rot5":15,"rot6":5,"dil1":1.075,"dil2":1.025,"dil3":0.875,"dil4":1.125,"dil5":0.975,"dil6":0.925,"rots":[-5,-15,-25,25,15,5],"dils":[1.075,1.025,0.875,1.125,0.975,0.925]},{"id":"test","shape":"kite","outlier_type":0,"choice":3,"outlierPosition":3,"success":true,"majorityOfMostRegularShapes":true,"rt":3498.1999999955297,"rot1":-15,"rot2":-25,"rot3":5,"rot4":-5,"rot5":15,"rot6":25,"dil1":0.975,"dil2":0.875,"dil3":1.025,"dil4":0.925,"dil5":1.075,"dil6":1.125,"rots":[-15,-25,5,-5,15,25],"dils":[0.975,0.875,1.025,0.925,1.075,1.125]},{"id":"test","shape":"rustedHinge","outlier_type":2,"choice":3,"outlierPosition":1,"success":false,"majorityOfMostRegularShapes":false,"rt":2947.0999999940395,"rot1":-5,"rot2":15,"rot3":-25,"rot4":5,"rot5":-15,"rot6":25,"dil1":1.025,"dil2":1.125,"dil3":0.875,"dil4":1.075,"dil5":0.975,"dil6":0.925,"rots":[-5,15,-25,5,-15,25],"dils":[1.025,1.125,0.875,1.075,0.975,0.925]},{"id":"test","shape":"isoTrapezoid","outlier_type":1,"choice":3,"outlierPosition":3,"success":true,"majorityOfMostRegularShapes":false,"rt":2243.39999999851,"rot1":-25,"rot2":5,"rot3":25,"rot4":-15,"rot5":-5,"rot6":15,"dil1":1.025,"dil2":0.975,"dil3":1.075,"dil4":1.125,"dil5":0.875,"dil6":0.925,"rots":[-25,5,25,-15,-5,15],"dils":[1.025,0.975,1.075,1.125,0.875,0.925]},{"id":"test","shape":"kite","outlier_type":2,"choice":5,"outlierPosition":5,"success":true,"majorityOfMostRegularShapes":true,"rt":3214.4000000059605,"rot1":5,"rot2":-25,"rot3":-15,"rot4":25,"rot5":15,"rot6":-5,"dil1":1.125,"dil2":0.875,"dil3":1.025,"dil4":0.975,"dil5":1.075,"dil6":0.925,"rots":[5,-25,-15,25,15,-5],"dils":[1.125,0.875,1.025,0.975,1.075,0.925]},{"id":"test","shape":"hinge","outlier_type":0,"choice":5,"outlierPosition":5,"success":true,"majorityOfMostRegularShapes":false,"rt":2976.3000000044703,"rot1":25,"rot2":5,"rot3":15,"rot4":-25,"rot5":-15,"rot6":-5,"dil1":0.875,"dil2":1.025,"dil3":0.925,"dil4":1.125,"dil5":0.975,"dil6":1.075,"rots":[25,5,15,-25,-15,-5],"dils":[0.875,1.025,0.925,1.125,0.975,1.075]},{"id":"test","shape":"random","outlier_type":1,"choice":5,"outlierPosition":5,"success":true,"majorityOfMostRegularShapes":false,"rt":7711.5,"rot1":-15,"rot2":-5,"rot3":25,"rot4":15,"rot5":-25,"rot6":5,"dil1":0.925,"dil2":0.875,"dil3":0.975,"dil4":1.075,"dil5":1.125,"dil6":1.025,"rots":[-15,-5,25,15,-25,5],"dils":[0.925,0.875,0.975,1.075,1.125,1.025]},{"id":"test","shape":"square","outlier_type":2,"choice":3,"outlierPosition":3,"success":true,"majorityOfMostRegularShapes":false,"rt":3492.8000000044703,"rot1":-15,"rot2":-5,"rot3":25,"rot4":-25,"rot5":15,"rot6":5,"dil1":0.975,"dil2":0.925,"dil3":1.075,"dil4":0.875,"dil5":1.025,"dil6":1.125,"rots":[-15,-5,25,-25,15,5],"dils":[0.975,0.925,1.075,0.875,1.025,1.125]},{"id":"test","shape":"random","outlier_type":0,"choice":1,"outlierPosition":3,"success":false,"majorityOfMostRegularShapes":true,"rt":3173.2000000029802,"rot1":-5,"rot2":5,"rot3":-15,"rot4":15,"rot5":25,"rot6":-25,"dil1":0.925,"dil2":0.875,"dil3":1.075,"dil4":1.125,"dil5":0.975,"dil6":1.025,"rots":[-5,5,-15,15,25,-25],"dils":[0.925,0.875,1.075,1.125,0.975,1.025]},{"id":"test","shape":"losange","outlier_type":3,"choice":1,"outlierPosition":1,"success":true,"majorityOfMostRegularShapes":false,"rt":2932.89999999851,"rot1":25,"rot2":5,"rot3":-25,"rot4":15,"rot5":-15,"rot6":-5,"dil1":1.025,"dil2":0.925,"dil3":0.875,"dil4":0.975,"dil5":1.125,"dil6":1.075,"rots":[25,5,-25,15,-15,-5],"dils":[1.025,0.925,0.875,0.975,1.125,1.075]},{"id":"test","shape":"rustedHinge","outlier_type":1,"choice":1,"outlierPosition":1,"success":true,"majorityOfMostRegularShapes":false,"rt":3375,"rot1":5,"rot2":-15,"rot3":15,"rot4":-5,"rot5":25,"rot6":-25,"dil1":1.025,"dil2":1.125,"dil3":0.925,"dil4":0.875,"dil5":0.975,"dil6":1.075,"rots":[5,-15,15,-5,25,-25],"dils":[1.025,1.125,0.925,0.875,0.975,1.075]},{"id":"test","shape":"rightKite","outlier_type":0,"choice":1,"outlierPosition":5,"success":false,"majorityOfMostRegularShapes":true,"rt":2586.89999999851,"rot1":-5,"rot2":15,"rot3":5,"rot4":25,"rot5":-15,"rot6":-25,"dil1":0.925,"dil2":1.125,"dil3":1.025,"dil4":1.075,"dil5":0.875,"dil6":0.975,"rots":[-5,15,5,25,-15,-25],"dils":[0.925,1.125,1.025,1.075,0.875,0.975]},{"id":"test","shape":"rectangle","outlier_type":3,"choice":4,"outlierPosition":4,"success":true,"majorityOfMostRegularShapes":true,"rt":1528.7000000029802,"rot1":-25,"rot2":25,"rot3":5,"rot4":-5,"rot5":15,"rot6":-15,"dil1":0.875,"dil2":0.975,"dil3":1.125,"dil4":1.075,"dil5":1.025,"dil6":0.925,"rots":[-25,25,5,-5,15,-15],"dils":[0.875,0.975,1.125,1.075,1.025,0.925]},{"id":"test","shape":"random","outlier_type":0,"choice":1,"outlierPosition":1,"success":true,"majorityOfMostRegularShapes":false,"rt":4211.39999999851,"rot1":15,"rot2":25,"rot3":5,"rot4":-15,"rot5":-5,"rot6":-25,"dil1":0.875,"dil2":1.075,"dil3":0.925,"dil4":1.125,"dil5":1.025,"dil6":0.975,"rots":[15,25,5,-15,-5,-25],"dils":[0.875,1.075,0.925,1.125,1.025,0.975]},{"id":"test","shape":"rectangle","outlier_type":2,"choice":5,"outlierPosition":5,"success":true,"majorityOfMostRegularShapes":true,"rt":1733.5,"rot1":15,"rot2":25,"rot3":-25,"rot4":-15,"rot5":5,"rot6":-5,"dil1":0.875,"dil2":1.125,"dil3":0.975,"dil4":1.025,"dil5":1.075,"dil6":0.925,"rots":[15,25,-25,-15,5,-5],"dils":[0.875,1.125,0.975,1.025,1.075,0.925]},{"id":"test","shape":"rustedHinge","outlier_type":3,"choice":4,"outlierPosition":0,"success":false,"majorityOfMostRegularShapes":false,"rt":5078.20000000298,"rot1":25,"rot2":15,"rot3":-25,"rot4":5,"rot5":-5,"rot6":-15,"dil1":1.075,"dil2":0.975,"dil3":1.025,"dil4":0.925,"dil5":1.125,"dil6":0.875,"rots":[25,15,-25,5,-5,-15],"dils":[1.075,0.975,1.025,0.925,1.125,0.875]},{"id":"test","shape":"parallelogram","outlier_type":1,"choice":5,"outlierPosition":5,"success":true,"majorityOfMostRegularShapes":true,"rt":3079.60000000149,"rot1":-25,"rot2":5,"rot3":-15,"rot4":-5,"rot5":15,"rot6":25,"dil1":1.075,"dil2":1.025,"dil3":0.875,"dil4":0.925,"dil5":0.975,"dil6":1.125,"rots":[-25,5,-15,-5,15,25],"dils":[1.075,1.025,0.875,0.925,0.975,1.125]},{"id":"test","shape":"isoTrapezoid","outlier_type":0,"choice":5,"outlierPosition":5,"success":true,"majorityOfMostRegularShapes":true,"rt":4773.10000000149,"rot1":-5,"rot2":-15,"rot3":5,"rot4":25,"rot5":15,"rot6":-25,"dil1":1.075,"dil2":0.925,"dil3":1.125,"dil4":0.975,"dil5":1.025,"dil6":0.875,"rots":[-5,-15,5,25,15,-25],"dils":[1.075,0.925,1.125,0.975,1.025,0.875]},{"id":"test","shape":"parallelogram","outlier_type":2,"choice":2,"outlierPosition":2,"success":true,"majorityOfMostRegularShapes":false,"rt":5802.79999999702,"rot1":-15,"rot2":25,"rot3":15,"rot4":5,"rot5":-5,"rot6":-25,"dil1":0.975,"dil2":1.025,"dil3":0.875,"dil4":1.125,"dil5":1.075,"dil6":0.925,"rots":[-15,25,15,5,-5,-25],"dils":[0.975,1.025,0.875,1.125,1.075,0.925]},{"id":"test","shape":"trapezoid","outlier_type":3,"choice":4,"outlierPosition":4,"success":true,"majorityOfMostRegularShapes":true,"rt":2779.5,"rot1":25,"rot2":15,"rot3":-25,"rot4":-15,"rot5":-5,"rot6":5,"dil1":0.975,"dil2":1.125,"dil3":0.875,"dil4":1.025,"dil5":0.925,"dil6":1.075,"rots":[25,15,-25,-15,-5,5],"dils":[0.975,1.125,0.875,1.025,0.925,1.075]},{"id":"test","shape":"square","outlier_type":1,"choice":4,"outlierPosition":4,"success":true,"majorityOfMostRegularShapes":false,"rt":1345.5,"rot1":5,"rot2":15,"rot3":25,"rot4":-5,"rot5":-15,"rot6":-25,"dil1":1.075,"dil2":1.125,"dil3":0.875,"dil4":0.975,"dil5":0.925,"dil6":1.025,"rots":[5,15,25,-5,-15,-25],"dils":[1.075,1.125,0.875,0.975,0.925,1.025]},{"id":"test","shape":"hinge","outlier_type":2,"choice":3,"outlierPosition":3,"success":true,"majorityOfMostRegularShapes":true,"rt":3399.60000000149,"rot1":-5,"rot2":-25,"rot3":25,"rot4":5,"rot5":15,"rot6":-15,"dil1":0.975,"dil2":1.025,"dil3":0.875,"dil4":1.075,"dil5":0.925,"dil6":1.125,"rots":[-5,-25,25,5,15,-15],"dils":[0.975,1.025,0.875,1.075,0.925,1.125]},{"id":"test","shape":"square","outlier_type":3,"choice":5,"outlierPosition":5,"success":true,"majorityOfMostRegularShapes":false,"rt":1061.5,"rot1":-15,"rot2":25,"rot3":15,"rot4":-25,"rot5":-5,"rot6":5,"dil1":0.925,"dil2":1.025,"dil3":1.075,"dil4":1.125,"dil5":0.975,"dil6":0.875,"rots":[-15,25,15,-25,-5,5],"dils":[0.925,1.025,1.075,1.125,0.975,0.875]},{"id":"test","shape":"rustedHinge","outlier_type":2,"choice":2,"outlierPosition":2,"success":true,"majorityOfMostRegularShapes":true,"rt":1615.7999999970198,"rot1":5,"rot2":25,"rot3":-25,"rot4":15,"rot5":-5,"rot6":-15,"dil1":0.875,"dil2":0.925,"dil3":0.975,"dil4":1.075,"dil5":1.125,"dil6":1.025,"rots":[5,25,-25,15,-5,-15],"dils":[0.875,0.925,0.975,1.075,1.125,1.025]},{"id":"test","shape":"kite","outlier_type":3,"choice":5,"outlierPosition":5,"success":true,"majorityOfMostRegularShapes":false,"rt":3191.1999999955297,"rot1":-25,"rot2":-15,"rot3":-5,"rot4":5,"rot5":15,"rot6":25,"dil1":0.875,"dil2":0.925,"dil3":1.025,"dil4":1.125,"dil5":0.975,"dil6":1.075,"rots":[-25,-15,-5,5,15,25],"dils":[0.875,0.925,1.025,1.125,0.975,1.075]},{"id":"test","shape":"rightKite","outlier_type":2,"choice":2,"outlierPosition":2,"success":true,"majorityOfMostRegularShapes":true,"rt":4257.20000000298,"rot1":15,"rot2":-15,"rot3":25,"rot4":5,"rot5":-25,"rot6":-5,"dil1":1.075,"dil2":0.975,"dil3":1.025,"dil4":1.125,"dil5":0.925,"dil6":0.875,"rots":[15,-15,25,5,-25,-5],"dils":[1.075,0.975,1.025,1.125,0.925,0.875]},{"id":"test","shape":"parallelogram","outlier_type":3,"choice":2,"outlierPosition":2,"success":true,"majorityOfMostRegularShapes":true,"rt":2212.7000000029802,"rot1":-5,"rot2":-15,"rot3":15,"rot4":-25,"rot5":5,"rot6":25,"dil1":1.025,"dil2":1.125,"dil3":0.925,"dil4":1.075,"dil5":0.875,"dil6":0.975,"rots":[-5,-15,15,-25,5,25],"dils":[1.025,1.125,0.925,1.075,0.875,0.975]},{"id":"test","shape":"rectangle","outlier_type":0,"choice":2,"outlierPosition":2,"success":true,"majorityOfMostRegularShapes":false,"rt":1723.8999999985099,"rot1":-25,"rot2":-5,"rot3":5,"rot4":-15,"rot5":25,"rot6":15,"dil1":0.925,"dil2":0.875,"dil3":1.075,"dil4":1.125,"dil5":0.975,"dil6":1.025,"rots":[-25,-5,5,-15,25,15],"dils":[0.925,0.875,1.075,1.125,0.975,1.025]},{"id":"test","shape":"random","outlier_type":1,"choice":3,"outlierPosition":3,"success":true,"majorityOfMostRegularShapes":true,"rt":3099.3000000044703,"rot1":-25,"rot2":15,"rot3":25,"rot4":-15,"rot5":5,"rot6":-5,"dil1":0.925,"dil2":0.875,"dil3":1.025,"dil4":1.075,"dil5":1.125,"dil6":0.975,"rots":[-25,15,25,-15,5,-5],"dils":[0.925,0.875,1.025,1.075,1.125,0.975]},{"id":"test","shape":"isoTrapezoid","outlier_type":0,"choice":5,"outlierPosition":5,"success":true,"majorityOfMostRegularShapes":false,"rt":2454.4000000059605,"rot1":-5,"rot2":-25,"rot3":15,"rot4":5,"rot5":-15,"rot6":25,"dil1":0.875,"dil2":1.025,"dil3":1.125,"dil4":0.975,"dil5":1.075,"dil6":0.925,"rots":[-5,-25,15,5,-15,25],"dils":[0.875,1.025,1.125,0.975,1.075,0.925]},{"id":"test","shape":"random","outlier_type":2,"choice":4,"outlierPosition":4,"success":true,"majorityOfMostRegularShapes":false,"rt":4037.10000000149,"rot1":15,"rot2":5,"rot3":25,"rot4":-5,"rot5":-15,"rot6":-25,"dil1":0.925,"dil2":0.975,"dil3":1.075,"dil4":1.025,"dil5":0.875,"dil6":1.125,"rots":[15,5,25,-5,-15,-25],"dils":[0.925,0.975,1.075,1.025,0.875,1.125]},{"id":"test","shape":"hinge","outlier_type":3,"choice":1,"outlierPosition":1,"success":true,"majorityOfMostRegularShapes":true,"rt":2674.1999999955297,"rot1":25,"rot2":-5,"rot3":-25,"rot4":15,"rot5":-15,"rot6":5,"dil1":1.025,"dil2":1.075,"dil3":0.925,"dil4":0.975,"dil5":0.875,"dil6":1.125,"rots":[25,-5,-25,15,-15,5],"dils":[1.025,1.075,0.925,0.975,0.875,1.125]},{"id":"test","shape":"trapezoid","outlier_type":2,"choice":1,"outlierPosition":0,"success":false,"majorityOfMostRegularShapes":true,"rt":2069.39999999851,"rot1":15,"rot2":-25,"rot3":5,"rot4":-5,"rot5":-15,"rot6":25,"dil1":0.875,"dil2":0.975,"dil3":1.025,"dil4":1.075,"dil5":0.925,"dil6":1.125,"rots":[15,-25,5,-5,-15,25],"dils":[0.875,0.975,1.025,1.075,0.925,1.125]},{"id":"test","shape":"square","outlier_type":0,"choice":0,"outlierPosition":0,"success":true,"majorityOfMostRegularShapes":false,"rt":1458.2000000029802,"rot1":-15,"rot2":-25,"rot3":-5,"rot4":15,"rot5":25,"rot6":5,"dil1":0.925,"dil2":0.875,"dil3":1.025,"dil4":0.975,"dil5":1.125,"dil6":1.075,"rots":[-15,-25,-5,15,25,5],"dils":[0.925,0.875,1.025,0.975,1.125,1.075]},{"id":"test","shape":"rectangle","outlier_type":3,"choice":4,"outlierPosition":1,"success":false,"majorityOfMostRegularShapes":false,"rt":1032.3999999985099,"rot1":-25,"rot2":25,"rot3":5,"rot4":-5,"rot5":-15,"rot6":15,"dil1":1.125,"dil2":1.075,"dil3":1.025,"dil4":0.975,"dil5":0.875,"dil6":0.925,"rots":[-25,25,5,-5,-15,15],"dils":[1.125,1.075,1.025,0.975,0.875,0.925]},{"id":"test","shape":"losange","outlier_type":2,"choice":5,"outlierPosition":5,"success":true,"majorityOfMostRegularShapes":false,"rt":2903.0999999940395,"rot1":-5,"rot2":-15,"rot3":5,"rot4":25,"rot5":15,"rot6":-25,"dil1":0.875,"dil2":0.925,"dil3":1.125,"dil4":0.975,"dil5":1.075,"dil6":1.025,"rots":[-5,-15,5,25,15,-25],"dils":[0.875,0.925,1.125,0.975,1.075,1.025]},{"id":"test","shape":"parallelogram","outlier_type":0,"choice":1,"outlierPosition":1,"success":true,"majorityOfMostRegularShapes":true,"rt":2985.7999999970198,"rot1":15,"rot2":-5,"rot3":25,"rot4":-25,"rot5":-15,"rot6":5,"dil1":0.975,"dil2":1.125,"dil3":0.925,"dil4":1.075,"dil5":1.025,"dil6":0.875,"rots":[15,-5,25,-25,-15,5],"dils":[0.975,1.125,0.925,1.075,1.025,0.875]},{"id":"test","shape":"rightKite","outlier_type":3,"choice":5,"outlierPosition":3,"success":false,"majorityOfMostRegularShapes":true,"rt":1466.8000000044703,"rot1":15,"rot2":-15,"rot3":-25,"rot4":25,"rot5":5,"rot6":-5,"dil1":1.025,"dil2":0.925,"dil3":1.125,"dil4":0.975,"dil5":0.875,"dil6":1.075,"rots":[15,-15,-25,25,5,-5],"dils":[1.025,0.925,1.125,0.975,0.875,1.075]},{"id":"test","shape":"rustedHinge","outlier_type":0,"choice":0,"outlierPosition":0,"success":true,"majorityOfMostRegularShapes":false,"rt":3795.9000000059605,"rot1":-15,"rot2":15,"rot3":-5,"rot4":-25,"rot5":25,"rot6":5,"dil1":1.125,"dil2":0.875,"dil3":0.975,"dil4":1.025,"dil5":1.075,"dil6":0.925,"rots":[-15,15,-5,-25,25,5],"dils":[1.125,0.875,0.975,1.025,1.075,0.925]},{"id":"test","shape":"rustedHinge","outlier_type":3,"choice":3,"outlierPosition":5,"success":false,"majorityOfMostRegularShapes":true,"rt":3355.10000000149,"rot1":5,"rot2":15,"rot3":-5,"rot4":-25,"rot5":25,"rot6":-15,"dil1":1.125,"dil2":1.025,"dil3":0.875,"dil4":0.925,"dil5":0.975,"dil6":1.075,"rots":[5,15,-5,-25,25,-15],"dils":[1.125,1.025,0.875,0.925,0.975,1.075]},{"id":"test","shape":"square","outlier_type":0,"choice":5,"outlierPosition":5,"success":true,"majorityOfMostRegularShapes":true,"rt":1106,"rot1":-5,"rot2":15,"rot3":25,"rot4":5,"rot5":-25,"rot6":-15,"dil1":0.975,"dil2":1.075,"dil3":1.125,"dil4":1.025,"dil5":0.875,"dil6":0.925,"rots":[-5,15,25,5,-25,-15],"dils":[0.975,1.075,1.125,1.025,0.875,0.925]},{"id":"test","shape":"kite","outlier_type":1,"choice":5,"outlierPosition":5,"success":true,"majorityOfMostRegularShapes":true,"rt":4315.0999999940395,"rot1":-15,"rot2":-25,"rot3":15,"rot4":25,"rot5":-5,"rot6":5,"dil1":1.025,"dil2":1.075,"dil3":1.125,"dil4":0.875,"dil5":0.975,"dil6":0.925,"rots":[-15,-25,15,25,-5,5],"dils":[1.025,1.075,1.125,0.875,0.975,0.925]},{"id":"test","shape":"trapezoid","outlier_type":0,"choice":5,"outlierPosition":5,"success":true,"majorityOfMostRegularShapes":false,"rt":5111.5,"rot1":5,"rot2":-5,"rot3":-15,"rot4":-25,"rot5":25,"rot6":15,"dil1":0.875,"dil2":1.125,"dil3":1.075,"dil4":0.975,"dil5":1.025,"dil6":0.925,"rots":[5,-5,-15,-25,25,15],"dils":[0.875,1.125,1.075,0.975,1.025,0.925]},{"id":"test","shape":"kite","outlier_type":3,"choice":4,"outlierPosition":4,"success":true,"majorityOfMostRegularShapes":true,"rt":2028.7999999970198,"rot1":-5,"rot2":-15,"rot3":25,"rot4":15,"rot5":-25,"rot6":5,"dil1":1.075,"dil2":0.975,"dil3":0.925,"dil4":1.125,"dil5":1.025,"dil6":0.875,"rots":[-5,-15,25,15,-25,5],"dils":[1.075,0.975,0.925,1.125,1.025,0.875]},{"id":"test","shape":"isoTrapezoid","outlier_type":1,"choice":5,"outlierPosition":5,"success":true,"majorityOfMostRegularShapes":true,"rt":1494.8000000044703,"rot1":25,"rot2":15,"rot3":-5,"rot4":-25,"rot5":-15,"rot6":5,"dil1":1.025,"dil2":1.125,"dil3":1.075,"dil4":0.925,"dil5":0.875,"dil6":0.975,"rots":[25,15,-5,-25,-15,5],"dils":[1.025,1.125,1.075,0.925,0.875,0.975]},{"id":"test","shape":"random","outlier_type":2,"choice":4,"outlierPosition":0,"success":false,"majorityOfMostRegularShapes":true,"rt":2989.3000000044703,"rot1":25,"rot2":-25,"rot3":5,"rot4":15,"rot5":-15,"rot6":-5,"dil1":0.925,"dil2":0.975,"dil3":1.125,"dil4":1.075,"dil5":0.875,"dil6":1.025,"rots":[25,-25,5,15,-15,-5],"dils":[0.925,0.975,1.125,1.075,0.875,1.025]},{"id":"test","shape":"rustedHinge","outlier_type":1,"choice":4,"outlierPosition":4,"success":true,"majorityOfMostRegularShapes":true,"rt":1383.5,"rot1":5,"rot2":15,"rot3":-5,"rot4":-25,"rot5":25,"rot6":-15,"dil1":0.875,"dil2":1.025,"dil3":1.125,"dil4":0.975,"dil5":1.075,"dil6":0.925,"rots":[5,15,-5,-25,25,-15],"dils":[0.875,1.025,1.125,0.975,1.075,0.925]},{"id":"test","shape":"rectangle","outlier_type":0,"choice":1,"outlierPosition":1,"success":true,"majorityOfMostRegularShapes":true,"rt":2386.2000000029802,"rot1":-5,"rot2":15,"rot3":5,"rot4":-25,"rot5":-15,"rot6":25,"dil1":1.125,"dil2":0.925,"dil3":1.025,"dil4":0.975,"dil5":1.075,"dil6":0.875,"rots":[-5,15,5,-25,-15,25],"dils":[1.125,0.925,1.025,0.975,1.075,0.875]},{"id":"test","shape":"rightKite","outlier_type":1,"choice":5,"outlierPosition":5,"success":true,"majorityOfMostRegularShapes":false,"rt":3185.7000000029802,"rot1":-25,"rot2":5,"rot3":-5,"rot4":-15,"rot5":25,"rot6":15,"dil1":0.975,"dil2":1.125,"dil3":0.875,"dil4":1.075,"dil5":1.025,"dil6":0.925,"rots":[-25,5,-5,-15,25,15],"dils":[0.975,1.125,0.875,1.075,1.025,0.925]},{"id":"test","shape":"rectangle","outlier_type":2,"choice":4,"outlierPosition":4,"success":true,"majorityOfMostRegularShapes":false,"rt":1201.2999999970198,"rot1":15,"rot2":-25,"rot3":25,"rot4":-5,"rot5":-15,"rot6":5,"dil1":1.125,"dil2":0.925,"dil3":0.875,"dil4":1.075,"dil5":0.975,"dil6":1.025,"rots":[15,-25,25,-5,-15,5],"dils":[1.125,0.925,0.875,1.075,0.975,1.025]},{"id":"test","shape":"rightKite","outlier_type":0,"choice":4,"outlierPosition":4,"success":true,"majorityOfMostRegularShapes":false,"rt":3941,"rot1":15,"rot2":-25,"rot3":5,"rot4":25,"rot5":-5,"rot6":-15,"dil1":1.025,"dil2":1.125,"dil3":0.975,"dil4":0.925,"dil5":0.875,"dil6":1.075,"rots":[15,-25,5,25,-5,-15],"dils":[1.025,1.125,0.975,0.925,0.875,1.075]},{"id":"test","shape":"losange","outlier_type":1,"choice":0,"outlierPosition":0,"success":true,"majorityOfMostRegularShapes":true,"rt":2100.5,"rot1":-5,"rot2":5,"rot3":25,"rot4":15,"rot5":-15,"rot6":-25,"dil1":1.075,"dil2":0.925,"dil3":1.025,"dil4":1.125,"dil5":0.875,"dil6":0.975,"rots":[-5,5,25,15,-15,-25],"dils":[1.075,0.925,1.025,1.125,0.875,0.975]},{"id":"test","shape":"rustedHinge","outlier_type":0,"choice":0,"outlierPosition":0,"success":true,"majorityOfMostRegularShapes":true,"rt":2130.39999999851,"rot1":25,"rot2":-25,"rot3":-15,"rot4":5,"rot5":15,"rot6":-5,"dil1":1.025,"dil2":0.925,"dil3":0.975,"dil4":0.875,"dil5":1.075,"dil6":1.125,"rots":[25,-25,-15,5,15,-5],"dils":[1.025,0.925,0.975,0.875,1.075,1.125]},{"id":"test","shape":"parallelogram","outlier_type":1,"choice":0,"outlierPosition":0,"success":true,"majorityOfMostRegularShapes":false,"rt":2271.7999999970198,"rot1":5,"rot2":-25,"rot3":15,"rot4":-15,"rot5":25,"rot6":-5,"dil1":0.975,"dil2":1.125,"dil3":0.875,"dil4":1.025,"dil5":0.925,"dil6":1.075,"rots":[5,-25,15,-15,25,-5],"dils":[0.975,1.125,0.875,1.025,0.925,1.075]},{"id":"test","shape":"parallelogram","outlier_type":0,"choice":5,"outlierPosition":5,"success":true,"majorityOfMostRegularShapes":false,"rt":2568.7999999970198,"rot1":25,"rot2":5,"rot3":15,"rot4":-25,"rot5":-15,"rot6":-5,"dil1":0.975,"dil2":0.875,"dil3":1.075,"dil4":0.925,"dil5":1.025,"dil6":1.125,"rots":[25,5,15,-25,-15,-5],"dils":[0.975,0.875,1.075,0.925,1.025,1.125]},{"id":"test","shape":"square","outlier_type":2,"choice":4,"outlierPosition":4,"success":true,"majorityOfMostRegularShapes":true,"rt":1205.9000000059605,"rot1":15,"rot2":-15,"rot3":25,"rot4":-5,"rot5":-25,"rot6":5,"dil1":0.975,"dil2":0.875,"dil3":0.925,"dil4":1.125,"dil5":1.025,"dil6":1.075,"rots":[15,-15,25,-5,-25,5],"dils":[0.975,0.875,0.925,1.125,1.025,1.075]},{"id":"test","shape":"trapezoid","outlier_type":3,"choice":3,"outlierPosition":3,"success":true,"majorityOfMostRegularShapes":false,"rt":4989.29999999702,"rot1":-15,"rot2":25,"rot3":5,"rot4":15,"rot5":-25,"rot6":-5,"dil1":1.125,"dil2":1.025,"dil3":1.075,"dil4":0.975,"dil5":0.875,"dil6":0.925,"rots":[-15,25,5,15,-25,-5],"dils":[1.125,1.025,1.075,0.975,0.875,0.925]},{"id":"test","shape":"parallelogram","outlier_type":2,"choice":1,"outlierPosition":1,"success":true,"majorityOfMostRegularShapes":true,"rt":1971.8000000044703,"rot1":-15,"rot2":15,"rot3":25,"rot4":-5,"rot5":5,"rot6":-25,"dil1":0.975,"dil2":0.875,"dil3":1.025,"dil4":1.075,"dil5":1.125,"dil6":0.925,"rots":[-15,15,25,-5,5,-25],"dils":[0.975,0.875,1.025,1.075,1.125,0.925]},{"id":"test","shape":"parallelogram","outlier_type":3,"choice":3,"outlierPosition":3,"success":true,"majorityOfMostRegularShapes":false,"rt":2836,"rot1":-25,"rot2":5,"rot3":25,"rot4":-15,"rot5":15,"rot6":-5,"dil1":1.025,"dil2":1.125,"dil3":0.925,"dil4":1.075,"dil5":0.975,"dil6":0.875,"rots":[-25,5,25,-15,15,-5],"dils":[1.025,1.125,0.925,1.075,0.975,0.875]},{"id":"test","shape":"square","outlier_type":3,"choice":2,"outlierPosition":2,"success":true,"majorityOfMostRegularShapes":true,"rt":1579,"rot1":25,"rot2":-15,"rot3":-25,"rot4":-5,"rot5":15,"rot6":5,"dil1":0.925,"dil2":1.025,"dil3":0.875,"dil4":0.975,"dil5":1.075,"dil6":1.125,"rots":[25,-15,-25,-5,15,5],"dils":[0.925,1.025,0.875,0.975,1.075,1.125]}],"desiredDistance":0.3,"trial_type":"oddball-grid","trial_index":5,"time_elapsed":710675,"internal_node_id":"0.0-5.0","score":0.7954545454545454,"early_termination":false}]