[{"rt":1917,"url":"external-consent.html","trial_type":"external-html","trial_index":0,"time_elapsed":1922,"internal_node_id":"0.0-0.0","score":0.7954545454545454,"early_termination":false},{"rt":4264.0999999996275,"responses":"{\"Q0\":\"NA\",\"Q1\":\"NA\",\"Q2\":\"NA\"}","trial_type":"survey-text","trial_index":1,"time_elapsed":6188,"internal_node_id":"0.0-1.0","score":0.7954545454545454,"early_termination":false},{"success":true,"trial_type":"fullscreen","trial_index":2,"time_elapsed":9033,"internal_node_id":"0.0-2.0","score":0.7954545454545454,"early_termination":false},{"results":[{"id":"train-images","loop_number":1,"shape":"test10","outlier_type":"NA","choice":3,"outlierPosition":3,"success":true,"majorityOfMostRegularShapes":true,"rt":5297.9000000003725,"rot1":5,"rot2":15,"rot3":-5,"rot4":25,"rot5":-25,"rot6":-15,"dil1":1.025,"dil2":0.925,"dil3":1.075,"dil4":0.975,"dil5":1.125,"dil6":0.875,"rots":[5,15,-5,25,-25,-15],"dils":[1.025,0.925,1.075,0.975,1.125,0.875],"possible_pos":[0,1,2,3,4,5]},{"id":"train-images","loop_number":1,"shape":"test3","outlier_type":"NA","choice":3,"outlierPosition":3,"success":true,"majorityOfMostRegularShapes":true,"rt":2404.4000000003725,"rot1":5,"rot2":25,"rot3":-15,"rot4":15,"rot5":-5,"rot6":-25,"dil1":1.075,"dil2":0.925,"dil3":0.975,"dil4":0.875,"dil5":1.025,"dil6":1.125,"rots":[5,25,-15,15,-5,-25],"dils":[1.075,0.925,0.975,0.875,1.025,1.125],"possible_pos":[0,1,2,3,4,5]},{"id":"train-images","loop_number":1,"shape":"test1","outlier_type":"NA","choice":2,"outlierPosition":2,"success":true,"majorityOfMostRegularShapes":true,"rt":1331,"rot1":15,"rot2":-15,"rot3":25,"rot4":-25,"rot5":5,"rot6":-5,"dil1":1.125,"dil2":0.875,"dil3":0.925,"dil4":1.025,"dil5":0.975,"dil6":1.075,"rots":[15,-15,25,-25,5,-5],"dils":[1.125,0.875,0.925,1.025,0.975,1.075],"possible_pos":[0,1,2,3,4,5]},{"id":"train-images","loop_number":1,"shape":"test8","outlier_type":"NA","choice":5,"outlierPosition":5,"success":true,"majorityOfMostRegularShapes":false,"rt":877.0999999996275,"rot1":-15,"rot2":5,"rot3":25,"rot4":-25,"rot5":-5,"rot6":15,"dil1":1.025,"dil2":0.925,"dil3":1.075,"dil4":1.125,"dil5":0.875,"dil6":0.975,"rots":[-15,5,25,-25,-5,15],"dils":[1.025,0.925,1.075,1.125,0.875,0.975],"possible_pos":[0,1,2,3,4,5]},{"id":"train-images","loop_number":1,"shape":"test6","outlier_type":"NA","choice":4,"outlierPosition":4,"success":true,"majorityOfMostRegularShapes":false,"rt":3091,"rot1":25,"rot2":5,"rot3":-5,"rot4":-15,"rot5":15,"rot6":-25,"dil1":1.125,"dil2":1.025,"dil3":1.075,"dil4":0.975,"dil5":0.875,"dil6":0.925,"rots":[25,5,-5,-15,15,-25],"dils":[1.125,1.025,1.075,0.975,0.875,0.925],"possible_pos":[0,1,2,3,4,5]},{"id":"train-images","loop_number":1,"shape":"test5","outlier_type":"NA","choice":3,"outlierPosition":3,"success":true,"majorityOfMostRegularShapes":true,"rt":1048.3999999985099,"rot1":-5,"rot2":5,"rot3":25,"rot4":15,"rot5":-15,"rot6":-25,"dil1":1.075,"dil2":0.925,"dil3":0.975,"dil4":0.875,"dil5":1.025,"dil6":1.125,"rots":[-5,5,25,15,-15,-25],"dils":[1.075,0.925,0.975,0.875,1.025,1.125],"possible_pos":[0,1,2,3,4,5]},{"id":"train-images","loop_number":1,"shape":"test7","outlier_type":"NA","choice":0,"outlierPosition":0,"success":true,"majorityOfMostRegularShapes":true,"rt":1009.5,"rot1":25,"rot2":-5,"rot3":-15,"rot4":5,"rot5":15,"rot6":-25,"dil1":1.025,"dil2":0.875,"dil3":1.125,"dil4":1.075,"dil5":0.975,"dil6":0.925,"rots":[25,-5,-15,5,15,-25],"dils":[1.025,0.875,1.125,1.075,0.975,0.925],"possible_pos":[0,1,2,3,4,5]},{"id":"train-images","loop_number":1,"shape":"test3","outlier_type":"NA","choice":2,"outlierPosition":2,"success":true,"majorityOfMostRegularShapes":false,"rt":1122,"rot1":-5,"rot2":-25,"rot3":15,"rot4":5,"rot5":25,"rot6":-15,"dil1":1.125,"dil2":0.975,"dil3":1.075,"dil4":1.025,"dil5":0.925,"dil6":0.875,"rots":[-5,-25,15,5,25,-15],"dils":[1.125,0.975,1.075,1.025,0.925,0.875],"possible_pos":[0,1,2,3,4,5]},{"id":"train-images","loop_number":1,"shape":"test10","outlier_type":"NA","choice":4,"outlierPosition":4,"success":true,"majorityOfMostRegularShapes":false,"rt":1234.5999999996275,"rot1":-25,"rot2":-5,"rot3":25,"rot4":5,"rot5":-15,"rot6":15,"dil1":1.025,"dil2":0.875,"dil3":1.075,"dil4":1.125,"dil5":0.925,"dil6":0.975,"rots":[-25,-5,25,5,-15,15],"dils":[1.025,0.875,1.075,1.125,0.925,0.975],"possible_pos":[0,1,2,3,4,5]},{"id":"train-images","loop_number":1,"shape":"test6","outlier_type":"NA","choice":2,"outlierPosition":2,"success":true,"majorityOfMostRegularShapes":true,"rt":1207.2999999988824,"rot1":-15,"rot2":-5,"rot3":-25,"rot4":25,"rot5":5,"rot6":15,"dil1":0.975,"dil2":1.125,"dil3":0.925,"dil4":0.875,"dil5":1.025,"dil6":1.075,"rots":[-15,-5,-25,25,5,15],"dils":[0.975,1.125,0.925,0.875,1.025,1.075],"possible_pos":[0,1,2,3,4,5]},{"id":"train-images","loop_number":1,"shape":"test7","outlier_type":"NA","choice":0,"outlierPosition":0,"success":true,"majorityOfMostRegularShapes":false,"rt":934.0999999996275,"rot1":-15,"rot2":-5,"rot3":15,"rot4":5,"rot5":25,"rot6":-25,"dil1":0.875,"dil2":0.925,"dil3":1.075,"dil4":0.975,"dil5":1.125,"dil6":1.025,"rots":[-15,-5,15,5,25,-25],"dils":[0.875,0.925,1.075,0.975,1.125,1.025],"possible_pos":[0,1,2,3,4,5]},{"id":"train-images","loop_number":1,"shape":"test1","outlier_type":"NA","choice":3,"outlierPosition":3,"success":true,"majorityOfMostRegularShapes":false,"rt":850.5,"rot1":-5,"rot2":5,"rot3":25,"rot4":15,"rot5":-25,"rot6":-15,"dil1":0.875,"dil2":1.025,"dil3":1.125,"dil4":1.075,"dil5":0.925,"dil6":0.975,"rots":[-5,5,25,15,-25,-15],"dils":[0.875,1.025,1.125,1.075,0.925,0.975],"possible_pos":[0,1,2,3,4,5]},{"id":"train-images","loop_number":1,"shape":"test4","outlier_type":"NA","choice":2,"outlierPosition":2,"success":true,"majorityOfMostRegularShapes":false,"rt":1575.4000000003725,"rot1":-5,"rot2":-15,"rot3":5,"rot4":15,"rot5":-25,"rot6":25,"dil1":0.925,"dil2":0.875,"dil3":1.125,"dil4":0.975,"dil5":1.075,"dil6":1.025,"rots":[-5,-15,5,15,-25,25],"dils":[0.925,0.875,1.125,0.975,1.075,1.025],"possible_pos":[0,1,2,3,4,5]},{"id":"train-images","loop_number":1,"shape":"test5","outlier_type":"NA","choice":4,"outlierPosition":4,"success":true,"majorityOfMostRegularShapes":false,"rt":1002.0999999996275,"rot1":-15,"rot2":-5,"rot3":-25,"rot4":15,"rot5":25,"rot6":5,"dil1":0.875,"dil2":0.975,"dil3":0.925,"dil4":1.025,"dil5":1.125,"dil6":1.075,"rots":[-15,-5,-25,15,25,5],"dils":[0.875,0.975,0.925,1.025,1.125,1.075],"possible_pos":[0,1,2,3,4,5]},{"id":"train-images","loop_number":1,"shape":"test2","outlier_type":"NA","choice":4,"outlierPosition":4,"success":true,"majorityOfMostRegularShapes":false,"rt":665.8000000007451,"rot1":-15,"rot2":25,"rot3":5,"rot4":-25,"rot5":-5,"rot6":15,"dil1":0.925,"dil2":0.975,"dil3":1.075,"dil4":0.875,"dil5":1.025,"dil6":1.125,"rots":[-15,25,5,-25,-5,15],"dils":[0.925,0.975,1.075,0.875,1.025,1.125],"possible_pos":[0,1,2,3,4,5]},{"id":"train-images","loop_number":1,"shape":"test8","outlier_type":"NA","choice":1,"outlierPosition":1,"success":true,"majorityOfMostRegularShapes":true,"rt":898.4000000003725,"rot1":15,"rot2":-5,"rot3":5,"rot4":-25,"rot5":25,"rot6":-15,"dil1":1.075,"dil2":0.925,"dil3":1.125,"dil4":0.875,"dil5":0.975,"dil6":1.025,"rots":[15,-5,5,-25,25,-15],"dils":[1.075,0.925,1.125,0.875,0.975,1.025],"possible_pos":[0,1,2,3,4,5]},{"id":"train-images","loop_number":1,"shape":"test9","outlier_type":"NA","choice":2,"outlierPosition":2,"success":true,"majorityOfMostRegularShapes":false,"rt":834.9000000003725,"rot1":-15,"rot2":-5,"rot3":25,"rot4":5,"rot5":-25,"rot6":15,"dil1":1.075,"dil2":0.975,"dil3":1.025,"dil4":0.875,"dil5":1.125,"dil6":0.925,"rots":[-15,-5,25,5,-25,15],"dils":[1.075,0.975,1.025,0.875,1.125,0.925],"possible_pos":[0,1,2,3,4,5]},{"id":"train-images","loop_number":1,"shape":"test2","outlier_type":"NA","choice":4,"outlierPosition":4,"success":true,"majorityOfMostRegularShapes":true,"rt":701.0999999996275,"rot1":25,"rot2":15,"rot3":5,"rot4":-15,"rot5":-5,"rot6":-25,"dil1":1.125,"dil2":0.975,"dil3":1.075,"dil4":1.025,"dil5":0.875,"dil6":0.925,"rots":[25,15,5,-15,-5,-25],"dils":[1.125,0.975,1.075,1.025,0.875,0.925],"possible_pos":[0,1,2,3,4,5]},{"id":"train-images","loop_number":1,"shape":"test4","outlier_type":"NA","choice":2,"outlierPosition":2,"success":true,"majorityOfMostRegularShapes":true,"rt":958.5,"rot1":25,"rot2":15,"rot3":-25,"rot4":-5,"rot5":5,"rot6":-15,"dil1":1.075,"dil2":1.025,"dil3":0.925,"dil4":0.875,"dil5":1.125,"dil6":0.975,"rots":[25,15,-25,-5,5,-15],"dils":[1.075,1.025,0.925,0.875,1.125,0.975],"possible_pos":[0,1,2,3,4,5]},{"id":"train-images","loop_number":1,"shape":"test9","outlier_type":"NA","choice":0,"outlierPosition":0,"success":true,"majorityOfMostRegularShapes":true,"rt":969,"rot1":-5,"rot2":25,"rot3":15,"rot4":-15,"rot5":5,"rot6":-25,"dil1":0.875,"dil2":0.975,"dil3":1.075,"dil4":1.125,"dil5":1.025,"dil6":0.925,"rots":[-5,25,15,-15,5,-25],"dils":[0.875,0.975,1.075,1.125,1.025,0.925],"possible_pos":[0,1,2,3,4,5]}],"trial_type":"oddball-grid-image","trial_index":3,"time_elapsed":481837,"internal_node_id":"0.0-3.0","score":0.7954545454545454,"early_termination":false},{"results":[{"id":"gen2","loop_number":1,"shape":1,"outlier_type":"NA","choice":1,"outlierPosition":1,"success":true,"majorityOfMostRegularShapes":true,"rt":711.6999999992549,"rot1":15,"rot2":-5,"rot3":5,"rot4":-15,"rot5":25,"rot6":-25,"dil1":0.875,"dil2":1.025,"dil3":0.975,"dil4":0.925,"dil5":1.075,"dil6":1.125,"rots":[15,-5,5,-15,25,-25],"dils":[0.875,1.025,0.975,0.925,1.075,1.125]},{"id":"gen2","loop_number":1,"shape":2,"outlier_type":"NA","choice":0,"outlierPosition":0,"success":true,"majorityOfMostRegularShapes":true,"rt":915,"rot1":-15,"rot2":15,"rot3":-5,"rot4":-25,"rot5":25,"rot6":5,"dil1":0.925,"dil2":0.875,"dil3":0.975,"dil4":1.075,"dil5":1.125,"dil6":1.025,"rots":[-15,15,-5,-25,25,5],"dils":[0.925,0.875,0.975,1.075,1.125,1.025]},{"id":"gen2","loop_number":1,"shape":1,"outlier_type":"NA","choice":4,"outlierPosition":4,"success":true,"majorityOfMostRegularShapes":false,"rt":1052.9000000003725,"rot1":15,"rot2":25,"rot3":5,"rot4":-25,"rot5":-5,"rot6":-15,"dil1":1.075,"dil2":0.875,"dil3":1.125,"dil4":0.925,"dil5":1.025,"dil6":0.975,"rots":[15,25,5,-25,-5,-15],"dils":[1.075,0.875,1.125,0.925,1.025,0.975]},{"id":"gen2","loop_number":1,"shape":2,"outlier_type":"NA","choice":1,"outlierPosition":1,"success":true,"majorityOfMostRegularShapes":false,"rt":2014.5,"rot1":5,"rot2":-25,"rot3":15,"rot4":-5,"rot5":-15,"rot6":25,"dil1":0.875,"dil2":0.925,"dil3":1.075,"dil4":1.025,"dil5":0.975,"dil6":1.125,"rots":[5,-25,15,-5,-15,25],"dils":[0.875,0.925,1.075,1.025,0.975,1.125]},{"id":"gen2","loop_number":1,"shape":0,"outlier_type":"NA","choice":4,"outlierPosition":4,"success":true,"majorityOfMostRegularShapes":false,"rt":1096.800000000745,"rot1":5,"rot2":-15,"rot3":-5,"rot4":15,"rot5":-25,"rot6":25,"dil1":0.925,"dil2":1.125,"dil3":0.975,"dil4":0.875,"dil5":1.025,"dil6":1.075,"rots":[5,-15,-5,15,-25,25],"dils":[0.925,1.125,0.975,0.875,1.025,1.075]},{"id":"gen2","loop_number":1,"shape":2,"outlier_type":"NA","choice":3,"outlierPosition":3,"success":true,"majorityOfMostRegularShapes":false,"rt":838,"rot1":-25,"rot2":15,"rot3":5,"rot4":25,"rot5":-5,"rot6":-15,"dil1":1.025,"dil2":0.875,"dil3":0.925,"dil4":1.075,"dil5":0.975,"dil6":1.125,"rots":[-25,15,5,25,-5,-15],"dils":[1.025,0.875,0.925,1.075,0.975,1.125]},{"id":"gen2","loop_number":1,"shape":0,"outlier_type":"NA","choice":5,"outlierPosition":5,"success":true,"majorityOfMostRegularShapes":true,"rt":1185.199999999255,"rot1":25,"rot2":-15,"rot3":-5,"rot4":15,"rot5":5,"rot6":-25,"dil1":0.975,"dil2":1.125,"dil3":1.075,"dil4":0.875,"dil5":1.025,"dil6":0.925,"rots":[25,-15,-5,15,5,-25],"dils":[0.975,1.125,1.075,0.875,1.025,0.925]},{"id":"gen2","loop_number":1,"shape":2,"outlier_type":"NA","choice":0,"outlierPosition":0,"success":true,"majorityOfMostRegularShapes":false,"rt":812.6999999992549,"rot1":-25,"rot2":-15,"rot3":15,"rot4":-5,"rot5":5,"rot6":25,"dil1":1.025,"dil2":0.975,"dil3":1.125,"dil4":1.075,"dil5":0.925,"dil6":0.875,"rots":[-25,-15,15,-5,5,25],"dils":[1.025,0.975,1.125,1.075,0.925,0.875]},{"id":"gen2","loop_number":1,"shape":0,"outlier_type":"NA","choice":1,"outlierPosition":1,"success":true,"majorityOfMostRegularShapes":false,"rt":757.1999999992549,"rot1":15,"rot2":-15,"rot3":5,"rot4":-25,"rot5":-5,"rot6":25,"dil1":1.125,"dil2":0.925,"dil3":0.975,"dil4":0.875,"dil5":1.025,"dil6":1.075,"rots":[15,-15,5,-25,-5,25],"dils":[1.125,0.925,0.975,0.875,1.025,1.075]},{"id":"gen2","loop_number":1,"shape":1,"outlier_type":"NA","choice":0,"outlierPosition":0,"success":true,"majorityOfMostRegularShapes":false,"rt":825,"rot1":-15,"rot2":15,"rot3":5,"rot4":25,"rot5":-25,"rot6":-5,"dil1":1.125,"dil2":1.025,"dil3":1.075,"dil4":0.925,"dil5":0.875,"dil6":0.975,"rots":[-15,15,5,25,-25,-5],"dils":[1.125,1.025,1.075,0.925,0.875,0.975]},{"id":"gen2","loop_number":1,"shape":0,"outlier_type":"NA","choice":2,"outlierPosition":2,"success":true,"majorityOfMostRegularShapes":true,"rt":1060.5999999996275,"rot1":-15,"rot2":-25,"rot3":25,"rot4":15,"rot5":5,"rot6":-5,"dil1":1.075,"dil2":1.025,"dil3":0.925,"dil4":1.125,"dil5":0.875,"dil6":0.975,"rots":[-15,-25,25,15,5,-5],"dils":[1.075,1.025,0.925,1.125,0.875,0.975]},{"id":"gen2","loop_number":1,"shape":1,"outlier_type":"NA","choice":5,"outlierPosition":5,"success":true,"majorityOfMostRegularShapes":true,"rt":688.1999999992549,"rot1":-5,"rot2":5,"rot3":-15,"rot4":-25,"rot5":25,"rot6":15,"dil1":0.925,"dil2":0.875,"dil3":1.125,"dil4":1.025,"dil5":0.975,"dil6":1.075,"rots":[-5,5,-15,-25,25,15],"dils":[0.925,0.875,1.125,1.025,0.975,1.075]},{"id":"gen2","loop_number":1,"shape":2,"outlier_type":"NA","choice":2,"outlierPosition":2,"success":true,"majorityOfMostRegularShapes":true,"rt":907.7999999988824,"rot1":5,"rot2":-5,"rot3":-15,"rot4":15,"rot5":-25,"rot6":25,"dil1":1.125,"dil2":1.025,"dil3":0.975,"dil4":1.075,"dil5":0.875,"dil6":0.925,"rots":[5,-5,-15,15,-25,25],"dils":[1.125,1.025,0.975,1.075,0.875,0.925]},{"id":"gen2","loop_number":1,"shape":1,"outlier_type":"NA","choice":4,"outlierPosition":4,"success":true,"majorityOfMostRegularShapes":false,"rt":962.4000000003725,"rot1":15,"rot2":-25,"rot3":5,"rot4":-5,"rot5":-15,"rot6":25,"dil1":0.925,"dil2":1.125,"dil3":0.875,"dil4":1.025,"dil5":0.975,"dil6":1.075,"rots":[15,-25,5,-5,-15,25],"dils":[0.925,1.125,0.875,1.025,0.975,1.075]},{"id":"gen2","loop_number":1,"shape":0,"outlier_type":"NA","choice":3,"outlierPosition":3,"success":true,"majorityOfMostRegularShapes":false,"rt":737,"rot1":5,"rot2":15,"rot3":-25,"rot4":-15,"rot5":-5,"rot6":25,"dil1":1.125,"dil2":0.925,"dil3":1.025,"dil4":0.975,"dil5":1.075,"dil6":0.875,"rots":[5,15,-25,-15,-5,25],"dils":[1.125,0.925,1.025,0.975,1.075,0.875]},{"id":"gen2","loop_number":1,"shape":2,"outlier_type":"NA","choice":3,"outlierPosition":3,"success":true,"majorityOfMostRegularShapes":true,"rt":1396.7000000011176,"rot1":-15,"rot2":-25,"rot3":5,"rot4":15,"rot5":25,"rot6":-5,"dil1":1.125,"dil2":0.875,"dil3":0.925,"dil4":1.075,"dil5":1.025,"dil6":0.975,"rots":[-15,-25,5,15,25,-5],"dils":[1.125,0.875,0.925,1.075,1.025,0.975]},{"id":"gen2","loop_number":1,"shape":1,"outlier_type":"NA","choice":1,"outlierPosition":1,"success":true,"majorityOfMostRegularShapes":true,"rt":918.5999999996275,"rot1":-15,"rot2":5,"rot3":-5,"rot4":15,"rot5":25,"rot6":-25,"dil1":1.025,"dil2":0.875,"dil3":1.075,"dil4":1.125,"dil5":0.925,"dil6":0.975,"rots":[-15,5,-5,15,25,-25],"dils":[1.025,0.875,1.075,1.125,0.925,0.975]},{"id":"gen2","loop_number":1,"shape":0,"outlier_type":"NA","choice":0,"outlierPosition":0,"success":true,"majorityOfMostRegularShapes":true,"rt":1142.2999999988824,"rot1":15,"rot2":5,"rot3":25,"rot4":-5,"rot5":-15,"rot6":-25,"dil1":0.925,"dil2":0.975,"dil3":1.075,"dil4":1.125,"dil5":1.025,"dil6":0.875,"rots":[15,5,25,-5,-15,-25],"dils":[0.925,0.975,1.075,1.125,1.025,0.875]}],"trial_type":"oddball-grid-easy","trial_index":4,"time_elapsed":526337,"internal_node_id":"0.0-4.0","score":0.7954545454545454,"early_termination":false},{"results":[{"id":"test","shape":"kite","outlier_type":0,"choice":0,"outlierPosition":0,"success":true,"majorityOfMostRegularShapes":false,"rt":3762.699999999255,"rot1":5,"rot2":-25,"rot3":15,"rot4":-5,"rot5":-15,"rot6":25,"dil1":0.875,"dil2":1.125,"dil3":0.925,"dil4":0.975,"dil5":1.025,"dil6":1.075,"rots":[5,-25,15,-5,-15,25],"dils":[0.875,1.125,0.925,0.975,1.025,1.075]},{"id":"test","shape":"trapezoid","outlier_type":3,"choice":1,"outlierPosition":0,"success":false,"majorityOfMostRegularShapes":true,"rt":4962,"rot1":-15,"rot2":25,"rot3":-5,"rot4":-25,"rot5":5,"rot6":15,"dil1":1.025,"dil2":0.925,"dil3":1.075,"dil4":0.975,"dil5":1.125,"dil6":0.875,"rots":[-15,25,-5,-25,5,15],"dils":[1.025,0.925,1.075,0.975,1.125,0.875]},{"id":"test","shape":"square","outlier_type":0,"choice":1,"outlierPosition":1,"success":true,"majorityOfMostRegularShapes":false,"rt":2733.0999999996275,"rot1":5,"rot2":25,"rot3":15,"rot4":-15,"rot5":-5,"rot6":-25,"dil1":0.875,"dil2":1.025,"dil3":1.075,"dil4":0.975,"dil5":0.925,"dil6":1.125,"rots":[5,25,15,-15,-5,-25],"dils":[0.875,1.025,1.075,0.975,0.925,1.125]},{"id":"test","shape":"losange","outlier_type":1,"choice":2,"outlierPosition":4,"success":false,"majorityOfMostRegularShapes":false,"rt":4620.5,"rot1":-5,"rot2":25,"rot3":-15,"rot4":-25,"rot5":15,"rot6":5,"dil1":0.875,"dil2":1.075,"dil3":0.975,"dil4":1.125,"dil5":1.025,"dil6":0.925,"rots":[-5,25,-15,-25,15,5],"dils":[0.875,1.075,0.975,1.125,1.025,0.925]},{"id":"test","shape":"random","outlier_type":3,"choice":0,"outlierPosition":0,"success":true,"majorityOfMostRegularShapes":false,"rt":1771,"rot1":-25,"rot2":25,"rot3":15,"rot4":-15,"rot5":-5,"rot6":5,"dil1":1.125,"dil2":1.025,"dil3":0.875,"dil4":0.975,"dil5":0.925,"dil6":1.075,"rots":[-25,25,15,-15,-5,5],"dils":[1.125,1.025,0.875,0.975,0.925,1.075]},{"id":"test","shape":"rustedHinge","outlier_type":2,"choice":4,"outlierPosition":4,"success":true,"majorityOfMostRegularShapes":true,"rt":5378.300000000745,"rot1":5,"rot2":25,"rot3":-15,"rot4":-25,"rot5":-5,"rot6":15,"dil1":1.125,"dil2":0.975,"dil3":1.075,"dil4":1.025,"dil5":0.875,"dil6":0.925,"rots":[5,25,-15,-25,-5,15],"dils":[1.125,0.975,1.075,1.025,0.875,0.925]},{"id":"test","shape":"isoTrapezoid","outlier_type":3,"choice":4,"outlierPosition":4,"success":true,"majorityOfMostRegularShapes":true,"rt":1505.300000000745,"rot1":-15,"rot2":-5,"rot3":15,"rot4":5,"rot5":25,"rot6":-25,"dil1":1.025,"dil2":1.125,"dil3":0.925,"dil4":0.975,"dil5":1.075,"dil6":0.875,"rots":[-15,-5,15,5,25,-25],"dils":[1.025,1.125,0.925,0.975,1.075,0.875]},{"id":"test","shape":"rightKite","outlier_type":2,"choice":3,"outlierPosition":3,"success":true,"majorityOfMostRegularShapes":true,"rt":1210.5999999996275,"rot1":15,"rot2":25,"rot3":-15,"rot4":-25,"rot5":5,"rot6":-5,"dil1":1.025,"dil2":1.125,"dil3":0.975,"dil4":0.875,"dil5":0.925,"dil6":1.075,"rots":[15,25,-15,-25,5,-5],"dils":[1.025,1.125,0.975,0.875,0.925,1.075]},{"id":"test","shape":"square","outlier_type":1,"choice":2,"outlierPosition":2,"success":true,"majorityOfMostRegularShapes":false,"rt":2392.5,"rot1":5,"rot2":15,"rot3":-5,"rot4":-25,"rot5":25,"rot6":-15,"dil1":1.125,"dil2":1.075,"dil3":0.925,"dil4":1.025,"dil5":0.875,"dil6":0.975,"rots":[5,15,-5,-25,25,-15],"dils":[1.125,1.075,0.925,1.025,0.875,0.975]},{"id":"test","shape":"rightKite","outlier_type":0,"choice":4,"outlierPosition":4,"success":true,"majorityOfMostRegularShapes":true,"rt":1634.9000000003725,"rot1":5,"rot2":25,"rot3":-5,"rot4":15,"rot5":-15,"rot6":-25,"dil1":0.875,"dil2":1.075,"dil3":0.925,"dil4":1.125,"dil5":1.025,"dil6":0.975,"rots":[5,25,-5,15,-15,-25],"dils":[0.875,1.075,0.925,1.125,1.025,0.975]},{"id":"test","shape":"random","outlier_type":1,"choice":1,"outlierPosition":0,"success":false,"majorityOfMostRegularShapes":true,"rt":3812.9000000003725,"rot1":15,"rot2":-25,"rot3":25,"rot4":5,"rot5":-15,"rot6":-5,"dil1":0.975,"dil2":0.875,"dil3":1.025,"dil4":1.125,"dil5":0.925,"dil6":1.075,"rots":[15,-25,25,5,-15,-5],"dils":[0.975,0.875,1.025,1.125,0.925,1.075]},{"id":"test","shape":"rustedHinge","outlier_type":2,"choice":1,"outlierPosition":1,"success":true,"majorityOfMostRegularShapes":false,"rt":3253.5999999996275,"rot1":-5,"rot2":25,"rot3":15,"rot4":-25,"rot5":-15,"rot6":5,"dil1":0.875,"dil2":1.025,"dil3":1.075,"dil4":1.125,"dil5":0.975,"dil6":0.925,"rots":[-5,25,15,-25,-15,5],"dils":[0.875,1.025,1.075,1.125,0.975,0.925]},{"id":"test","shape":"trapezoid","outlier_type":0,"choice":3,"outlierPosition":3,"success":true,"majorityOfMostRegularShapes":false,"rt":3712.7999999988824,"rot1":25,"rot2":-5,"rot3":-25,"rot4":5,"rot5":-15,"rot6":15,"dil1":1.125,"dil2":0.975,"dil3":0.925,"dil4":0.875,"dil5":1.075,"dil6":1.025,"rots":[25,-5,-25,5,-15,15],"dils":[1.125,0.975,0.925,0.875,1.075,1.025]},{"id":"test","shape":"hinge","outlier_type":3,"choice":4,"outlierPosition":4,"success":true,"majorityOfMostRegularShapes":true,"rt":2420.300000000745,"rot1":25,"rot2":-5,"rot3":-25,"rot4":-15,"rot5":5,"rot6":15,"dil1":0.875,"dil2":1.075,"dil3":0.925,"dil4":1.025,"dil5":1.125,"dil6":0.975,"rots":[25,-5,-25,-15,5,15],"dils":[0.875,1.075,0.925,1.025,1.125,0.975]},{"id":"test","shape":"losange","outlier_type":2,"choice":1,"outlierPosition":1,"success":true,"majorityOfMostRegularShapes":true,"rt":2400.4000000003725,"rot1":-15,"rot2":-25,"rot3":25,"rot4":5,"rot5":-5,"rot6":15,"dil1":1.025,"dil2":0.925,"dil3":1.075,"dil4":1.125,"dil5":0.975,"dil6":0.875,"rots":[-15,-25,25,5,-5,15],"dils":[1.025,0.925,1.075,1.125,0.975,0.875]},{"id":"test","shape":"parallelogram","outlier_type":0,"choice":2,"outlierPosition":2,"success":true,"majorityOfMostRegularShapes":true,"rt":2368,"rot1":25,"rot2":5,"rot3":15,"rot4":-15,"rot5":-25,"rot6":-5,"dil1":1.125,"dil2":0.975,"dil3":1.025,"dil4":0.925,"dil5":1.075,"dil6":0.875,"rots":[25,5,15,-15,-25,-5],"dils":[1.125,0.975,1.025,0.925,1.075,0.875]},{"id":"test","shape":"random","outlier_type":2,"choice":3,"outlierPosition":2,"success":false,"majorityOfMostRegularShapes":false,"rt":3663.7000000011176,"rot1":-25,"rot2":-15,"rot3":5,"rot4":-5,"rot5":25,"rot6":15,"dil1":0.975,"dil2":1.125,"dil3":1.025,"dil4":0.875,"dil5":1.075,"dil6":0.925,"rots":[-25,-15,5,-5,25,15],"dils":[0.975,1.125,1.025,0.875,1.075,0.925]},{"id":"test","shape":"rectangle","outlier_type":3,"choice":3,"outlierPosition":3,"success":true,"majorityOfMostRegularShapes":true,"rt":1420.7000000011176,"rot1":25,"rot2":-15,"rot3":-5,"rot4":15,"rot5":5,"rot6":-25,"dil1":1.125,"dil2":0.875,"dil3":1.025,"dil4":0.925,"dil5":1.075,"dil6":0.975,"rots":[25,-15,-5,15,5,-25],"dils":[1.125,0.875,1.025,0.925,1.075,0.975]},{"id":"test","shape":"hinge","outlier_type":1,"choice":3,"outlierPosition":3,"success":true,"majorityOfMostRegularShapes":true,"rt":3469.5,"rot1":15,"rot2":-15,"rot3":25,"rot4":-5,"rot5":-25,"rot6":5,"dil1":0.925,"dil2":1.075,"dil3":1.025,"dil4":1.125,"dil5":0.975,"dil6":0.875,"rots":[15,-15,25,-5,-25,5],"dils":[0.925,1.075,1.025,1.125,0.975,0.875]},{"id":"test","shape":"trapezoid","outlier_type":0,"choice":2,"outlierPosition":0,"success":false,"majorityOfMostRegularShapes":true,"rt":3238,"rot1":15,"rot2":-15,"rot3":25,"rot4":5,"rot5":-5,"rot6":-25,"dil1":0.925,"dil2":0.875,"dil3":1.075,"dil4":1.125,"dil5":0.975,"dil6":1.025,"rots":[15,-15,25,5,-5,-25],"dils":[0.925,0.875,1.075,1.125,0.975,1.025]},{"id":"test","shape":"hinge","outlier_type":1,"choice":2,"outlierPosition":2,"success":true,"majorityOfMostRegularShapes":false,"rt":3633.2000000011176,"rot1":15,"rot2":25,"rot3":-25,"rot4":5,"rot5":-15,"rot6":-5,"dil1":0.925,"dil2":0.975,"dil3":1.125,"dil4":1.075,"dil5":0.875,"dil6":1.025,"rots":[15,25,-25,5,-15,-5],"dils":[0.925,0.975,1.125,1.075,0.875,1.025]},{"id":"test","shape":"kite","outlier_type":2,"choice":3,"outlierPosition":1,"success":false,"majorityOfMostRegularShapes":true,"rt":4231.0999999996275,"rot1":-5,"rot2":5,"rot3":-25,"rot4":25,"rot5":-15,"rot6":15,"dil1":0.875,"dil2":1.125,"dil3":0.975,"dil4":1.025,"dil5":1.075,"dil6":0.925,"rots":[-5,5,-25,25,-15,15],"dils":[0.875,1.125,0.975,1.025,1.075,0.925]},{"id":"test","shape":"rustedHinge","outlier_type":3,"choice":0,"outlierPosition":0,"success":true,"majorityOfMostRegularShapes":true,"rt":3080.7000000011176,"rot1":5,"rot2":-5,"rot3":15,"rot4":-25,"rot5":25,"rot6":-15,"dil1":1.025,"dil2":1.075,"dil3":0.875,"dil4":0.925,"dil5":0.975,"dil6":1.125,"rots":[5,-5,15,-25,25,-15],"dils":[1.025,1.075,0.875,0.925,0.975,1.125]},{"id":"test","shape":"isoTrapezoid","outlier_type":1,"choice":5,"outlierPosition":5,"success":true,"majorityOfMostRegularShapes":true,"rt":3192.5,"rot1":15,"rot2":-25,"rot3":-5,"rot4":25,"rot5":-15,"rot6":5,"dil1":1.025,"dil2":0.925,"dil3":1.075,"dil4":0.975,"dil5":1.125,"dil6":0.875,"rots":[15,-25,-5,25,-15,5],"dils":[1.025,0.925,1.075,0.975,1.125,0.875]},{"id":"test","shape":"rectangle","outlier_type":0,"choice":5,"outlierPosition":5,"success":true,"majorityOfMostRegularShapes":false,"rt":1435,"rot1":-15,"rot2":15,"rot3":25,"rot4":5,"rot5":-25,"rot6":-5,"dil1":0.875,"dil2":0.975,"dil3":1.025,"dil4":1.075,"dil5":1.125,"dil6":0.925,"rots":[-15,15,25,5,-25,-5],"dils":[0.875,0.975,1.025,1.075,1.125,0.925]},{"id":"test","shape":"rustedHinge","outlier_type":1,"choice":5,"outlierPosition":5,"success":true,"majorityOfMostRegularShapes":true,"rt":5310.799999998882,"rot1":-25,"rot2":25,"rot3":-5,"rot4":-15,"rot5":15,"rot6":5,"dil1":0.925,"dil2":1.025,"dil3":0.875,"dil4":1.075,"dil5":0.975,"dil6":1.125,"rots":[-25,25,-5,-15,15,5],"dils":[0.925,1.025,0.875,1.075,0.975,1.125]},{"id":"test","shape":"trapezoid","outlier_type":2,"choice":4,"outlierPosition":4,"success":true,"majorityOfMostRegularShapes":true,"rt":4698.5,"rot1":5,"rot2":-15,"rot3":-5,"rot4":15,"rot5":-25,"rot6":25,"dil1":0.925,"dil2":0.975,"dil3":1.125,"dil4":1.075,"dil5":1.025,"dil6":0.875,"rots":[5,-15,-5,15,-25,25],"dils":[0.925,0.975,1.125,1.075,1.025,0.875]},{"id":"test","shape":"parallelogram","outlier_type":3,"choice":0,"outlierPosition":0,"success":true,"majorityOfMostRegularShapes":false,"rt":4320.5,"rot1":25,"rot2":15,"rot3":-5,"rot4":5,"rot5":-15,"rot6":-25,"dil1":1.025,"dil2":1.125,"dil3":0.975,"dil4":0.875,"dil5":1.075,"dil6":0.925,"rots":[25,15,-5,5,-15,-25],"dils":[1.025,1.125,0.975,0.875,1.075,0.925]},{"id":"test","shape":"square","outlier_type":2,"choice":2,"outlierPosition":2,"success":true,"majorityOfMostRegularShapes":true,"rt":1477.2000000011176,"rot1":-15,"rot2":-5,"rot3":25,"rot4":-25,"rot5":5,"rot6":15,"dil1":1.075,"dil2":0.925,"dil3":0.875,"dil4":1.125,"dil5":0.975,"dil6":1.025,"rots":[-15,-5,25,-25,5,15],"dils":[1.075,0.925,0.875,1.125,0.975,1.025]},{"id":"test","shape":"rightKite","outlier_type":3,"choice":3,"outlierPosition":3,"success":true,"majorityOfMostRegularShapes":true,"rt":3477.2000000011176,"rot1":15,"rot2":5,"rot3":25,"rot4":-15,"rot5":-5,"rot6":-25,"dil1":1.075,"dil2":1.025,"dil3":1.125,"dil4":0.975,"dil5":0.925,"dil6":0.875,"rots":[15,5,25,-15,-5,-25],"dils":[1.075,1.025,1.125,0.975,0.925,0.875]},{"id":"test","shape":"kite","outlier_type":2,"choice":4,"outlierPosition":4,"success":true,"majorityOfMostRegularShapes":false,"rt":2456.5,"rot1":-15,"rot2":15,"rot3":5,"rot4":25,"rot5":-25,"rot6":-5,"dil1":0.875,"dil2":0.925,"dil3":1.125,"dil4":1.025,"dil5":0.975,"dil6":1.075,"rots":[-15,15,5,25,-25,-5],"dils":[0.875,0.925,1.125,1.025,0.975,1.075]},{"id":"test","shape":"losange","outlier_type":3,"choice":1,"outlierPosition":4,"success":false,"majorityOfMostRegularShapes":false,"rt":3523.4000000003725,"rot1":-25,"rot2":25,"rot3":15,"rot4":-15,"rot5":5,"rot6":-5,"dil1":0.975,"dil2":1.125,"dil3":0.925,"dil4":1.075,"dil5":1.025,"dil6":0.875,"rots":[-25,25,15,-15,5,-5],"dils":[0.975,1.125,0.925,1.075,1.025,0.875]},{"id":"test","shape":"rectangle","outlier_type":0,"choice":2,"outlierPosition":2,"success":true,"majorityOfMostRegularShapes":true,"rt":1553.9000000003725,"rot1":25,"rot2":5,"rot3":-15,"rot4":15,"rot5":-25,"rot6":-5,"dil1":0.975,"dil2":1.125,"dil3":1.075,"dil4":1.025,"dil5":0.925,"dil6":0.875,"rots":[25,5,-15,15,-25,-5],"dils":[0.975,1.125,1.075,1.025,0.925,0.875]},{"id":"test","shape":"rustedHinge","outlier_type":3,"choice":5,"outlierPosition":1,"success":false,"majorityOfMostRegularShapes":false,"rt":2924.39999999851,"rot1":-25,"rot2":25,"rot3":-15,"rot4":-5,"rot5":5,"rot6":15,"dil1":1.125,"dil2":0.975,"dil3":0.925,"dil4":1.025,"dil5":1.075,"dil6":0.875,"rots":[-25,25,-15,-5,5,15],"dils":[1.125,0.975,0.925,1.025,1.075,0.875]},{"id":"test","shape":"parallelogram","outlier_type":0,"choice":4,"outlierPosition":4,"success":true,"majorityOfMostRegularShapes":false,"rt":3641,"rot1":-15,"rot2":-5,"rot3":15,"rot4":25,"rot5":-25,"rot6":5,"dil1":0.875,"dil2":1.125,"dil3":1.025,"dil4":0.975,"dil5":0.925,"dil6":1.075,"rots":[-15,-5,15,25,-25,5],"dils":[0.875,1.125,1.025,0.975,0.925,1.075]},{"id":"test","shape":"rightKite","outlier_type":1,"choice":3,"outlierPosition":3,"success":true,"majorityOfMostRegularShapes":false,"rt":3172.9000000003725,"rot1":-15,"rot2":25,"rot3":-25,"rot4":5,"rot5":15,"rot6":-5,"dil1":0.975,"dil2":1.025,"dil3":0.925,"dil4":1.075,"dil5":1.125,"dil6":0.875,"rots":[-15,25,-25,5,15,-5],"dils":[0.975,1.025,0.925,1.075,1.125,0.875]},{"id":"test","shape":"losange","outlier_type":2,"choice":4,"outlierPosition":4,"success":true,"majorityOfMostRegularShapes":false,"rt":3650.2000000011176,"rot1":-5,"rot2":5,"rot3":15,"rot4":25,"rot5":-15,"rot6":-25,"dil1":1.125,"dil2":0.925,"dil3":0.875,"dil4":1.075,"dil5":0.975,"dil6":1.025,"rots":[-5,5,15,25,-15,-25],"dils":[1.125,0.925,0.875,1.075,0.975,1.025]},{"id":"test","shape":"kite","outlier_type":1,"choice":3,"outlierPosition":1,"success":false,"majorityOfMostRegularShapes":true,"rt":4356.5999999996275,"rot1":-25,"rot2":25,"rot3":-5,"rot4":5,"rot5":-15,"rot6":15,"dil1":1.075,"dil2":0.925,"dil3":1.025,"dil4":0.875,"dil5":1.125,"dil6":0.975,"rots":[-25,25,-5,5,-15,15],"dils":[1.075,0.925,1.025,0.875,1.125,0.975]},{"id":"test","shape":"rectangle","outlier_type":2,"choice":0,"outlierPosition":0,"success":true,"majorityOfMostRegularShapes":false,"rt":1933.0999999996275,"rot1":-25,"rot2":15,"rot3":-5,"rot4":5,"rot5":-15,"rot6":25,"dil1":1.025,"dil2":0.875,"dil3":1.125,"dil4":0.925,"dil5":1.075,"dil6":0.975,"rots":[-25,15,-5,5,-15,25],"dils":[1.025,0.875,1.125,0.925,1.075,0.975]},{"id":"test","shape":"hinge","outlier_type":0,"choice":2,"outlierPosition":1,"success":false,"majorityOfMostRegularShapes":true,"rt":4170.299999998882,"rot1":25,"rot2":-15,"rot3":-25,"rot4":15,"rot5":-5,"rot6":5,"dil1":0.975,"dil2":1.125,"dil3":0.925,"dil4":1.075,"dil5":1.025,"dil6":0.875,"rots":[25,-15,-25,15,-5,5],"dils":[0.975,1.125,0.925,1.075,1.025,0.875]},{"id":"test","shape":"isoTrapezoid","outlier_type":2,"choice":0,"outlierPosition":0,"success":true,"majorityOfMostRegularShapes":false,"rt":2771.199999999255,"rot1":25,"rot2":-25,"rot3":5,"rot4":-5,"rot5":15,"rot6":-15,"dil1":1.025,"dil2":0.925,"dil3":1.125,"dil4":1.075,"dil5":0.875,"dil6":0.975,"rots":[25,-25,5,-5,15,-15],"dils":[1.025,0.925,1.125,1.075,0.875,0.975]},{"id":"test","shape":"kite","outlier_type":3,"choice":1,"outlierPosition":1,"success":true,"majorityOfMostRegularShapes":true,"rt":3000.2000000011176,"rot1":-15,"rot2":-25,"rot3":5,"rot4":-5,"rot5":15,"rot6":25,"dil1":1.025,"dil2":0.975,"dil3":1.075,"dil4":0.925,"dil5":1.125,"dil6":0.875,"rots":[-15,-25,5,-5,15,25],"dils":[1.025,0.975,1.075,0.925,1.125,0.875]},{"id":"test","shape":"rightKite","outlier_type":2,"choice":1,"outlierPosition":1,"success":true,"majorityOfMostRegularShapes":false,"rt":3190.4000000003725,"rot1":15,"rot2":-15,"rot3":5,"rot4":-25,"rot5":-5,"rot6":25,"dil1":0.975,"dil2":0.925,"dil3":0.875,"dil4":1.025,"dil5":1.075,"dil6":1.125,"rots":[15,-15,5,-25,-5,25],"dils":[0.975,0.925,0.875,1.025,1.075,1.125]},{"id":"test","shape":"rectangle","outlier_type":3,"choice":2,"outlierPosition":2,"success":true,"majorityOfMostRegularShapes":false,"rt":2151.300000000745,"rot1":-15,"rot2":15,"rot3":25,"rot4":5,"rot5":-25,"rot6":-5,"dil1":1.075,"dil2":0.875,"dil3":1.025,"dil4":0.925,"dil5":1.125,"dil6":0.975,"rots":[-15,15,25,5,-25,-5],"dils":[1.075,0.875,1.025,0.925,1.125,0.975]},{"id":"test","shape":"square","outlier_type":0,"choice":4,"outlierPosition":1,"success":false,"majorityOfMostRegularShapes":true,"rt":1285.4000000003725,"rot1":-25,"rot2":-15,"rot3":15,"rot4":25,"rot5":5,"rot6":-5,"dil1":1.075,"dil2":1.025,"dil3":0.925,"dil4":0.975,"dil5":1.125,"dil6":0.875,"rots":[-25,-15,15,25,5,-5],"dils":[1.075,1.025,0.925,0.975,1.125,0.875]},{"id":"test","shape":"trapezoid","outlier_type":2,"choice":3,"outlierPosition":1,"success":false,"majorityOfMostRegularShapes":false,"rt":5097,"rot1":-15,"rot2":5,"rot3":-5,"rot4":-25,"rot5":25,"rot6":15,"dil1":1.125,"dil2":0.975,"dil3":1.075,"dil4":0.875,"dil5":0.925,"dil6":1.025,"rots":[-15,5,-5,-25,25,15],"dils":[1.125,0.975,1.075,0.875,0.925,1.025]},{"id":"test","shape":"random","outlier_type":1,"choice":1,"outlierPosition":1,"success":true,"majorityOfMostRegularShapes":false,"rt":2897.800000000745,"rot1":-5,"rot2":-25,"rot3":-15,"rot4":25,"rot5":5,"rot6":15,"dil1":1.025,"dil2":0.925,"dil3":0.875,"dil4":1.075,"dil5":0.975,"dil6":1.125,"rots":[-5,-25,-15,25,5,15],"dils":[1.025,0.925,0.875,1.075,0.975,1.125]},{"id":"test","shape":"kite","outlier_type":0,"choice":4,"outlierPosition":4,"success":true,"majorityOfMostRegularShapes":true,"rt":2331.300000000745,"rot1":-15,"rot2":25,"rot3":5,"rot4":-25,"rot5":-5,"rot6":15,"dil1":1.075,"dil2":0.875,"dil3":0.975,"dil4":1.125,"dil5":1.025,"dil6":0.925,"rots":[-15,25,5,-25,-5,15],"dils":[1.075,0.875,0.975,1.125,1.025,0.925]},{"id":"test","shape":"square","outlier_type":3,"choice":4,"outlierPosition":4,"success":true,"majorityOfMostRegularShapes":false,"rt":1678.699999999255,"rot1":15,"rot2":25,"rot3":-15,"rot4":-25,"rot5":-5,"rot6":5,"dil1":1.125,"dil2":0.925,"dil3":0.975,"dil4":1.075,"dil5":1.025,"dil6":0.875,"rots":[15,25,-15,-25,-5,5],"dils":[1.125,0.925,0.975,1.075,1.025,0.875]},{"id":"test","shape":"random","outlier_type":0,"choice":5,"outlierPosition":5,"success":true,"majorityOfMostRegularShapes":false,"rt":2563.5999999996275,"rot1":5,"rot2":25,"rot3":-25,"rot4":-15,"rot5":-5,"rot6":15,"dil1":1.075,"dil2":1.025,"dil3":0.975,"dil4":0.925,"dil5":0.875,"dil6":1.125,"rots":[5,25,-25,-15,-5,15],"dils":[1.075,1.025,0.975,0.925,0.875,1.125]},{"id":"test","shape":"losange","outlier_type":1,"choice":4,"outlierPosition":1,"success":false,"majorityOfMostRegularShapes":true,"rt":1623.0999999996275,"rot1":25,"rot2":15,"rot3":-5,"rot4":-25,"rot5":-15,"rot6":5,"dil1":0.925,"dil2":0.975,"dil3":1.075,"dil4":0.875,"dil5":1.125,"dil6":1.025,"rots":[25,15,-5,-25,-15,5],"dils":[0.925,0.975,1.075,0.875,1.125,1.025]},{"id":"test","shape":"trapezoid","outlier_type":3,"choice":3,"outlierPosition":3,"success":true,"majorityOfMostRegularShapes":false,"rt":4371.4000000003725,"rot1":15,"rot2":-25,"rot3":25,"rot4":5,"rot5":-5,"rot6":-15,"dil1":0.975,"dil2":1.125,"dil3":1.025,"dil4":0.875,"dil5":0.925,"dil6":1.075,"rots":[15,-25,25,5,-5,-15],"dils":[0.975,1.125,1.025,0.875,0.925,1.075]},{"id":"test","shape":"hinge","outlier_type":2,"choice":0,"outlierPosition":0,"success":true,"majorityOfMostRegularShapes":false,"rt":3621.199999999255,"rot1":-5,"rot2":-15,"rot3":25,"rot4":5,"rot5":15,"rot6":-25,"dil1":0.875,"dil2":1.125,"dil3":1.025,"dil4":1.075,"dil5":0.975,"dil6":0.925,"rots":[-5,-15,25,5,15,-25],"dils":[0.875,1.125,1.025,1.075,0.975,0.925]},{"id":"test","shape":"trapezoid","outlier_type":1,"choice":4,"outlierPosition":4,"success":true,"majorityOfMostRegularShapes":true,"rt":3075,"rot1":-5,"rot2":-25,"rot3":5,"rot4":15,"rot5":25,"rot6":-15,"dil1":1.025,"dil2":0.925,"dil3":1.075,"dil4":0.975,"dil5":0.875,"dil6":1.125,"rots":[-5,-25,5,15,25,-15],"dils":[1.025,0.925,1.075,0.975,0.875,1.125]},{"id":"test","shape":"parallelogram","outlier_type":2,"choice":1,"outlierPosition":1,"success":true,"majorityOfMostRegularShapes":true,"rt":2034.5,"rot1":-25,"rot2":15,"rot3":-15,"rot4":5,"rot5":25,"rot6":-5,"dil1":1.025,"dil2":1.075,"dil3":0.925,"dil4":0.975,"dil5":1.125,"dil6":0.875,"rots":[-25,15,-15,5,25,-5],"dils":[1.025,1.075,0.925,0.975,1.125,0.875]},{"id":"test","shape":"isoTrapezoid","outlier_type":0,"choice":5,"outlierPosition":5,"success":true,"majorityOfMostRegularShapes":true,"rt":1669.9000000003725,"rot1":5,"rot2":-15,"rot3":15,"rot4":-25,"rot5":-5,"rot6":25,"dil1":0.975,"dil2":1.125,"dil3":1.075,"dil4":0.875,"dil5":0.925,"dil6":1.025,"rots":[5,-15,15,-25,-5,25],"dils":[0.975,1.125,1.075,0.875,0.925,1.025]},{"id":"test","shape":"kite","outlier_type":1,"choice":0,"outlierPosition":0,"success":true,"majorityOfMostRegularShapes":false,"rt":6306.9000000003725,"rot1":-25,"rot2":-5,"rot3":-15,"rot4":15,"rot5":5,"rot6":25,"dil1":0.875,"dil2":0.925,"dil3":1.025,"dil4":1.075,"dil5":1.125,"dil6":0.975,"rots":[-25,-5,-15,15,5,25],"dils":[0.875,0.925,1.025,1.075,1.125,0.975]},{"id":"test","shape":"rustedHinge","outlier_type":0,"choice":5,"outlierPosition":5,"success":true,"majorityOfMostRegularShapes":true,"rt":1745.9000000003725,"rot1":-25,"rot2":-15,"rot3":-5,"rot4":5,"rot5":15,"rot6":25,"dil1":0.925,"dil2":1.075,"dil3":0.875,"dil4":1.125,"dil5":0.975,"dil6":1.025,"rots":[-25,-15,-5,5,15,25],"dils":[0.925,1.075,0.875,1.125,0.975,1.025]},{"id":"test","shape":"rustedHinge","outlier_type":1,"choice":5,"outlierPosition":2,"success":false,"majorityOfMostRegularShapes":false,"rt":7209.299999998882,"rot1":-25,"rot2":5,"rot3":-5,"rot4":25,"rot5":15,"rot6":-15,"dil1":1.075,"dil2":0.975,"dil3":1.025,"dil4":1.125,"dil5":0.925,"dil6":0.875,"rots":[-25,5,-5,25,15,-15],"dils":[1.075,0.975,1.025,1.125,0.925,0.875]},{"id":"test","shape":"hinge","outlier_type":3,"choice":5,"outlierPosition":5,"success":true,"majorityOfMostRegularShapes":false,"rt":1794.2000000011176,"rot1":-25,"rot2":-5,"rot3":5,"rot4":15,"rot5":25,"rot6":-15,"dil1":1.025,"dil2":1.125,"dil3":0.875,"dil4":0.975,"dil5":1.075,"dil6":0.925,"rots":[-25,-5,5,15,25,-15],"dils":[1.025,1.125,0.875,0.975,1.075,0.925]},{"id":"test","shape":"isoTrapezoid","outlier_type":2,"choice":3,"outlierPosition":3,"success":true,"majorityOfMostRegularShapes":true,"rt":2893.300000000745,"rot1":5,"rot2":-5,"rot3":-25,"rot4":15,"rot5":25,"rot6":-15,"dil1":1.125,"dil2":1.075,"dil3":0.925,"dil4":0.875,"dil5":0.975,"dil6":1.025,"rots":[5,-5,-25,15,25,-15],"dils":[1.125,1.075,0.925,0.875,0.975,1.025]},{"id":"test","shape":"losange","outlier_type":3,"choice":1,"outlierPosition":1,"success":true,"majorityOfMostRegularShapes":true,"rt":2038.6000000014901,"rot1":25,"rot2":-25,"rot3":5,"rot4":-5,"rot5":15,"rot6":-15,"dil1":1.075,"dil2":1.025,"dil3":0.975,"dil4":0.925,"dil5":1.125,"dil6":0.875,"rots":[25,-25,5,-5,15,-15],"dils":[1.075,1.025,0.975,0.925,1.125,0.875]},{"id":"test","shape":"rustedHinge","outlier_type":0,"choice":0,"outlierPosition":0,"success":true,"majorityOfMostRegularShapes":false,"rt":3567,"rot1":-25,"rot2":15,"rot3":5,"rot4":-5,"rot5":-15,"rot6":25,"dil1":1.125,"dil2":1.025,"dil3":0.975,"dil4":0.875,"dil5":0.925,"dil6":1.075,"rots":[-25,15,5,-5,-15,25],"dils":[1.125,1.025,0.975,0.875,0.925,1.075]},{"id":"test","shape":"parallelogram","outlier_type":3,"choice":1,"outlierPosition":1,"success":true,"majorityOfMostRegularShapes":true,"rt":2436.9000000003725,"rot1":5,"rot2":15,"rot3":-25,"rot4":25,"rot5":-15,"rot6":-5,"dil1":1.125,"dil2":0.975,"dil3":0.875,"dil4":1.075,"dil5":1.025,"dil6":0.925,"rots":[5,15,-25,25,-15,-5],"dils":[1.125,0.975,0.875,1.075,1.025,0.925]},{"id":"test","shape":"rightKite","outlier_type":0,"choice":0,"outlierPosition":0,"success":true,"majorityOfMostRegularShapes":false,"rt":5001,"rot1":-25,"rot2":-5,"rot3":15,"rot4":25,"rot5":5,"rot6":-15,"dil1":1.125,"dil2":0.875,"dil3":1.025,"dil4":0.925,"dil5":1.075,"dil6":0.975,"rots":[-25,-5,15,25,5,-15],"dils":[1.125,0.875,1.025,0.925,1.075,0.975]},{"id":"test","shape":"trapezoid","outlier_type":1,"choice":3,"outlierPosition":3,"success":true,"majorityOfMostRegularShapes":false,"rt":2222.2999999988824,"rot1":25,"rot2":15,"rot3":-5,"rot4":-25,"rot5":5,"rot6":-15,"dil1":1.125,"dil2":0.925,"dil3":1.075,"dil4":0.975,"dil5":1.025,"dil6":0.875,"rots":[25,15,-5,-25,5,-15],"dils":[1.125,0.925,1.075,0.975,1.025,0.875]},{"id":"test","shape":"square","outlier_type":3,"choice":0,"outlierPosition":0,"success":true,"majorityOfMostRegularShapes":true,"rt":1435.699999999255,"rot1":15,"rot2":5,"rot3":-15,"rot4":-25,"rot5":-5,"rot6":25,"dil1":1.125,"dil2":0.975,"dil3":0.925,"dil4":0.875,"dil5":1.075,"dil6":1.025,"rots":[15,5,-15,-25,-5,25],"dils":[1.125,0.975,0.925,0.875,1.075,1.025]},{"id":"test","shape":"isoTrapezoid","outlier_type":0,"choice":5,"outlierPosition":5,"success":true,"majorityOfMostRegularShapes":false,"rt":1515.5999999996275,"rot1":5,"rot2":25,"rot3":15,"rot4":-5,"rot5":-25,"rot6":-15,"dil1":1.025,"dil2":1.125,"dil3":0.975,"dil4":1.075,"dil5":0.925,"dil6":0.875,"rots":[5,25,15,-5,-25,-15],"dils":[1.025,1.125,0.975,1.075,0.925,0.875]},{"id":"test","shape":"parallelogram","outlier_type":2,"choice":0,"outlierPosition":0,"success":true,"majorityOfMostRegularShapes":false,"rt":3637.0999999996275,"rot1":-15,"rot2":-5,"rot3":-25,"rot4":25,"rot5":5,"rot6":15,"dil1":1.025,"dil2":0.975,"dil3":1.075,"dil4":0.925,"dil5":1.125,"dil6":0.875,"rots":[-15,-5,-25,25,5,15],"dils":[1.025,0.975,1.075,0.925,1.125,0.875]},{"id":"test","shape":"square","outlier_type":1,"choice":1,"outlierPosition":1,"success":true,"majorityOfMostRegularShapes":true,"rt":1983.199999999255,"rot1":25,"rot2":5,"rot3":-5,"rot4":-25,"rot5":-15,"rot6":15,"dil1":0.975,"dil2":1.075,"dil3":0.875,"dil4":1.125,"dil5":1.025,"dil6":0.925,"rots":[25,5,-5,-25,-15,15],"dils":[0.975,1.075,0.875,1.125,1.025,0.925]},{"id":"test","shape":"random","outlier_type":3,"choice":3,"outlierPosition":3,"success":true,"majorityOfMostRegularShapes":true,"rt":1436.2999999988824,"rot1":25,"rot2":-25,"rot3":-15,"rot4":-5,"rot5":5,"rot6":15,"dil1":0.875,"dil2":0.925,"dil3":1.075,"dil4":1.025,"dil5":0.975,"dil6":1.125,"rots":[25,-25,-15,-5,5,15],"dils":[0.875,0.925,1.075,1.025,0.975,1.125]},{"id":"test","shape":"hinge","outlier_type":2,"choice":5,"outlierPosition":1,"success":false,"majorityOfMostRegularShapes":true,"rt":1644,"rot1":-15,"rot2":15,"rot3":25,"rot4":-25,"rot5":5,"rot6":-5,"dil1":0.975,"dil2":1.075,"dil3":0.925,"dil4":1.125,"dil5":1.025,"dil6":0.875,"rots":[-15,15,25,-25,5,-5],"dils":[0.975,1.075,0.925,1.125,1.025,0.875]},{"id":"test","shape":"rightKite","outlier_type":1,"choice":4,"outlierPosition":4,"success":true,"majorityOfMostRegularShapes":true,"rt":1784,"rot1":-25,"rot2":25,"rot3":5,"rot4":-15,"rot5":-5,"rot6":15,"dil1":1.125,"dil2":1.075,"dil3":0.875,"dil4":0.925,"dil5":1.025,"dil6":0.975,"rots":[-25,25,5,-15,-5,15],"dils":[1.125,1.075,0.875,0.925,1.025,0.975]},{"id":"test","shape":"kite","outlier_type":3,"choice":5,"outlierPosition":5,"success":true,"majorityOfMostRegularShapes":false,"rt":1810.5,"rot1":5,"rot2":15,"rot3":-5,"rot4":-15,"rot5":25,"rot6":-25,"dil1":1.125,"dil2":1.025,"dil3":0.875,"dil4":1.075,"dil5":0.925,"dil6":0.975,"rots":[5,15,-5,-15,25,-25],"dils":[1.125,1.025,0.875,1.075,0.925,0.975]},{"id":"test","shape":"parallelogram","outlier_type":1,"choice":2,"outlierPosition":2,"success":true,"majorityOfMostRegularShapes":false,"rt":3324,"rot1":15,"rot2":-25,"rot3":-5,"rot4":5,"rot5":25,"rot6":-15,"dil1":1.025,"dil2":0.875,"dil3":1.075,"dil4":0.975,"dil5":0.925,"dil6":1.125,"rots":[15,-25,-5,5,25,-15],"dils":[1.025,0.875,1.075,0.975,0.925,1.125]},{"id":"test","shape":"hinge","outlier_type":0,"choice":1,"outlierPosition":1,"success":true,"majorityOfMostRegularShapes":false,"rt":2958.4000000003725,"rot1":5,"rot2":-25,"rot3":25,"rot4":15,"rot5":-15,"rot6":-5,"dil1":0.875,"dil2":1.125,"dil3":0.925,"dil4":1.075,"dil5":1.025,"dil6":0.975,"rots":[5,-25,25,15,-15,-5],"dils":[0.875,1.125,0.925,1.075,1.025,0.975]},{"id":"test","shape":"rectangle","outlier_type":1,"choice":4,"outlierPosition":4,"success":true,"majorityOfMostRegularShapes":false,"rt":2543.300000000745,"rot1":5,"rot2":-15,"rot3":15,"rot4":-5,"rot5":25,"rot6":-25,"dil1":1.125,"dil2":1.025,"dil3":0.875,"dil4":0.925,"dil5":1.075,"dil6":0.975,"rots":[5,-15,15,-5,25,-25],"dils":[1.125,1.025,0.875,0.925,1.075,0.975]},{"id":"test","shape":"isoTrapezoid","outlier_type":3,"choice":0,"outlierPosition":0,"success":true,"majorityOfMostRegularShapes":false,"rt":2850.89999999851,"rot1":-15,"rot2":-5,"rot3":5,"rot4":-25,"rot5":25,"rot6":15,"dil1":0.925,"dil2":1.025,"dil3":1.075,"dil4":0.875,"dil5":1.125,"dil6":0.975,"rots":[-15,-5,5,-25,25,15],"dils":[0.925,1.025,1.075,0.875,1.125,0.975]},{"id":"test","shape":"rectangle","outlier_type":1,"choice":5,"outlierPosition":1,"success":false,"majorityOfMostRegularShapes":true,"rt":1175.2999999988824,"rot1":-15,"rot2":15,"rot3":5,"rot4":-5,"rot5":-25,"rot6":25,"dil1":1.025,"dil2":1.075,"dil3":1.125,"dil4":0.925,"dil5":0.875,"dil6":0.975,"rots":[-15,15,5,-5,-25,25],"dils":[1.025,1.075,1.125,0.925,0.875,0.975]},{"id":"test","shape":"losange","outlier_type":0,"choice":2,"outlierPosition":2,"success":true,"majorityOfMostRegularShapes":true,"rt":6807.5999999996275,"rot1":15,"rot2":25,"rot3":-5,"rot4":-15,"rot5":-25,"rot6":5,"dil1":1.075,"dil2":1.125,"dil3":1.025,"dil4":0.925,"dil5":0.975,"dil6":0.875,"rots":[15,25,-5,-15,-25,5],"dils":[1.075,1.125,1.025,0.925,0.975,0.875]},{"id":"test","shape":"rectangle","outlier_type":2,"choice":4,"outlierPosition":4,"success":true,"majorityOfMostRegularShapes":true,"rt":1049.0999999996275,"rot1":25,"rot2":-5,"rot3":-15,"rot4":5,"rot5":-25,"rot6":15,"dil1":1.125,"dil2":1.075,"dil3":1.025,"dil4":0.975,"dil5":0.875,"dil6":0.925,"rots":[25,-5,-15,5,-25,15],"dils":[1.125,1.075,1.025,0.975,0.875,0.925]},{"id":"test","shape":"losange","outlier_type":0,"choice":1,"outlierPosition":3,"success":false,"majorityOfMostRegularShapes":false,"rt":3459.800000000745,"rot1":-25,"rot2":-5,"rot3":15,"rot4":-15,"rot5":5,"rot6":25,"dil1":1.125,"dil2":0.925,"dil3":0.975,"dil4":0.875,"dil5":1.025,"dil6":1.075,"rots":[-25,-5,15,-15,5,25],"dils":[1.125,0.925,0.975,0.875,1.025,1.075]},{"id":"test","shape":"isoTrapezoid","outlier_type":1,"choice":4,"outlierPosition":4,"success":true,"majorityOfMostRegularShapes":false,"rt":1624.7000000011176,"rot1":15,"rot2":5,"rot3":-15,"rot4":-5,"rot5":25,"rot6":-25,"dil1":1.075,"dil2":1.125,"dil3":0.925,"dil4":0.975,"dil5":1.025,"dil6":0.875,"rots":[15,5,-15,-5,25,-25],"dils":[1.075,1.125,0.925,0.975,1.025,0.875]},{"id":"test","shape":"random","outlier_type":2,"choice":2,"outlierPosition":3,"success":false,"majorityOfMostRegularShapes":true,"rt":1292.1000000014901,"rot1":-5,"rot2":-25,"rot3":25,"rot4":5,"rot5":-15,"rot6":15,"dil1":1.025,"dil2":0.975,"dil3":0.875,"dil4":1.125,"dil5":1.075,"dil6":0.925,"rots":[-5,-25,25,5,-15,15],"dils":[1.025,0.975,0.875,1.125,1.075,0.925]},{"id":"test","shape":"parallelogram","outlier_type":1,"choice":5,"outlierPosition":5,"success":true,"majorityOfMostRegularShapes":true,"rt":3055.9000000003725,"rot1":5,"rot2":15,"rot3":-5,"rot4":25,"rot5":-25,"rot6":-15,"dil1":1.125,"dil2":0.875,"dil3":1.075,"dil4":0.975,"dil5":0.925,"dil6":1.025,"rots":[5,15,-5,25,-25,-15],"dils":[1.125,0.875,1.075,0.975,0.925,1.025]},{"id":"test","shape":"square","outlier_type":2,"choice":3,"outlierPosition":3,"success":true,"majorityOfMostRegularShapes":false,"rt":3123.2999999988824,"rot1":5,"rot2":-15,"rot3":-25,"rot4":25,"rot5":15,"rot6":-5,"dil1":1.025,"dil2":0.875,"dil3":1.125,"dil4":0.925,"dil5":0.975,"dil6":1.075,"rots":[5,-15,-25,25,15,-5],"dils":[1.025,0.875,1.125,0.925,0.975,1.075]},{"id":"test","shape":"random","outlier_type":0,"choice":4,"outlierPosition":4,"success":true,"majorityOfMostRegularShapes":true,"rt":2688.5,"rot1":15,"rot2":-15,"rot3":-5,"rot4":25,"rot5":5,"rot6":-25,"dil1":1.125,"dil2":0.975,"dil3":1.025,"dil4":0.875,"dil5":0.925,"dil6":1.075,"rots":[15,-15,-5,25,5,-25],"dils":[1.125,0.975,1.025,0.875,0.925,1.075]},{"id":"test","shape":"rightKite","outlier_type":3,"choice":2,"outlierPosition":2,"success":true,"majorityOfMostRegularShapes":false,"rt":2836.2000000011176,"rot1":-25,"rot2":-15,"rot3":-5,"rot4":5,"rot5":25,"rot6":15,"dil1":0.875,"dil2":0.975,"dil3":1.075,"dil4":1.125,"dil5":0.925,"dil6":1.025,"rots":[-25,-15,-5,5,25,15],"dils":[0.875,0.975,1.075,1.125,0.925,1.025]}],"desiredDistance":0.3,"trial_type":"oddball-grid","trial_index":5,"time_elapsed":914866,"internal_node_id":"0.0-5.0","score":0.7954545454545454,"early_termination":false}]