[{"rt":2866,"url":"external-consent.html","trial_type":"external-html","trial_index":0,"time_elapsed":2871,"internal_node_id":"0.0-0.0","score":0.7386363636363636,"early_termination":false},{"rt":3596.300000000745,"responses":"{\"Q0\":\"NA\",\"Q1\":\"NA\",\"Q2\":\"NA\"}","trial_type":"survey-text","trial_index":1,"time_elapsed":6468,"internal_node_id":"0.0-1.0","score":0.7386363636363636,"early_termination":false},{"success":true,"trial_type":"fullscreen","trial_index":2,"time_elapsed":8715,"internal_node_id":"0.0-2.0","score":0.7386363636363636,"early_termination":false},{"results":[{"id":"train-images","loop_number":1,"shape":"test1","outlier_type":"NA","choice":5,"outlierPosition":5,"success":true,"majorityOfMostRegularShapes":false,"rt":5765.5,"rot1":15,"rot2":25,"rot3":5,"rot4":-5,"rot5":-15,"rot6":-25,"dil1":0.875,"dil2":1.125,"dil3":0.975,"dil4":1.075,"dil5":0.925,"dil6":1.025,"rots":[15,25,5,-5,-15,-25],"dils":[0.875,1.125,0.975,1.075,0.925,1.025],"possible_pos":[0,1,2,3,4,5]},{"id":"train-images","loop_number":1,"shape":"test4","outlier_type":"NA","choice":5,"outlierPosition":5,"success":true,"majorityOfMostRegularShapes":false,"rt":2343.400000002235,"rot1":5,"rot2":15,"rot3":25,"rot4":-5,"rot5":-25,"rot6":-15,"dil1":0.925,"dil2":1.025,"dil3":1.075,"dil4":0.975,"dil5":1.125,"dil6":0.875,"rots":[5,15,25,-5,-25,-15],"dils":[0.925,1.025,1.075,0.975,1.125,0.875],"possible_pos":[0,1,2,3,4,5]},{"id":"train-images","loop_number":1,"shape":"test10","outlier_type":"NA","choice":2,"outlierPosition":2,"success":true,"majorityOfMostRegularShapes":true,"rt":1707.699999999255,"rot1":-5,"rot2":-25,"rot3":5,"rot4":-15,"rot5":25,"rot6":15,"dil1":1.075,"dil2":1.125,"dil3":1.025,"dil4":0.975,"dil5":0.875,"dil6":0.925,"rots":[-5,-25,5,-15,25,15],"dils":[1.075,1.125,1.025,0.975,0.875,0.925],"possible_pos":[0,1,2,3,4,5]},{"id":"train-images","loop_number":1,"shape":"test2","outlier_type":"NA","choice":1,"outlierPosition":1,"success":true,"majorityOfMostRegularShapes":true,"rt":1284.7000000029802,"rot1":-15,"rot2":-5,"rot3":25,"rot4":5,"rot5":15,"rot6":-25,"dil1":0.975,"dil2":1.075,"dil3":0.875,"dil4":1.125,"dil5":0.925,"dil6":1.025,"rots":[-15,-5,25,5,15,-25],"dils":[0.975,1.075,0.875,1.125,0.925,1.025],"possible_pos":[0,1,2,3,4,5]},{"id":"train-images","loop_number":1,"shape":"test7","outlier_type":"NA","choice":3,"outlierPosition":3,"success":true,"majorityOfMostRegularShapes":false,"rt":1147.8999999985099,"rot1":-15,"rot2":-5,"rot3":25,"rot4":15,"rot5":-25,"rot6":5,"dil1":0.925,"dil2":1.025,"dil3":1.075,"dil4":0.975,"dil5":1.125,"dil6":0.875,"rots":[-15,-5,25,15,-25,5],"dils":[0.925,1.025,1.075,0.975,1.125,0.875],"possible_pos":[0,1,2,3,4,5]},{"id":"train-images","loop_number":1,"shape":"test4","outlier_type":"NA","choice":2,"outlierPosition":2,"success":true,"majorityOfMostRegularShapes":true,"rt":1701,"rot1":-25,"rot2":25,"rot3":5,"rot4":15,"rot5":-5,"rot6":-15,"dil1":0.875,"dil2":0.925,"dil3":1.075,"dil4":0.975,"dil5":1.125,"dil6":1.025,"rots":[-25,25,5,15,-5,-15],"dils":[0.875,0.925,1.075,0.975,1.125,1.025],"possible_pos":[0,1,2,3,4,5]},{"id":"train-images","loop_number":1,"shape":"test9","outlier_type":"NA","choice":2,"outlierPosition":2,"success":true,"majorityOfMostRegularShapes":false,"rt":1219.699999999255,"rot1":5,"rot2":-25,"rot3":25,"rot4":15,"rot5":-5,"rot6":-15,"dil1":0.875,"dil2":1.125,"dil3":1.075,"dil4":0.975,"dil5":0.925,"dil6":1.025,"rots":[5,-25,25,15,-5,-15],"dils":[0.875,1.125,1.075,0.975,0.925,1.025],"possible_pos":[0,1,2,3,4,5]},{"id":"train-images","loop_number":1,"shape":"test2","outlier_type":"NA","choice":2,"outlierPosition":2,"success":true,"majorityOfMostRegularShapes":false,"rt":1164.6000000014901,"rot1":-5,"rot2":-15,"rot3":5,"rot4":25,"rot5":-25,"rot6":15,"dil1":1.125,"dil2":1.075,"dil3":0.975,"dil4":0.925,"dil5":0.875,"dil6":1.025,"rots":[-5,-15,5,25,-25,15],"dils":[1.125,1.075,0.975,0.925,0.875,1.025],"possible_pos":[0,1,2,3,4,5]},{"id":"train-images","loop_number":1,"shape":"test5","outlier_type":"NA","choice":4,"outlierPosition":4,"success":true,"majorityOfMostRegularShapes":true,"rt":1649.5999999977648,"rot1":-5,"rot2":15,"rot3":-25,"rot4":-15,"rot5":25,"rot6":5,"dil1":0.975,"dil2":1.125,"dil3":0.925,"dil4":1.025,"dil5":1.075,"dil6":0.875,"rots":[-5,15,-25,-15,25,5],"dils":[0.975,1.125,0.925,1.025,1.075,0.875],"possible_pos":[0,1,2,3,4,5]},{"id":"train-images","loop_number":1,"shape":"test1","outlier_type":"NA","choice":5,"outlierPosition":5,"success":true,"majorityOfMostRegularShapes":true,"rt":843.1999999992549,"rot1":25,"rot2":15,"rot3":5,"rot4":-5,"rot5":-25,"rot6":-15,"dil1":0.875,"dil2":1.125,"dil3":0.975,"dil4":1.075,"dil5":0.925,"dil6":1.025,"rots":[25,15,5,-5,-25,-15],"dils":[0.875,1.125,0.975,1.075,0.925,1.025],"possible_pos":[0,1,2,3,4,5]},{"id":"train-images","loop_number":1,"shape":"test5","outlier_type":"NA","choice":0,"outlierPosition":0,"success":true,"majorityOfMostRegularShapes":false,"rt":1627.8999999985099,"rot1":-5,"rot2":25,"rot3":-25,"rot4":5,"rot5":15,"rot6":-15,"dil1":0.875,"dil2":1.125,"dil3":0.925,"dil4":1.025,"dil5":1.075,"dil6":0.975,"rots":[-5,25,-25,5,15,-15],"dils":[0.875,1.125,0.925,1.025,1.075,0.975],"possible_pos":[0,1,2,3,4,5]},{"id":"train-images","loop_number":1,"shape":"test10","outlier_type":"NA","choice":3,"outlierPosition":3,"success":true,"majorityOfMostRegularShapes":false,"rt":1021.4000000022352,"rot1":15,"rot2":5,"rot3":25,"rot4":-25,"rot5":-15,"rot6":-5,"dil1":1.125,"dil2":0.975,"dil3":1.075,"dil4":1.025,"dil5":0.925,"dil6":0.875,"rots":[15,5,25,-25,-15,-5],"dils":[1.125,0.975,1.075,1.025,0.925,0.875],"possible_pos":[0,1,2,3,4,5]},{"id":"train-images","loop_number":1,"shape":"test6","outlier_type":"NA","choice":0,"outlierPosition":0,"success":true,"majorityOfMostRegularShapes":true,"rt":1210.9000000022352,"rot1":-25,"rot2":15,"rot3":5,"rot4":-5,"rot5":25,"rot6":-15,"dil1":0.875,"dil2":1.125,"dil3":0.975,"dil4":1.025,"dil5":1.075,"dil6":0.925,"rots":[-25,15,5,-5,25,-15],"dils":[0.875,1.125,0.975,1.025,1.075,0.925],"possible_pos":[0,1,2,3,4,5]},{"id":"train-images","loop_number":1,"shape":"test7","outlier_type":"NA","choice":2,"outlierPosition":2,"success":true,"majorityOfMostRegularShapes":true,"rt":916.6000000014901,"rot1":-5,"rot2":15,"rot3":25,"rot4":-25,"rot5":-15,"rot6":5,"dil1":0.875,"dil2":1.025,"dil3":1.075,"dil4":0.925,"dil5":0.975,"dil6":1.125,"rots":[-5,15,25,-25,-15,5],"dils":[0.875,1.025,1.075,0.925,0.975,1.125],"possible_pos":[0,1,2,3,4,5]},{"id":"train-images","loop_number":1,"shape":"test3","outlier_type":"NA","choice":3,"outlierPosition":3,"success":true,"majorityOfMostRegularShapes":true,"rt":1036.800000000745,"rot1":-5,"rot2":-25,"rot3":15,"rot4":-15,"rot5":5,"rot6":25,"dil1":1.075,"dil2":0.875,"dil3":1.125,"dil4":0.925,"dil5":1.025,"dil6":0.975,"rots":[-5,-25,15,-15,5,25],"dils":[1.075,0.875,1.125,0.925,1.025,0.975],"possible_pos":[0,1,2,3,4,5]},{"id":"train-images","loop_number":1,"shape":"test8","outlier_type":"NA","choice":4,"outlierPosition":4,"success":true,"majorityOfMostRegularShapes":true,"rt":1053.199999999255,"rot1":5,"rot2":-5,"rot3":-25,"rot4":25,"rot5":-15,"rot6":15,"dil1":0.975,"dil2":0.875,"dil3":1.075,"dil4":1.025,"dil5":0.925,"dil6":1.125,"rots":[5,-5,-25,25,-15,15],"dils":[0.975,0.875,1.075,1.025,0.925,1.125],"possible_pos":[0,1,2,3,4,5]},{"id":"train-images","loop_number":1,"shape":"test6","outlier_type":"NA","choice":3,"outlierPosition":3,"success":true,"majorityOfMostRegularShapes":false,"rt":3232.900000002235,"rot1":5,"rot2":15,"rot3":-15,"rot4":-5,"rot5":-25,"rot6":25,"dil1":0.875,"dil2":0.975,"dil3":0.925,"dil4":1.075,"dil5":1.025,"dil6":1.125,"rots":[5,15,-15,-5,-25,25],"dils":[0.875,0.975,0.925,1.075,1.025,1.125],"possible_pos":[0,1,2,3,4,5]},{"id":"train-images","loop_number":1,"shape":"test9","outlier_type":"NA","choice":1,"outlierPosition":1,"success":true,"majorityOfMostRegularShapes":true,"rt":1111.3999999985099,"rot1":-5,"rot2":5,"rot3":-25,"rot4":25,"rot5":15,"rot6":-15,"dil1":1.075,"dil2":1.025,"dil3":1.125,"dil4":0.875,"dil5":0.975,"dil6":0.925,"rots":[-5,5,-25,25,15,-15],"dils":[1.075,1.025,1.125,0.875,0.975,0.925],"possible_pos":[0,1,2,3,4,5]},{"id":"train-images","loop_number":1,"shape":"test8","outlier_type":"NA","choice":4,"outlierPosition":4,"success":true,"majorityOfMostRegularShapes":false,"rt":842.6999999992549,"rot1":25,"rot2":-5,"rot3":-15,"rot4":-25,"rot5":5,"rot6":15,"dil1":0.975,"dil2":1.125,"dil3":0.875,"dil4":1.025,"dil5":1.075,"dil6":0.925,"rots":[25,-5,-15,-25,5,15],"dils":[0.975,1.125,0.875,1.025,1.075,0.925],"possible_pos":[0,1,2,3,4,5]},{"id":"train-images","loop_number":1,"shape":"test3","outlier_type":"NA","choice":3,"outlierPosition":3,"success":true,"majorityOfMostRegularShapes":false,"rt":950.1999999992549,"rot1":15,"rot2":-5,"rot3":-15,"rot4":25,"rot5":-25,"rot6":5,"dil1":0.925,"dil2":1.025,"dil3":1.125,"dil4":1.075,"dil5":0.875,"dil6":0.975,"rots":[15,-5,-15,25,-25,5],"dils":[0.925,1.025,1.125,1.075,0.875,0.975],"possible_pos":[0,1,2,3,4,5]}],"trial_type":"oddball-grid-image","trial_index":3,"time_elapsed":841443,"internal_node_id":"0.0-3.0","score":0.7386363636363636,"early_termination":false},{"results":[{"id":"gen2","loop_number":1,"shape":1,"outlier_type":"NA","choice":4,"outlierPosition":4,"success":true,"majorityOfMostRegularShapes":true,"rt":741.9000000022352,"rot1":15,"rot2":25,"rot3":-25,"rot4":5,"rot5":-15,"rot6":-5,"dil1":0.975,"dil2":1.125,"dil3":0.925,"dil4":0.875,"dil5":1.025,"dil6":1.075,"rots":[15,25,-25,5,-15,-5],"dils":[0.975,1.125,0.925,0.875,1.025,1.075]},{"id":"gen2","loop_number":1,"shape":2,"outlier_type":"NA","choice":5,"outlierPosition":5,"success":true,"majorityOfMostRegularShapes":false,"rt":881.6000000014901,"rot1":-25,"rot2":15,"rot3":-15,"rot4":-5,"rot5":25,"rot6":5,"dil1":0.975,"dil2":0.925,"dil3":1.025,"dil4":1.125,"dil5":1.075,"dil6":0.875,"rots":[-25,15,-15,-5,25,5],"dils":[0.975,0.925,1.025,1.125,1.075,0.875]},{"id":"gen2","loop_number":1,"shape":1,"outlier_type":"NA","choice":4,"outlierPosition":4,"success":true,"majorityOfMostRegularShapes":true,"rt":687.4000000022352,"rot1":-15,"rot2":-5,"rot3":15,"rot4":-25,"rot5":25,"rot6":5,"dil1":1.075,"dil2":1.125,"dil3":0.925,"dil4":0.975,"dil5":1.025,"dil6":0.875,"rots":[-15,-5,15,-25,25,5],"dils":[1.075,1.125,0.925,0.975,1.025,0.875]},{"id":"gen2","loop_number":1,"shape":0,"outlier_type":"NA","choice":5,"outlierPosition":5,"success":true,"majorityOfMostRegularShapes":true,"rt":1797.800000000745,"rot1":15,"rot2":-5,"rot3":-25,"rot4":-15,"rot5":5,"rot6":25,"dil1":0.975,"dil2":0.925,"dil3":1.125,"dil4":1.025,"dil5":0.875,"dil6":1.075,"rots":[15,-5,-25,-15,5,25],"dils":[0.975,0.925,1.125,1.025,0.875,1.075]},{"id":"gen2","loop_number":1,"shape":1,"outlier_type":"NA","choice":3,"outlierPosition":3,"success":true,"majorityOfMostRegularShapes":false,"rt":908.8999999985099,"rot1":15,"rot2":25,"rot3":5,"rot4":-5,"rot5":-25,"rot6":-15,"dil1":0.975,"dil2":0.875,"dil3":0.925,"dil4":1.125,"dil5":1.075,"dil6":1.025,"rots":[15,25,5,-5,-25,-15],"dils":[0.975,0.875,0.925,1.125,1.075,1.025]},{"id":"gen2","loop_number":1,"shape":0,"outlier_type":"NA","choice":1,"outlierPosition":1,"success":true,"majorityOfMostRegularShapes":false,"rt":1125.300000000745,"rot1":-25,"rot2":5,"rot3":-5,"rot4":15,"rot5":-15,"rot6":25,"dil1":1.075,"dil2":0.975,"dil3":1.025,"dil4":0.875,"dil5":1.125,"dil6":0.925,"rots":[-25,5,-5,15,-15,25],"dils":[1.075,0.975,1.025,0.875,1.125,0.925]},{"id":"gen2","loop_number":1,"shape":2,"outlier_type":"NA","choice":4,"outlierPosition":4,"success":true,"majorityOfMostRegularShapes":true,"rt":1268.300000000745,"rot1":-5,"rot2":-25,"rot3":15,"rot4":-15,"rot5":5,"rot6":25,"dil1":1.075,"dil2":0.875,"dil3":1.025,"dil4":1.125,"dil5":0.925,"dil6":0.975,"rots":[-5,-25,15,-15,5,25],"dils":[1.075,0.875,1.025,1.125,0.925,0.975]},{"id":"gen2","loop_number":1,"shape":0,"outlier_type":"NA","choice":2,"outlierPosition":2,"success":true,"majorityOfMostRegularShapes":false,"rt":1119.300000000745,"rot1":-5,"rot2":-25,"rot3":15,"rot4":25,"rot5":5,"rot6":-15,"dil1":1.125,"dil2":0.925,"dil3":0.975,"dil4":1.075,"dil5":1.025,"dil6":0.875,"rots":[-5,-25,15,25,5,-15],"dils":[1.125,0.925,0.975,1.075,1.025,0.875]},{"id":"gen2","loop_number":1,"shape":2,"outlier_type":"NA","choice":3,"outlierPosition":3,"success":true,"majorityOfMostRegularShapes":true,"rt":927.1000000014901,"rot1":15,"rot2":5,"rot3":-5,"rot4":-15,"rot5":-25,"rot6":25,"dil1":1.075,"dil2":1.025,"dil3":0.925,"dil4":0.875,"dil5":1.125,"dil6":0.975,"rots":[15,5,-5,-15,-25,25],"dils":[1.075,1.025,0.925,0.875,1.125,0.975]},{"id":"gen2","loop_number":1,"shape":1,"outlier_type":"NA","choice":5,"outlierPosition":5,"success":true,"majorityOfMostRegularShapes":true,"rt":792.4000000022352,"rot1":5,"rot2":25,"rot3":15,"rot4":-5,"rot5":-15,"rot6":-25,"dil1":1.075,"dil2":1.025,"dil3":0.975,"dil4":1.125,"dil5":0.925,"dil6":0.875,"rots":[5,25,15,-5,-15,-25],"dils":[1.075,1.025,0.975,1.125,0.925,0.875]},{"id":"gen2","loop_number":1,"shape":2,"outlier_type":"NA","choice":2,"outlierPosition":2,"success":true,"majorityOfMostRegularShapes":false,"rt":749.6000000014901,"rot1":25,"rot2":-5,"rot3":-25,"rot4":15,"rot5":5,"rot6":-15,"dil1":1.125,"dil2":1.025,"dil3":0.925,"dil4":1.075,"dil5":0.975,"dil6":0.875,"rots":[25,-5,-25,15,5,-15],"dils":[1.125,1.025,0.925,1.075,0.975,0.875]},{"id":"gen2","loop_number":1,"shape":0,"outlier_type":"NA","choice":1,"outlierPosition":1,"success":true,"majorityOfMostRegularShapes":true,"rt":1212.300000000745,"rot1":25,"rot2":15,"rot3":5,"rot4":-25,"rot5":-5,"rot6":-15,"dil1":1.075,"dil2":0.875,"dil3":0.925,"dil4":1.125,"dil5":0.975,"dil6":1.025,"rots":[25,15,5,-25,-5,-15],"dils":[1.075,0.875,0.925,1.125,0.975,1.025]},{"id":"gen2","loop_number":1,"shape":2,"outlier_type":"NA","choice":2,"outlierPosition":2,"success":true,"majorityOfMostRegularShapes":true,"rt":911.5,"rot1":15,"rot2":5,"rot3":-25,"rot4":-15,"rot5":25,"rot6":-5,"dil1":0.875,"dil2":1.125,"dil3":1.025,"dil4":0.925,"dil5":0.975,"dil6":1.075,"rots":[15,5,-25,-15,25,-5],"dils":[0.875,1.125,1.025,0.925,0.975,1.075]},{"id":"gen2","loop_number":1,"shape":1,"outlier_type":"NA","choice":3,"outlierPosition":3,"success":true,"majorityOfMostRegularShapes":false,"rt":793.4000000022352,"rot1":25,"rot2":15,"rot3":-15,"rot4":-5,"rot5":-25,"rot6":5,"dil1":1.025,"dil2":1.125,"dil3":0.875,"dil4":0.925,"dil5":0.975,"dil6":1.075,"rots":[25,15,-15,-5,-25,5],"dils":[1.025,1.125,0.875,0.925,0.975,1.075]},{"id":"gen2","loop_number":1,"shape":0,"outlier_type":"NA","choice":5,"outlierPosition":5,"success":true,"majorityOfMostRegularShapes":true,"rt":1333.300000000745,"rot1":-5,"rot2":-15,"rot3":-25,"rot4":25,"rot5":15,"rot6":5,"dil1":1.025,"dil2":0.925,"dil3":0.975,"dil4":1.125,"dil5":0.875,"dil6":1.075,"rots":[-5,-15,-25,25,15,5],"dils":[1.025,0.925,0.975,1.125,0.875,1.075]},{"id":"gen2","loop_number":1,"shape":1,"outlier_type":"NA","choice":4,"outlierPosition":4,"success":true,"majorityOfMostRegularShapes":false,"rt":814.5,"rot1":15,"rot2":25,"rot3":-25,"rot4":5,"rot5":-15,"rot6":-5,"dil1":1.025,"dil2":0.975,"dil3":0.875,"dil4":1.125,"dil5":1.075,"dil6":0.925,"rots":[15,25,-25,5,-15,-5],"dils":[1.025,0.975,0.875,1.125,1.075,0.925]},{"id":"gen2","loop_number":1,"shape":0,"outlier_type":"NA","choice":2,"outlierPosition":2,"success":true,"majorityOfMostRegularShapes":false,"rt":894,"rot1":-25,"rot2":25,"rot3":-15,"rot4":5,"rot5":-5,"rot6":15,"dil1":0.975,"dil2":1.075,"dil3":1.125,"dil4":0.925,"dil5":0.875,"dil6":1.025,"rots":[-25,25,-15,5,-5,15],"dils":[0.975,1.075,1.125,0.925,0.875,1.025]},{"id":"gen2","loop_number":1,"shape":2,"outlier_type":"NA","choice":3,"outlierPosition":3,"success":true,"majorityOfMostRegularShapes":false,"rt":813.1000000014901,"rot1":5,"rot2":-25,"rot3":-5,"rot4":15,"rot5":-15,"rot6":25,"dil1":0.875,"dil2":0.975,"dil3":1.025,"dil4":1.075,"dil5":0.925,"dil6":1.125,"rots":[5,-25,-5,15,-15,25],"dils":[0.875,0.975,1.025,1.075,0.925,1.125]}],"trial_type":"oddball-grid-easy","trial_index":4,"time_elapsed":887065,"internal_node_id":"0.0-4.0","score":0.7386363636363636,"early_termination":false},{"results":[{"id":"test","shape":"kite","outlier_type":3,"choice":2,"outlierPosition":1,"success":false,"majorityOfMostRegularShapes":true,"rt":2792.800000000745,"rot1":15,"rot2":25,"rot3":-25,"rot4":5,"rot5":-5,"rot6":-15,"dil1":0.975,"dil2":1.075,"dil3":1.025,"dil4":0.925,"dil5":1.125,"dil6":0.875,"rots":[15,25,-25,5,-5,-15],"dils":[0.975,1.075,1.025,0.925,1.125,0.875]},{"id":"test","shape":"hinge","outlier_type":2,"choice":4,"outlierPosition":4,"success":true,"majorityOfMostRegularShapes":false,"rt":2014.1000000014901,"rot1":25,"rot2":-5,"rot3":-15,"rot4":-25,"rot5":15,"rot6":5,"dil1":0.875,"dil2":1.025,"dil3":1.075,"dil4":0.925,"dil5":1.125,"dil6":0.975,"rots":[25,-5,-15,-25,15,5],"dils":[0.875,1.025,1.075,0.925,1.125,0.975]},{"id":"test","shape":"rustedHinge","outlier_type":0,"choice":4,"outlierPosition":4,"success":true,"majorityOfMostRegularShapes":true,"rt":4258.300000000745,"rot1":-25,"rot2":-15,"rot3":5,"rot4":-5,"rot5":15,"rot6":25,"dil1":1.125,"dil2":0.875,"dil3":1.075,"dil4":1.025,"dil5":0.975,"dil6":0.925,"rots":[-25,-15,5,-5,15,25],"dils":[1.125,0.875,1.075,1.025,0.975,0.925]},{"id":"test","shape":"isoTrapezoid","outlier_type":3,"choice":2,"outlierPosition":2,"success":true,"majorityOfMostRegularShapes":true,"rt":2119.199999999255,"rot1":-15,"rot2":-25,"rot3":5,"rot4":-5,"rot5":15,"rot6":25,"dil1":1.025,"dil2":1.075,"dil3":0.975,"dil4":0.875,"dil5":1.125,"dil6":0.925,"rots":[-15,-25,5,-5,15,25],"dils":[1.025,1.075,0.975,0.875,1.125,0.925]},{"id":"test","shape":"hinge","outlier_type":0,"choice":1,"outlierPosition":1,"success":true,"majorityOfMostRegularShapes":true,"rt":3968,"rot1":-25,"rot2":5,"rot3":-15,"rot4":-5,"rot5":25,"rot6":15,"dil1":1.075,"dil2":1.125,"dil3":0.975,"dil4":1.025,"dil5":0.925,"dil6":0.875,"rots":[-25,5,-15,-5,25,15],"dils":[1.075,1.125,0.975,1.025,0.925,0.875]},{"id":"test","shape":"square","outlier_type":2,"choice":4,"outlierPosition":4,"success":true,"majorityOfMostRegularShapes":false,"rt":2021.5,"rot1":-25,"rot2":5,"rot3":-5,"rot4":25,"rot5":15,"rot6":-15,"dil1":0.925,"dil2":0.875,"dil3":1.025,"dil4":1.125,"dil5":0.975,"dil6":1.075,"rots":[-25,5,-5,25,15,-15],"dils":[0.925,0.875,1.025,1.125,0.975,1.075]},{"id":"test","shape":"kite","outlier_type":0,"choice":5,"outlierPosition":5,"success":true,"majorityOfMostRegularShapes":false,"rt":3469.89999999851,"rot1":25,"rot2":-25,"rot3":-15,"rot4":15,"rot5":5,"rot6":-5,"dil1":0.875,"dil2":1.025,"dil3":0.975,"dil4":1.125,"dil5":0.925,"dil6":1.075,"rots":[25,-25,-15,15,5,-5],"dils":[0.875,1.025,0.975,1.125,0.925,1.075]},{"id":"test","shape":"isoTrapezoid","outlier_type":3,"choice":4,"outlierPosition":5,"success":false,"majorityOfMostRegularShapes":false,"rt":2576.10000000149,"rot1":-5,"rot2":-15,"rot3":-25,"rot4":15,"rot5":25,"rot6":5,"dil1":1.125,"dil2":0.975,"dil3":1.025,"dil4":1.075,"dil5":0.875,"dil6":0.925,"rots":[-5,-15,-25,15,25,5],"dils":[1.125,0.975,1.025,1.075,0.875,0.925]},{"id":"test","shape":"rustedHinge","outlier_type":1,"choice":5,"outlierPosition":5,"success":true,"majorityOfMostRegularShapes":true,"rt":2431.300000000745,"rot1":5,"rot2":-15,"rot3":-25,"rot4":-5,"rot5":15,"rot6":25,"dil1":1.125,"dil2":1.075,"dil3":1.025,"dil4":0.975,"dil5":0.875,"dil6":0.925,"rots":[5,-15,-25,-5,15,25],"dils":[1.125,1.075,1.025,0.975,0.875,0.925]},{"id":"test","shape":"rustedHinge","outlier_type":2,"choice":4,"outlierPosition":1,"success":false,"majorityOfMostRegularShapes":false,"rt":4607.800000000745,"rot1":25,"rot2":-5,"rot3":15,"rot4":-25,"rot5":5,"rot6":-15,"dil1":0.975,"dil2":0.925,"dil3":1.025,"dil4":1.125,"dil5":1.075,"dil6":0.875,"rots":[25,-5,15,-25,5,-15],"dils":[0.975,0.925,1.025,1.125,1.075,0.875]},{"id":"test","shape":"parallelogram","outlier_type":1,"choice":4,"outlierPosition":4,"success":true,"majorityOfMostRegularShapes":true,"rt":2442.5,"rot1":-5,"rot2":25,"rot3":5,"rot4":-15,"rot5":15,"rot6":-25,"dil1":1.075,"dil2":0.925,"dil3":0.875,"dil4":1.125,"dil5":1.025,"dil6":0.975,"rots":[-5,25,5,-15,15,-25],"dils":[1.075,0.925,0.875,1.125,1.025,0.975]},{"id":"test","shape":"trapezoid","outlier_type":2,"choice":5,"outlierPosition":5,"success":true,"majorityOfMostRegularShapes":true,"rt":2924.699999999255,"rot1":5,"rot2":25,"rot3":15,"rot4":-5,"rot5":-15,"rot6":-25,"dil1":1.025,"dil2":0.875,"dil3":1.125,"dil4":0.925,"dil5":1.075,"dil6":0.975,"rots":[5,25,15,-5,-15,-25],"dils":[1.025,0.875,1.125,0.925,1.075,0.975]},{"id":"test","shape":"rustedHinge","outlier_type":0,"choice":5,"outlierPosition":4,"success":false,"majorityOfMostRegularShapes":false,"rt":2365.699999999255,"rot1":-15,"rot2":5,"rot3":-5,"rot4":15,"rot5":25,"rot6":-25,"dil1":1.075,"dil2":1.025,"dil3":0.975,"dil4":0.925,"dil5":1.125,"dil6":0.875,"rots":[-15,5,-5,15,25,-25],"dils":[1.075,1.025,0.975,0.925,1.125,0.875]},{"id":"test","shape":"rightKite","outlier_type":1,"choice":4,"outlierPosition":5,"success":false,"majorityOfMostRegularShapes":true,"rt":6025.400000002235,"rot1":15,"rot2":-25,"rot3":-5,"rot4":5,"rot5":-15,"rot6":25,"dil1":0.975,"dil2":1.125,"dil3":1.025,"dil4":0.875,"dil5":0.925,"dil6":1.075,"rots":[15,-25,-5,5,-15,25],"dils":[0.975,1.125,1.025,0.875,0.925,1.075]},{"id":"test","shape":"random","outlier_type":2,"choice":5,"outlierPosition":5,"success":true,"majorityOfMostRegularShapes":false,"rt":4921.800000000745,"rot1":25,"rot2":-5,"rot3":-15,"rot4":5,"rot5":15,"rot6":-25,"dil1":1.125,"dil2":0.975,"dil3":0.875,"dil4":1.025,"dil5":0.925,"dil6":1.075,"rots":[25,-5,-15,5,15,-25],"dils":[1.125,0.975,0.875,1.025,0.925,1.075]},{"id":"test","shape":"losange","outlier_type":1,"choice":4,"outlierPosition":4,"success":true,"majorityOfMostRegularShapes":false,"rt":3032.800000000745,"rot1":25,"rot2":-15,"rot3":5,"rot4":15,"rot5":-25,"rot6":-5,"dil1":0.875,"dil2":0.975,"dil3":1.025,"dil4":0.925,"dil5":1.075,"dil6":1.125,"rots":[25,-15,5,15,-25,-5],"dils":[0.875,0.975,1.025,0.925,1.075,1.125]},{"id":"test","shape":"hinge","outlier_type":2,"choice":1,"outlierPosition":1,"success":true,"majorityOfMostRegularShapes":true,"rt":2938.400000002235,"rot1":5,"rot2":-5,"rot3":25,"rot4":-15,"rot5":15,"rot6":-25,"dil1":1.125,"dil2":0.975,"dil3":0.925,"dil4":1.025,"dil5":0.875,"dil6":1.075,"rots":[5,-5,25,-15,15,-25],"dils":[1.125,0.975,0.925,1.025,0.875,1.075]},{"id":"test","shape":"rustedHinge","outlier_type":3,"choice":0,"outlierPosition":3,"success":false,"majorityOfMostRegularShapes":false,"rt":5401,"rot1":25,"rot2":-5,"rot3":5,"rot4":15,"rot5":-25,"rot6":-15,"dil1":1.125,"dil2":0.875,"dil3":1.025,"dil4":1.075,"dil5":0.925,"dil6":0.975,"rots":[25,-5,5,15,-25,-15],"dils":[1.125,0.875,1.025,1.075,0.925,0.975]},{"id":"test","shape":"rustedHinge","outlier_type":1,"choice":1,"outlierPosition":2,"success":false,"majorityOfMostRegularShapes":false,"rt":4773.60000000149,"rot1":-15,"rot2":15,"rot3":-5,"rot4":25,"rot5":5,"rot6":-25,"dil1":0.925,"dil2":0.875,"dil3":1.025,"dil4":1.075,"dil5":1.125,"dil6":0.975,"rots":[-15,15,-5,25,5,-25],"dils":[0.925,0.875,1.025,1.075,1.125,0.975]},{"id":"test","shape":"random","outlier_type":3,"choice":2,"outlierPosition":2,"success":true,"majorityOfMostRegularShapes":false,"rt":1874,"rot1":25,"rot2":5,"rot3":-15,"rot4":-25,"rot5":15,"rot6":-5,"dil1":0.975,"dil2":0.875,"dil3":0.925,"dil4":1.025,"dil5":1.125,"dil6":1.075,"rots":[25,5,-15,-25,15,-5],"dils":[0.975,0.875,0.925,1.025,1.125,1.075]},{"id":"test","shape":"square","outlier_type":1,"choice":2,"outlierPosition":2,"success":true,"majorityOfMostRegularShapes":false,"rt":1541.800000000745,"rot1":-5,"rot2":25,"rot3":5,"rot4":15,"rot5":-15,"rot6":-25,"dil1":1.125,"dil2":0.925,"dil3":0.875,"dil4":1.075,"dil5":0.975,"dil6":1.025,"rots":[-5,25,5,15,-15,-25],"dils":[1.125,0.925,0.875,1.075,0.975,1.025]},{"id":"test","shape":"trapezoid","outlier_type":2,"choice":5,"outlierPosition":5,"success":true,"majorityOfMostRegularShapes":false,"rt":4885.79999999702,"rot1":5,"rot2":25,"rot3":-25,"rot4":-5,"rot5":15,"rot6":-15,"dil1":0.975,"dil2":1.125,"dil3":1.075,"dil4":0.875,"dil5":1.025,"dil6":0.925,"rots":[5,25,-25,-5,15,-15],"dils":[0.975,1.125,1.075,0.875,1.025,0.925]},{"id":"test","shape":"rectangle","outlier_type":3,"choice":3,"outlierPosition":3,"success":true,"majorityOfMostRegularShapes":false,"rt":1510.199999999255,"rot1":-15,"rot2":25,"rot3":15,"rot4":-5,"rot5":5,"rot6":-25,"dil1":0.875,"dil2":0.975,"dil3":1.075,"dil4":1.025,"dil5":0.925,"dil6":1.125,"rots":[-15,25,15,-5,5,-25],"dils":[0.875,0.975,1.075,1.025,0.925,1.125]},{"id":"test","shape":"kite","outlier_type":1,"choice":5,"outlierPosition":0,"success":false,"majorityOfMostRegularShapes":false,"rt":2488.099999997765,"rot1":-15,"rot2":5,"rot3":15,"rot4":-5,"rot5":-25,"rot6":25,"dil1":0.875,"dil2":1.075,"dil3":0.975,"dil4":1.125,"dil5":1.025,"dil6":0.925,"rots":[-15,5,15,-5,-25,25],"dils":[0.875,1.075,0.975,1.125,1.025,0.925]},{"id":"test","shape":"parallelogram","outlier_type":2,"choice":4,"outlierPosition":4,"success":true,"majorityOfMostRegularShapes":true,"rt":2969.5,"rot1":25,"rot2":-5,"rot3":-25,"rot4":5,"rot5":-15,"rot6":15,"dil1":0.875,"dil2":1.025,"dil3":0.975,"dil4":1.075,"dil5":0.925,"dil6":1.125,"rots":[25,-5,-25,5,-15,15],"dils":[0.875,1.025,0.975,1.075,0.925,1.125]},{"id":"test","shape":"kite","outlier_type":1,"choice":4,"outlierPosition":4,"success":true,"majorityOfMostRegularShapes":true,"rt":7911.29999999702,"rot1":15,"rot2":-15,"rot3":-5,"rot4":25,"rot5":5,"rot6":-25,"dil1":1.075,"dil2":1.025,"dil3":0.975,"dil4":0.925,"dil5":1.125,"dil6":0.875,"rots":[15,-15,-5,25,5,-25],"dils":[1.075,1.025,0.975,0.925,1.125,0.875]},{"id":"test","shape":"losange","outlier_type":0,"choice":3,"outlierPosition":5,"success":false,"majorityOfMostRegularShapes":true,"rt":4949.099999997765,"rot1":-5,"rot2":25,"rot3":15,"rot4":-25,"rot5":5,"rot6":-15,"dil1":1.025,"dil2":0.925,"dil3":1.075,"dil4":1.125,"dil5":0.975,"dil6":0.875,"rots":[-5,25,15,-25,5,-15],"dils":[1.025,0.925,1.075,1.125,0.975,0.875]},{"id":"test","shape":"random","outlier_type":1,"choice":2,"outlierPosition":2,"success":true,"majorityOfMostRegularShapes":true,"rt":4308.60000000149,"rot1":-25,"rot2":5,"rot3":-5,"rot4":15,"rot5":-15,"rot6":25,"dil1":1.125,"dil2":0.975,"dil3":1.075,"dil4":0.875,"dil5":0.925,"dil6":1.025,"rots":[-25,5,-5,15,-15,25],"dils":[1.125,0.975,1.075,0.875,0.925,1.025]},{"id":"test","shape":"hinge","outlier_type":3,"choice":0,"outlierPosition":0,"success":true,"majorityOfMostRegularShapes":false,"rt":5355,"rot1":-15,"rot2":25,"rot3":-25,"rot4":5,"rot5":15,"rot6":-5,"dil1":0.875,"dil2":1.125,"dil3":0.975,"dil4":1.025,"dil5":1.075,"dil6":0.925,"rots":[-15,25,-25,5,15,-5],"dils":[0.875,1.125,0.975,1.025,1.075,0.925]},{"id":"test","shape":"isoTrapezoid","outlier_type":2,"choice":5,"outlierPosition":5,"success":true,"majorityOfMostRegularShapes":false,"rt":3410.199999999255,"rot1":-25,"rot2":-5,"rot3":5,"rot4":-15,"rot5":15,"rot6":25,"dil1":0.875,"dil2":0.975,"dil3":1.075,"dil4":0.925,"dil5":1.025,"dil6":1.125,"rots":[-25,-5,5,-15,15,25],"dils":[0.875,0.975,1.075,0.925,1.025,1.125]},{"id":"test","shape":"random","outlier_type":3,"choice":5,"outlierPosition":5,"success":true,"majorityOfMostRegularShapes":true,"rt":5669.39999999851,"rot1":15,"rot2":25,"rot3":-25,"rot4":-5,"rot5":5,"rot6":-15,"dil1":0.925,"dil2":1.075,"dil3":0.975,"dil4":1.125,"dil5":1.025,"dil6":0.875,"rots":[15,25,-25,-5,5,-15],"dils":[0.925,1.075,0.975,1.125,1.025,0.875]},{"id":"test","shape":"rectangle","outlier_type":0,"choice":4,"outlierPosition":4,"success":true,"majorityOfMostRegularShapes":true,"rt":2145.800000000745,"rot1":15,"rot2":5,"rot3":25,"rot4":-5,"rot5":-25,"rot6":-15,"dil1":0.875,"dil2":0.975,"dil3":1.075,"dil4":0.925,"dil5":1.125,"dil6":1.025,"rots":[15,5,25,-5,-25,-15],"dils":[0.875,0.975,1.075,0.925,1.125,1.025]},{"id":"test","shape":"trapezoid","outlier_type":1,"choice":1,"outlierPosition":1,"success":true,"majorityOfMostRegularShapes":true,"rt":3841.699999999255,"rot1":15,"rot2":-5,"rot3":25,"rot4":-25,"rot5":-15,"rot6":5,"dil1":0.925,"dil2":1.125,"dil3":0.975,"dil4":0.875,"dil5":1.075,"dil6":1.025,"rots":[15,-5,25,-25,-15,5],"dils":[0.925,1.125,0.975,0.875,1.075,1.025]},{"id":"test","shape":"rectangle","outlier_type":2,"choice":5,"outlierPosition":5,"success":true,"majorityOfMostRegularShapes":true,"rt":1647.800000000745,"rot1":-15,"rot2":-5,"rot3":15,"rot4":-25,"rot5":25,"rot6":5,"dil1":0.925,"dil2":1.075,"dil3":0.975,"dil4":0.875,"dil5":1.025,"dil6":1.125,"rots":[-15,-5,15,-25,25,5],"dils":[0.925,1.075,0.975,0.875,1.025,1.125]},{"id":"test","shape":"parallelogram","outlier_type":3,"choice":4,"outlierPosition":4,"success":true,"majorityOfMostRegularShapes":true,"rt":2992.39999999851,"rot1":15,"rot2":-5,"rot3":25,"rot4":5,"rot5":-25,"rot6":-15,"dil1":1.025,"dil2":1.125,"dil3":1.075,"dil4":0.975,"dil5":0.925,"dil6":0.875,"rots":[15,-5,25,5,-25,-15],"dils":[1.025,1.125,1.075,0.975,0.925,0.875]},{"id":"test","shape":"random","outlier_type":0,"choice":4,"outlierPosition":4,"success":true,"majorityOfMostRegularShapes":false,"rt":7316.599999997765,"rot1":-25,"rot2":-15,"rot3":15,"rot4":5,"rot5":-5,"rot6":25,"dil1":0.925,"dil2":1.025,"dil3":1.125,"dil4":0.875,"dil5":0.975,"dil6":1.075,"rots":[-25,-15,15,5,-5,25],"dils":[0.925,1.025,1.125,0.875,0.975,1.075]},{"id":"test","shape":"rightKite","outlier_type":1,"choice":5,"outlierPosition":5,"success":true,"majorityOfMostRegularShapes":false,"rt":2617.199999999255,"rot1":15,"rot2":-5,"rot3":-15,"rot4":5,"rot5":25,"rot6":-25,"dil1":1.075,"dil2":0.875,"dil3":0.975,"dil4":1.125,"dil5":0.925,"dil6":1.025,"rots":[15,-5,-15,5,25,-25],"dils":[1.075,0.875,0.975,1.125,0.925,1.025]},{"id":"test","shape":"random","outlier_type":2,"choice":3,"outlierPosition":3,"success":true,"majorityOfMostRegularShapes":true,"rt":6575,"rot1":-5,"rot2":15,"rot3":-25,"rot4":-15,"rot5":25,"rot6":5,"dil1":0.975,"dil2":1.075,"dil3":1.025,"dil4":0.925,"dil5":0.875,"dil6":1.125,"rots":[-5,15,-25,-15,25,5],"dils":[0.975,1.075,1.025,0.925,0.875,1.125]},{"id":"test","shape":"square","outlier_type":3,"choice":4,"outlierPosition":4,"success":true,"majorityOfMostRegularShapes":true,"rt":4772.60000000149,"rot1":25,"rot2":-5,"rot3":-25,"rot4":5,"rot5":-15,"rot6":15,"dil1":0.875,"dil2":1.075,"dil3":0.975,"dil4":1.025,"dil5":1.125,"dil6":0.925,"rots":[25,-5,-25,5,-15,15],"dils":[0.875,1.075,0.975,1.025,1.125,0.925]},{"id":"test","shape":"parallelogram","outlier_type":0,"choice":1,"outlierPosition":1,"success":true,"majorityOfMostRegularShapes":false,"rt":5624.20000000298,"rot1":-25,"rot2":25,"rot3":5,"rot4":-15,"rot5":15,"rot6":-5,"dil1":0.975,"dil2":0.925,"dil3":1.125,"dil4":1.025,"dil5":0.875,"dil6":1.075,"rots":[-25,25,5,-15,15,-5],"dils":[0.975,0.925,1.125,1.025,0.875,1.075]},{"id":"test","shape":"rightKite","outlier_type":3,"choice":4,"outlierPosition":4,"success":true,"majorityOfMostRegularShapes":false,"rt":3231.699999999255,"rot1":15,"rot2":-5,"rot3":25,"rot4":5,"rot5":-25,"rot6":-15,"dil1":0.875,"dil2":0.975,"dil3":0.925,"dil4":1.025,"dil5":1.075,"dil6":1.125,"rots":[15,-5,25,5,-25,-15],"dils":[0.875,0.975,0.925,1.025,1.075,1.125]},{"id":"test","shape":"square","outlier_type":0,"choice":2,"outlierPosition":2,"success":true,"majorityOfMostRegularShapes":true,"rt":1527,"rot1":5,"rot2":15,"rot3":-5,"rot4":-15,"rot5":-25,"rot6":25,"dil1":0.875,"dil2":1.125,"dil3":1.075,"dil4":0.975,"dil5":0.925,"dil6":1.025,"rots":[5,15,-5,-15,-25,25],"dils":[0.875,1.125,1.075,0.975,0.925,1.025]},{"id":"test","shape":"hinge","outlier_type":1,"choice":4,"outlierPosition":4,"success":true,"majorityOfMostRegularShapes":true,"rt":5204.199999999255,"rot1":-15,"rot2":-25,"rot3":15,"rot4":25,"rot5":-5,"rot6":5,"dil1":0.875,"dil2":1.075,"dil3":1.025,"dil4":1.125,"dil5":0.975,"dil6":0.925,"rots":[-15,-25,15,25,-5,5],"dils":[0.875,1.075,1.025,1.125,0.975,0.925]},{"id":"test","shape":"rightKite","outlier_type":0,"choice":3,"outlierPosition":1,"success":false,"majorityOfMostRegularShapes":false,"rt":5037.699999999255,"rot1":15,"rot2":-25,"rot3":-15,"rot4":25,"rot5":-5,"rot6":5,"dil1":0.925,"dil2":0.975,"dil3":1.025,"dil4":1.125,"dil5":0.875,"dil6":1.075,"rots":[15,-25,-15,25,-5,5],"dils":[0.925,0.975,1.025,1.125,0.875,1.075]},{"id":"test","shape":"parallelogram","outlier_type":3,"choice":0,"outlierPosition":0,"success":true,"majorityOfMostRegularShapes":false,"rt":5108.800000000745,"rot1":-5,"rot2":15,"rot3":5,"rot4":-25,"rot5":-15,"rot6":25,"dil1":1.075,"dil2":0.875,"dil3":0.925,"dil4":0.975,"dil5":1.025,"dil6":1.125,"rots":[-5,15,5,-25,-15,25],"dils":[1.075,0.875,0.925,0.975,1.025,1.125]},{"id":"test","shape":"kite","outlier_type":2,"choice":5,"outlierPosition":3,"success":false,"majorityOfMostRegularShapes":false,"rt":7472.800000000745,"rot1":-5,"rot2":25,"rot3":5,"rot4":15,"rot5":-15,"rot6":-25,"dil1":0.875,"dil2":1.075,"dil3":0.975,"dil4":1.025,"dil5":1.125,"dil6":0.925,"rots":[-5,25,5,15,-15,-25],"dils":[0.875,1.075,0.975,1.025,1.125,0.925]},{"id":"test","shape":"square","outlier_type":3,"choice":4,"outlierPosition":4,"success":true,"majorityOfMostRegularShapes":false,"rt":1331.699999999255,"rot1":15,"rot2":-25,"rot3":-15,"rot4":5,"rot5":-5,"rot6":25,"dil1":0.975,"dil2":0.925,"dil3":0.875,"dil4":1.025,"dil5":1.075,"dil6":1.125,"rots":[15,-25,-15,5,-5,25],"dils":[0.975,0.925,0.875,1.025,1.075,1.125]},{"id":"test","shape":"rightKite","outlier_type":0,"choice":0,"outlierPosition":2,"success":false,"majorityOfMostRegularShapes":true,"rt":5059.300000000745,"rot1":25,"rot2":15,"rot3":-15,"rot4":-5,"rot5":-25,"rot6":5,"dil1":1.125,"dil2":0.975,"dil3":0.875,"dil4":1.075,"dil5":0.925,"dil6":1.025,"rots":[25,15,-15,-5,-25,5],"dils":[1.125,0.975,0.875,1.075,0.925,1.025]},{"id":"test","shape":"rustedHinge","outlier_type":3,"choice":4,"outlierPosition":5,"success":false,"majorityOfMostRegularShapes":true,"rt":4104.300000000745,"rot1":-25,"rot2":5,"rot3":25,"rot4":-15,"rot5":-5,"rot6":15,"dil1":1.025,"dil2":0.925,"dil3":0.875,"dil4":1.075,"dil5":0.975,"dil6":1.125,"rots":[-25,5,25,-15,-5,15],"dils":[1.025,0.925,0.875,1.075,0.975,1.125]},{"id":"test","shape":"trapezoid","outlier_type":1,"choice":2,"outlierPosition":2,"success":true,"majorityOfMostRegularShapes":false,"rt":1644,"rot1":-15,"rot2":5,"rot3":-25,"rot4":15,"rot5":-5,"rot6":25,"dil1":1.025,"dil2":0.875,"dil3":1.125,"dil4":1.075,"dil5":0.975,"dil6":0.925,"rots":[-15,5,-25,15,-5,25],"dils":[1.025,0.875,1.125,1.075,0.975,0.925]},{"id":"test","shape":"rustedHinge","outlier_type":2,"choice":2,"outlierPosition":2,"success":true,"majorityOfMostRegularShapes":true,"rt":1598.0999999977648,"rot1":-5,"rot2":-15,"rot3":25,"rot4":15,"rot5":5,"rot6":-25,"dil1":1.025,"dil2":0.975,"dil3":0.875,"dil4":1.075,"dil5":0.925,"dil6":1.125,"rots":[-5,-15,25,15,5,-25],"dils":[1.025,0.975,0.875,1.075,0.925,1.125]},{"id":"test","shape":"rectangle","outlier_type":1,"choice":5,"outlierPosition":5,"success":true,"majorityOfMostRegularShapes":true,"rt":1629.3999999985099,"rot1":-25,"rot2":15,"rot3":25,"rot4":-5,"rot5":-15,"rot6":5,"dil1":0.925,"dil2":1.125,"dil3":1.075,"dil4":0.875,"dil5":0.975,"dil6":1.025,"rots":[-25,15,25,-5,-15,5],"dils":[0.925,1.125,1.075,0.875,0.975,1.025]},{"id":"test","shape":"square","outlier_type":0,"choice":2,"outlierPosition":5,"success":false,"majorityOfMostRegularShapes":false,"rt":1734.8999999985099,"rot1":5,"rot2":15,"rot3":-15,"rot4":-25,"rot5":-5,"rot6":25,"dil1":0.975,"dil2":0.925,"dil3":0.875,"dil4":1.075,"dil5":1.125,"dil6":1.025,"rots":[5,15,-15,-25,-5,25],"dils":[0.975,0.925,0.875,1.075,1.125,1.025]},{"id":"test","shape":"isoTrapezoid","outlier_type":1,"choice":4,"outlierPosition":4,"success":true,"majorityOfMostRegularShapes":false,"rt":2512.10000000149,"rot1":-25,"rot2":15,"rot3":5,"rot4":-5,"rot5":-15,"rot6":25,"dil1":0.925,"dil2":1.025,"dil3":1.075,"dil4":0.975,"dil5":1.125,"dil6":0.875,"rots":[-25,15,5,-5,-15,25],"dils":[0.925,1.025,1.075,0.975,1.125,0.875]},{"id":"test","shape":"rightKite","outlier_type":3,"choice":4,"outlierPosition":4,"success":true,"majorityOfMostRegularShapes":true,"rt":3975.60000000149,"rot1":-5,"rot2":5,"rot3":25,"rot4":15,"rot5":-15,"rot6":-25,"dil1":1.125,"dil2":0.925,"dil3":0.875,"dil4":0.975,"dil5":1.025,"dil6":1.075,"rots":[-5,5,25,15,-15,-25],"dils":[1.125,0.925,0.875,0.975,1.025,1.075]},{"id":"test","shape":"parallelogram","outlier_type":1,"choice":1,"outlierPosition":1,"success":true,"majorityOfMostRegularShapes":false,"rt":2581.39999999851,"rot1":-15,"rot2":-25,"rot3":15,"rot4":25,"rot5":-5,"rot6":5,"dil1":0.975,"dil2":0.925,"dil3":1.025,"dil4":1.075,"dil5":0.875,"dil6":1.125,"rots":[-15,-25,15,25,-5,5],"dils":[0.975,0.925,1.025,1.075,0.875,1.125]},{"id":"test","shape":"losange","outlier_type":2,"choice":4,"outlierPosition":4,"success":true,"majorityOfMostRegularShapes":false,"rt":4769.60000000149,"rot1":-25,"rot2":-5,"rot3":-15,"rot4":25,"rot5":15,"rot6":5,"dil1":0.875,"dil2":0.925,"dil3":1.025,"dil4":0.975,"dil5":1.125,"dil6":1.075,"rots":[-25,-5,-15,25,15,5],"dils":[0.875,0.925,1.025,0.975,1.125,1.075]},{"id":"test","shape":"hinge","outlier_type":3,"choice":3,"outlierPosition":1,"success":false,"majorityOfMostRegularShapes":true,"rt":7094.5,"rot1":5,"rot2":-25,"rot3":15,"rot4":-15,"rot5":25,"rot6":-5,"dil1":0.975,"dil2":0.875,"dil3":0.925,"dil4":1.075,"dil5":1.125,"dil6":1.025,"rots":[5,-25,15,-15,25,-5],"dils":[0.975,0.875,0.925,1.075,1.125,1.025]},{"id":"test","shape":"kite","outlier_type":0,"choice":5,"outlierPosition":5,"success":true,"majorityOfMostRegularShapes":true,"rt":6478.699999999255,"rot1":-15,"rot2":-5,"rot3":25,"rot4":-25,"rot5":5,"rot6":15,"dil1":1.125,"dil2":1.075,"dil3":0.975,"dil4":1.025,"dil5":0.925,"dil6":0.875,"rots":[-15,-5,25,-25,5,15],"dils":[1.125,1.075,0.975,1.025,0.925,0.875]},{"id":"test","shape":"random","outlier_type":1,"choice":5,"outlierPosition":5,"success":true,"majorityOfMostRegularShapes":false,"rt":5389.099999997765,"rot1":5,"rot2":-5,"rot3":25,"rot4":-15,"rot5":-25,"rot6":15,"dil1":0.975,"dil2":1.025,"dil3":1.125,"dil4":0.875,"dil5":1.075,"dil6":0.925,"rots":[5,-5,25,-15,-25,15],"dils":[0.975,1.025,1.125,0.875,1.075,0.925]},{"id":"test","shape":"rectangle","outlier_type":3,"choice":3,"outlierPosition":3,"success":true,"majorityOfMostRegularShapes":true,"rt":1389.8999999985099,"rot1":-15,"rot2":15,"rot3":25,"rot4":5,"rot5":-5,"rot6":-25,"dil1":0.875,"dil2":0.925,"dil3":1.025,"dil4":0.975,"dil5":1.125,"dil6":1.075,"rots":[-15,15,25,5,-5,-25],"dils":[0.875,0.925,1.025,0.975,1.125,1.075]},{"id":"test","shape":"isoTrapezoid","outlier_type":0,"choice":1,"outlierPosition":1,"success":true,"majorityOfMostRegularShapes":true,"rt":3632.199999999255,"rot1":-5,"rot2":-25,"rot3":5,"rot4":-15,"rot5":25,"rot6":15,"dil1":0.925,"dil2":1.025,"dil3":1.075,"dil4":1.125,"dil5":0.975,"dil6":0.875,"rots":[-5,-25,5,-15,25,15],"dils":[0.925,1.025,1.075,1.125,0.975,0.875]},{"id":"test","shape":"kite","outlier_type":3,"choice":3,"outlierPosition":3,"success":true,"majorityOfMostRegularShapes":false,"rt":2904.89999999851,"rot1":-25,"rot2":15,"rot3":-5,"rot4":25,"rot5":5,"rot6":-15,"dil1":0.925,"dil2":0.875,"dil3":1.025,"dil4":1.125,"dil5":0.975,"dil6":1.075,"rots":[-25,15,-5,25,5,-15],"dils":[0.925,0.875,1.025,1.125,0.975,1.075]},{"id":"test","shape":"hinge","outlier_type":0,"choice":4,"outlierPosition":4,"success":true,"majorityOfMostRegularShapes":false,"rt":4312.199999999255,"rot1":-25,"rot2":25,"rot3":-5,"rot4":15,"rot5":-15,"rot6":5,"dil1":0.975,"dil2":0.925,"dil3":1.025,"dil4":1.075,"dil5":0.875,"dil6":1.125,"rots":[-25,25,-5,15,-15,5],"dils":[0.975,0.925,1.025,1.075,0.875,1.125]},{"id":"test","shape":"rightKite","outlier_type":2,"choice":5,"outlierPosition":1,"success":false,"majorityOfMostRegularShapes":false,"rt":5801.900000002235,"rot1":15,"rot2":5,"rot3":-15,"rot4":-5,"rot5":-25,"rot6":25,"dil1":0.975,"dil2":1.125,"dil3":1.075,"dil4":0.925,"dil5":1.025,"dil6":0.875,"rots":[15,5,-15,-5,-25,25],"dils":[0.975,1.125,1.075,0.925,1.025,0.875]},{"id":"test","shape":"trapezoid","outlier_type":0,"choice":0,"outlierPosition":5,"success":false,"majorityOfMostRegularShapes":true,"rt":5123.29999999702,"rot1":5,"rot2":-15,"rot3":15,"rot4":25,"rot5":-25,"rot6":-5,"dil1":1.125,"dil2":0.975,"dil3":0.925,"dil4":1.075,"dil5":1.025,"dil6":0.875,"rots":[5,-15,15,25,-25,-5],"dils":[1.125,0.975,0.925,1.075,1.025,0.875]},{"id":"test","shape":"rectangle","outlier_type":2,"choice":5,"outlierPosition":5,"success":true,"majorityOfMostRegularShapes":false,"rt":1639.300000000745,"rot1":15,"rot2":25,"rot3":-5,"rot4":5,"rot5":-15,"rot6":-25,"dil1":0.875,"dil2":1.125,"dil3":1.025,"dil4":0.925,"dil5":0.975,"dil6":1.075,"rots":[15,25,-5,5,-15,-25],"dils":[0.875,1.125,1.025,0.925,0.975,1.075]},{"id":"test","shape":"trapezoid","outlier_type":0,"choice":4,"outlierPosition":4,"success":true,"majorityOfMostRegularShapes":false,"rt":8548.79999999702,"rot1":-15,"rot2":-5,"rot3":15,"rot4":-25,"rot5":5,"rot6":25,"dil1":0.925,"dil2":0.875,"dil3":0.975,"dil4":1.075,"dil5":1.025,"dil6":1.125,"rots":[-15,-5,15,-25,5,25],"dils":[0.925,0.875,0.975,1.075,1.025,1.125]},{"id":"test","shape":"kite","outlier_type":2,"choice":5,"outlierPosition":5,"success":true,"majorityOfMostRegularShapes":true,"rt":5258.800000000745,"rot1":5,"rot2":25,"rot3":-25,"rot4":15,"rot5":-5,"rot6":-15,"dil1":1.025,"dil2":0.975,"dil3":1.125,"dil4":0.875,"dil5":1.075,"dil6":0.925,"rots":[5,25,-25,15,-5,-15],"dils":[1.025,0.975,1.125,0.875,1.075,0.925]},{"id":"test","shape":"trapezoid","outlier_type":3,"choice":3,"outlierPosition":4,"success":false,"majorityOfMostRegularShapes":false,"rt":4162.10000000149,"rot1":15,"rot2":-5,"rot3":-15,"rot4":-25,"rot5":5,"rot6":25,"dil1":1.025,"dil2":0.925,"dil3":1.075,"dil4":0.875,"dil5":0.975,"dil6":1.125,"rots":[15,-5,-15,-25,5,25],"dils":[1.025,0.925,1.075,0.875,0.975,1.125]},{"id":"test","shape":"square","outlier_type":1,"choice":3,"outlierPosition":3,"success":true,"majorityOfMostRegularShapes":true,"rt":1425.9000000022352,"rot1":-15,"rot2":15,"rot3":-25,"rot4":25,"rot5":5,"rot6":-5,"dil1":0.925,"dil2":1.075,"dil3":1.125,"dil4":0.975,"dil5":1.025,"dil6":0.875,"rots":[-15,15,-25,25,5,-5],"dils":[0.925,1.075,1.125,0.975,1.025,0.875]},{"id":"test","shape":"trapezoid","outlier_type":3,"choice":2,"outlierPosition":5,"success":false,"majorityOfMostRegularShapes":true,"rt":2585.199999999255,"rot1":15,"rot2":-15,"rot3":-25,"rot4":-5,"rot5":25,"rot6":5,"dil1":1.075,"dil2":1.025,"dil3":0.925,"dil4":1.125,"dil5":0.975,"dil6":0.875,"rots":[15,-15,-25,-5,25,5],"dils":[1.075,1.025,0.925,1.125,0.975,0.875]},{"id":"test","shape":"losange","outlier_type":2,"choice":5,"outlierPosition":5,"success":true,"majorityOfMostRegularShapes":true,"rt":3084.900000002235,"rot1":15,"rot2":-25,"rot3":5,"rot4":-15,"rot5":25,"rot6":-5,"dil1":1.075,"dil2":0.925,"dil3":1.025,"dil4":0.875,"dil5":0.975,"dil6":1.125,"rots":[15,-25,5,-15,25,-5],"dils":[1.075,0.925,1.025,0.875,0.975,1.125]},{"id":"test","shape":"rectangle","outlier_type":1,"choice":1,"outlierPosition":1,"success":true,"majorityOfMostRegularShapes":false,"rt":1757.3999999985099,"rot1":25,"rot2":-15,"rot3":-5,"rot4":15,"rot5":5,"rot6":-25,"dil1":1.075,"dil2":1.125,"dil3":0.925,"dil4":0.975,"dil5":1.025,"dil6":0.875,"rots":[25,-15,-5,15,5,-25],"dils":[1.075,1.125,0.925,0.975,1.025,0.875]},{"id":"test","shape":"losange","outlier_type":0,"choice":4,"outlierPosition":5,"success":false,"majorityOfMostRegularShapes":false,"rt":5496.599999997765,"rot1":15,"rot2":-15,"rot3":25,"rot4":-25,"rot5":-5,"rot6":5,"dil1":0.875,"dil2":1.075,"dil3":1.025,"dil4":0.925,"dil5":1.125,"dil6":0.975,"rots":[15,-15,25,-25,-5,5],"dils":[0.875,1.075,1.025,0.925,1.125,0.975]},{"id":"test","shape":"isoTrapezoid","outlier_type":1,"choice":2,"outlierPosition":2,"success":true,"majorityOfMostRegularShapes":true,"rt":1241.800000000745,"rot1":-15,"rot2":15,"rot3":-25,"rot4":-5,"rot5":25,"rot6":5,"dil1":1.075,"dil2":0.975,"dil3":0.875,"dil4":0.925,"dil5":1.025,"dil6":1.125,"rots":[-15,15,-25,-5,25,5],"dils":[1.075,0.975,0.875,0.925,1.025,1.125]},{"id":"test","shape":"rightKite","outlier_type":2,"choice":2,"outlierPosition":2,"success":true,"majorityOfMostRegularShapes":true,"rt":4903.39999999851,"rot1":25,"rot2":15,"rot3":-25,"rot4":5,"rot5":-15,"rot6":-5,"dil1":0.975,"dil2":0.875,"dil3":1.075,"dil4":1.025,"dil5":1.125,"dil6":0.925,"rots":[25,15,-25,5,-15,-5],"dils":[0.975,0.875,1.075,1.025,1.125,0.925]},{"id":"test","shape":"isoTrapezoid","outlier_type":0,"choice":2,"outlierPosition":2,"success":true,"majorityOfMostRegularShapes":false,"rt":3147,"rot1":-5,"rot2":-15,"rot3":25,"rot4":-25,"rot5":15,"rot6":5,"dil1":1.075,"dil2":0.975,"dil3":1.125,"dil4":0.925,"dil5":1.025,"dil6":0.875,"rots":[-5,-15,25,-25,15,5],"dils":[1.075,0.975,1.125,0.925,1.025,0.875]},{"id":"test","shape":"parallelogram","outlier_type":2,"choice":3,"outlierPosition":3,"success":true,"majorityOfMostRegularShapes":false,"rt":3080.699999999255,"rot1":15,"rot2":-15,"rot3":-5,"rot4":-25,"rot5":5,"rot6":25,"dil1":0.925,"dil2":0.875,"dil3":0.975,"dil4":1.075,"dil5":1.025,"dil6":1.125,"rots":[15,-15,-5,-25,5,25],"dils":[0.925,0.875,0.975,1.075,1.025,1.125]},{"id":"test","shape":"losange","outlier_type":1,"choice":0,"outlierPosition":0,"success":true,"majorityOfMostRegularShapes":true,"rt":4355.900000002235,"rot1":5,"rot2":-5,"rot3":-15,"rot4":25,"rot5":15,"rot6":-25,"dil1":0.975,"dil2":1.075,"dil3":0.875,"dil4":0.925,"dil5":1.125,"dil6":1.025,"rots":[5,-5,-15,25,15,-25],"dils":[0.975,1.075,0.875,0.925,1.125,1.025]},{"id":"test","shape":"isoTrapezoid","outlier_type":2,"choice":1,"outlierPosition":1,"success":true,"majorityOfMostRegularShapes":true,"rt":3531.800000000745,"rot1":-25,"rot2":25,"rot3":-15,"rot4":-5,"rot5":15,"rot6":5,"dil1":0.975,"dil2":1.075,"dil3":0.875,"dil4":1.125,"dil5":0.925,"dil6":1.025,"rots":[-25,25,-15,-5,15,5],"dils":[0.975,1.075,0.875,1.125,0.925,1.025]},{"id":"test","shape":"losange","outlier_type":3,"choice":4,"outlierPosition":4,"success":true,"majorityOfMostRegularShapes":true,"rt":2901.60000000149,"rot1":25,"rot2":5,"rot3":-15,"rot4":-5,"rot5":-25,"rot6":15,"dil1":0.925,"dil2":0.875,"dil3":0.975,"dil4":1.125,"dil5":1.025,"dil6":1.075,"rots":[25,5,-15,-5,-25,15],"dils":[0.925,0.875,0.975,1.125,1.025,1.075]},{"id":"test","shape":"parallelogram","outlier_type":0,"choice":4,"outlierPosition":5,"success":false,"majorityOfMostRegularShapes":true,"rt":3264.5,"rot1":-15,"rot2":-5,"rot3":-25,"rot4":15,"rot5":25,"rot6":5,"dil1":0.925,"dil2":0.875,"dil3":1.025,"dil4":1.075,"dil5":1.125,"dil6":0.975,"rots":[-15,-5,-25,15,25,5],"dils":[0.925,0.875,1.025,1.075,1.125,0.975]},{"id":"test","shape":"square","outlier_type":2,"choice":2,"outlierPosition":2,"success":true,"majorityOfMostRegularShapes":true,"rt":1072.800000000745,"rot1":-5,"rot2":-15,"rot3":25,"rot4":-25,"rot5":15,"rot6":5,"dil1":1.075,"dil2":0.975,"dil3":0.875,"dil4":1.125,"dil5":1.025,"dil6":0.925,"rots":[-5,-15,25,-25,15,5],"dils":[1.075,0.975,0.875,1.125,1.025,0.925]},{"id":"test","shape":"losange","outlier_type":3,"choice":5,"outlierPosition":5,"success":true,"majorityOfMostRegularShapes":false,"rt":3066.300000000745,"rot1":25,"rot2":-5,"rot3":-15,"rot4":5,"rot5":-25,"rot6":15,"dil1":0.975,"dil2":0.925,"dil3":1.125,"dil4":0.875,"dil5":1.075,"dil6":1.025,"rots":[25,-5,-15,5,-25,15],"dils":[0.975,0.925,1.125,0.875,1.075,1.025]},{"id":"test","shape":"hinge","outlier_type":1,"choice":1,"outlierPosition":0,"success":false,"majorityOfMostRegularShapes":false,"rt":6149.29999999702,"rot1":-15,"rot2":-25,"rot3":15,"rot4":5,"rot5":25,"rot6":-5,"dil1":1.075,"dil2":1.125,"dil3":0.875,"dil4":0.925,"dil5":1.025,"dil6":0.975,"rots":[-15,-25,15,5,25,-5],"dils":[1.075,1.125,0.875,0.925,1.025,0.975]},{"id":"test","shape":"rectangle","outlier_type":0,"choice":3,"outlierPosition":4,"success":false,"majorityOfMostRegularShapes":false,"rt":1285.5,"rot1":15,"rot2":-5,"rot3":-25,"rot4":-15,"rot5":5,"rot6":25,"dil1":1.075,"dil2":0.925,"dil3":0.975,"dil4":0.875,"dil5":1.025,"dil6":1.125,"rots":[15,-5,-25,-15,5,25],"dils":[1.075,0.925,0.975,0.875,1.025,1.125]},{"id":"test","shape":"random","outlier_type":0,"choice":4,"outlierPosition":4,"success":true,"majorityOfMostRegularShapes":true,"rt":6125,"rot1":-25,"rot2":25,"rot3":-5,"rot4":-15,"rot5":5,"rot6":15,"dil1":0.925,"dil2":1.025,"dil3":0.975,"dil4":0.875,"dil5":1.125,"dil6":1.075,"rots":[-25,25,-5,-15,5,15],"dils":[0.925,1.025,0.975,0.875,1.125,1.075]}],"desiredDistance":0.3,"trial_type":"oddball-grid","trial_index":5,"time_elapsed":1355961,"internal_node_id":"0.0-5.0","score":0.7386363636363636,"early_termination":false}]