[{"rt":2228,"url":"external-consent.html","trial_type":"external-html","trial_index":0,"time_elapsed":2232,"internal_node_id":"0.0-0.0","score":0.9204545454545454,"early_termination":false},{"rt":2454.39999999851,"responses":"{\"Q0\":\"NA\",\"Q1\":\"NA\",\"Q2\":\"NA\"}","trial_type":"survey-text","trial_index":1,"time_elapsed":4689,"internal_node_id":"0.0-1.0","score":0.9204545454545454,"early_termination":false},{"success":true,"trial_type":"fullscreen","trial_index":2,"time_elapsed":6737,"internal_node_id":"0.0-2.0","score":0.9204545454545454,"early_termination":false},{"results":[{"id":"train-images","loop_number":1,"shape":"test9","outlier_type":"NA","choice":1,"outlierPosition":1,"success":true,"majorityOfMostRegularShapes":true,"rt":4156.800000000745,"rot1":-25,"rot2":-5,"rot3":5,"rot4":-15,"rot5":25,"rot6":15,"dil1":0.925,"dil2":0.875,"dil3":1.025,"dil4":1.075,"dil5":1.125,"dil6":0.975,"rots":[-25,-5,5,-15,25,15],"dils":[0.925,0.875,1.025,1.075,1.125,0.975],"possible_pos":[0,1,2,3,4,5]},{"id":"train-images","loop_number":1,"shape":"test7","outlier_type":"NA","choice":1,"outlierPosition":1,"success":true,"majorityOfMostRegularShapes":true,"rt":1574.699999999255,"rot1":15,"rot2":5,"rot3":-25,"rot4":-5,"rot5":25,"rot6":-15,"dil1":1.025,"dil2":1.075,"dil3":0.925,"dil4":0.975,"dil5":1.125,"dil6":0.875,"rots":[15,5,-25,-5,25,-15],"dils":[1.025,1.075,0.925,0.975,1.125,0.875],"possible_pos":[0,1,2,3,4,5]},{"id":"train-images","loop_number":1,"shape":"test5","outlier_type":"NA","choice":1,"outlierPosition":1,"success":true,"majorityOfMostRegularShapes":true,"rt":1446.7000000029802,"rot1":-5,"rot2":-15,"rot3":25,"rot4":5,"rot5":-25,"rot6":15,"dil1":0.875,"dil2":1.025,"dil3":0.975,"dil4":0.925,"dil5":1.125,"dil6":1.075,"rots":[-5,-15,25,5,-25,15],"dils":[0.875,1.025,0.975,0.925,1.125,1.075],"possible_pos":[0,1,2,3,4,5]},{"id":"train-images","loop_number":1,"shape":"test3","outlier_type":"NA","choice":4,"outlierPosition":4,"success":true,"majorityOfMostRegularShapes":true,"rt":1184.5,"rot1":-5,"rot2":-15,"rot3":5,"rot4":-25,"rot5":25,"rot6":15,"dil1":0.875,"dil2":1.125,"dil3":0.925,"dil4":1.075,"dil5":1.025,"dil6":0.975,"rots":[-5,-15,5,-25,25,15],"dils":[0.875,1.125,0.925,1.075,1.025,0.975],"possible_pos":[0,1,2,3,4,5]},{"id":"train-images","loop_number":1,"shape":"test6","outlier_type":"NA","choice":5,"outlierPosition":5,"success":true,"majorityOfMostRegularShapes":false,"rt":2218.800000000745,"rot1":15,"rot2":5,"rot3":-5,"rot4":-15,"rot5":-25,"rot6":25,"dil1":1.075,"dil2":0.925,"dil3":0.875,"dil4":0.975,"dil5":1.125,"dil6":1.025,"rots":[15,5,-5,-15,-25,25],"dils":[1.075,0.925,0.875,0.975,1.125,1.025],"possible_pos":[0,1,2,3,4,5]},{"id":"train-images","loop_number":1,"shape":"test8","outlier_type":"NA","choice":2,"outlierPosition":2,"success":true,"majorityOfMostRegularShapes":false,"rt":1100.5,"rot1":5,"rot2":25,"rot3":15,"rot4":-15,"rot5":-5,"rot6":-25,"dil1":1.075,"dil2":0.875,"dil3":1.025,"dil4":0.975,"dil5":0.925,"dil6":1.125,"rots":[5,25,15,-15,-5,-25],"dils":[1.075,0.875,1.025,0.975,0.925,1.125],"possible_pos":[0,1,2,3,4,5]},{"id":"train-images","loop_number":1,"shape":"test4","outlier_type":"NA","choice":3,"outlierPosition":3,"success":true,"majorityOfMostRegularShapes":true,"rt":3768,"rot1":-25,"rot2":25,"rot3":-15,"rot4":5,"rot5":15,"rot6":-5,"dil1":1.075,"dil2":1.125,"dil3":0.925,"dil4":0.875,"dil5":0.975,"dil6":1.025,"rots":[-25,25,-15,5,15,-5],"dils":[1.075,1.125,0.925,0.875,0.975,1.025],"possible_pos":[0,1,2,3,4,5]},{"id":"train-images","loop_number":1,"shape":"test2","outlier_type":"NA","choice":5,"outlierPosition":5,"success":true,"majorityOfMostRegularShapes":true,"rt":1055.9000000022352,"rot1":-5,"rot2":15,"rot3":25,"rot4":5,"rot5":-25,"rot6":-15,"dil1":1.125,"dil2":0.875,"dil3":0.925,"dil4":1.025,"dil5":0.975,"dil6":1.075,"rots":[-5,15,25,5,-25,-15],"dils":[1.125,0.875,0.925,1.025,0.975,1.075],"possible_pos":[0,1,2,3,4,5]},{"id":"train-images","loop_number":1,"shape":"test4","outlier_type":"NA","choice":1,"outlierPosition":1,"success":true,"majorityOfMostRegularShapes":false,"rt":1351.8999999985099,"rot1":5,"rot2":25,"rot3":-5,"rot4":-25,"rot5":-15,"rot6":15,"dil1":1.075,"dil2":0.875,"dil3":0.975,"dil4":1.025,"dil5":1.125,"dil6":0.925,"rots":[5,25,-5,-25,-15,15],"dils":[1.075,0.875,0.975,1.025,1.125,0.925],"possible_pos":[0,1,2,3,4,5]},{"id":"train-images","loop_number":1,"shape":"test5","outlier_type":"NA","choice":4,"outlierPosition":4,"success":true,"majorityOfMostRegularShapes":false,"rt":1351.699999999255,"rot1":25,"rot2":-5,"rot3":15,"rot4":-25,"rot5":5,"rot6":-15,"dil1":0.925,"dil2":0.875,"dil3":1.025,"dil4":0.975,"dil5":1.125,"dil6":1.075,"rots":[25,-5,15,-25,5,-15],"dils":[0.925,0.875,1.025,0.975,1.125,1.075],"possible_pos":[0,1,2,3,4,5]},{"id":"train-images","loop_number":1,"shape":"test10","outlier_type":"NA","choice":4,"outlierPosition":4,"success":true,"majorityOfMostRegularShapes":true,"rt":994,"rot1":-25,"rot2":-15,"rot3":5,"rot4":15,"rot5":25,"rot6":-5,"dil1":0.875,"dil2":0.925,"dil3":1.075,"dil4":1.025,"dil5":1.125,"dil6":0.975,"rots":[-25,-15,5,15,25,-5],"dils":[0.875,0.925,1.075,1.025,1.125,0.975],"possible_pos":[0,1,2,3,4,5]},{"id":"train-images","loop_number":1,"shape":"test6","outlier_type":"NA","choice":5,"outlierPosition":5,"success":true,"majorityOfMostRegularShapes":true,"rt":1515.5999999977648,"rot1":-25,"rot2":15,"rot3":-5,"rot4":-15,"rot5":25,"rot6":5,"dil1":0.875,"dil2":0.975,"dil3":1.125,"dil4":0.925,"dil5":1.025,"dil6":1.075,"rots":[-25,15,-5,-15,25,5],"dils":[0.875,0.975,1.125,0.925,1.025,1.075],"possible_pos":[0,1,2,3,4,5]},{"id":"train-images","loop_number":1,"shape":"test9","outlier_type":"NA","choice":3,"outlierPosition":3,"success":true,"majorityOfMostRegularShapes":false,"rt":1637.6000000014901,"rot1":-5,"rot2":25,"rot3":15,"rot4":-15,"rot5":-25,"rot6":5,"dil1":0.925,"dil2":1.025,"dil3":1.125,"dil4":0.875,"dil5":0.975,"dil6":1.075,"rots":[-5,25,15,-15,-25,5],"dils":[0.925,1.025,1.125,0.875,0.975,1.075],"possible_pos":[0,1,2,3,4,5]},{"id":"train-images","loop_number":1,"shape":"test8","outlier_type":"NA","choice":1,"outlierPosition":1,"success":true,"majorityOfMostRegularShapes":true,"rt":1315,"rot1":5,"rot2":-25,"rot3":15,"rot4":-5,"rot5":-15,"rot6":25,"dil1":1.025,"dil2":0.875,"dil3":1.075,"dil4":0.925,"dil5":1.125,"dil6":0.975,"rots":[5,-25,15,-5,-15,25],"dils":[1.025,0.875,1.075,0.925,1.125,0.975],"possible_pos":[0,1,2,3,4,5]},{"id":"train-images","loop_number":1,"shape":"test3","outlier_type":"NA","choice":3,"outlierPosition":3,"success":true,"majorityOfMostRegularShapes":false,"rt":1145.5999999977648,"rot1":-5,"rot2":-25,"rot3":5,"rot4":25,"rot5":-15,"rot6":15,"dil1":1.025,"dil2":0.875,"dil3":0.975,"dil4":1.125,"dil5":0.925,"dil6":1.075,"rots":[-5,-25,5,25,-15,15],"dils":[1.025,0.875,0.975,1.125,0.925,1.075],"possible_pos":[0,1,2,3,4,5]},{"id":"train-images","loop_number":1,"shape":"test1","outlier_type":"NA","choice":5,"outlierPosition":5,"success":true,"majorityOfMostRegularShapes":false,"rt":966,"rot1":-5,"rot2":-25,"rot3":15,"rot4":5,"rot5":25,"rot6":-15,"dil1":1.075,"dil2":1.025,"dil3":0.925,"dil4":1.125,"dil5":0.875,"dil6":0.975,"rots":[-5,-25,15,5,25,-15],"dils":[1.075,1.025,0.925,1.125,0.875,0.975],"possible_pos":[0,1,2,3,4,5]},{"id":"train-images","loop_number":1,"shape":"test7","outlier_type":"NA","choice":3,"outlierPosition":3,"success":true,"majorityOfMostRegularShapes":false,"rt":1048.2999999970198,"rot1":-5,"rot2":25,"rot3":15,"rot4":-15,"rot5":-25,"rot6":5,"dil1":0.925,"dil2":0.875,"dil3":1.125,"dil4":0.975,"dil5":1.075,"dil6":1.025,"rots":[-5,25,15,-15,-25,5],"dils":[0.925,0.875,1.125,0.975,1.075,1.025],"possible_pos":[0,1,2,3,4,5]},{"id":"train-images","loop_number":1,"shape":"test2","outlier_type":"NA","choice":0,"outlierPosition":0,"success":true,"majorityOfMostRegularShapes":false,"rt":1005.0999999977648,"rot1":5,"rot2":-5,"rot3":25,"rot4":15,"rot5":-25,"rot6":-15,"dil1":0.925,"dil2":0.875,"dil3":0.975,"dil4":1.125,"dil5":1.075,"dil6":1.025,"rots":[5,-5,25,15,-25,-15],"dils":[0.925,0.875,0.975,1.125,1.075,1.025],"possible_pos":[0,1,2,3,4,5]},{"id":"train-images","loop_number":1,"shape":"test1","outlier_type":"NA","choice":3,"outlierPosition":3,"success":true,"majorityOfMostRegularShapes":true,"rt":975.6999999992549,"rot1":-5,"rot2":25,"rot3":15,"rot4":-15,"rot5":-25,"rot6":5,"dil1":0.975,"dil2":1.025,"dil3":1.075,"dil4":1.125,"dil5":0.925,"dil6":0.875,"rots":[-5,25,15,-15,-25,5],"dils":[0.975,1.025,1.075,1.125,0.925,0.875],"possible_pos":[0,1,2,3,4,5]},{"id":"train-images","loop_number":1,"shape":"test10","outlier_type":"NA","choice":4,"outlierPosition":4,"success":true,"majorityOfMostRegularShapes":false,"rt":923.8999999985099,"rot1":25,"rot2":-5,"rot3":5,"rot4":-15,"rot5":-25,"rot6":15,"dil1":1.075,"dil2":1.025,"dil3":0.975,"dil4":0.875,"dil5":1.125,"dil6":0.925,"rots":[25,-5,5,-15,-25,15],"dils":[1.075,1.025,0.975,0.875,1.125,0.925],"possible_pos":[0,1,2,3,4,5]}],"trial_type":"oddball-grid-image","trial_index":3,"time_elapsed":409807,"internal_node_id":"0.0-3.0","score":0.9204545454545454,"early_termination":false},{"results":[{"id":"gen2","loop_number":1,"shape":0,"outlier_type":"NA","choice":1,"outlierPosition":1,"success":true,"majorityOfMostRegularShapes":true,"rt":1308.0999999977648,"rot1":25,"rot2":5,"rot3":-15,"rot4":-5,"rot5":15,"rot6":-25,"dil1":1.075,"dil2":0.925,"dil3":1.025,"dil4":1.125,"dil5":0.875,"dil6":0.975,"rots":[25,5,-15,-5,15,-25],"dils":[1.075,0.925,1.025,1.125,0.875,0.975]},{"id":"gen2","loop_number":1,"shape":2,"outlier_type":"NA","choice":4,"outlierPosition":4,"success":true,"majorityOfMostRegularShapes":false,"rt":1164.800000000745,"rot1":-25,"rot2":5,"rot3":-5,"rot4":15,"rot5":-15,"rot6":25,"dil1":1.025,"dil2":1.125,"dil3":1.075,"dil4":0.975,"dil5":0.925,"dil6":0.875,"rots":[-25,5,-5,15,-15,25],"dils":[1.025,1.125,1.075,0.975,0.925,0.875]},{"id":"gen2","loop_number":1,"shape":1,"outlier_type":"NA","choice":3,"outlierPosition":3,"success":true,"majorityOfMostRegularShapes":false,"rt":1030.800000000745,"rot1":-25,"rot2":15,"rot3":25,"rot4":-5,"rot5":5,"rot6":-15,"dil1":1.075,"dil2":1.025,"dil3":0.875,"dil4":1.125,"dil5":0.925,"dil6":0.975,"rots":[-25,15,25,-5,5,-15],"dils":[1.075,1.025,0.875,1.125,0.925,0.975]},{"id":"gen2","loop_number":1,"shape":0,"outlier_type":"NA","choice":4,"outlierPosition":4,"success":true,"majorityOfMostRegularShapes":false,"rt":1330.5,"rot1":-5,"rot2":-15,"rot3":25,"rot4":15,"rot5":5,"rot6":-25,"dil1":1.125,"dil2":0.925,"dil3":0.875,"dil4":0.975,"dil5":1.075,"dil6":1.025,"rots":[-5,-15,25,15,5,-25],"dils":[1.125,0.925,0.875,0.975,1.075,1.025]},{"id":"gen2","loop_number":1,"shape":2,"outlier_type":"NA","choice":4,"outlierPosition":4,"success":true,"majorityOfMostRegularShapes":true,"rt":967,"rot1":-25,"rot2":25,"rot3":-5,"rot4":5,"rot5":15,"rot6":-15,"dil1":0.875,"dil2":0.975,"dil3":1.075,"dil4":1.125,"dil5":0.925,"dil6":1.025,"rots":[-25,25,-5,5,15,-15],"dils":[0.875,0.975,1.075,1.125,0.925,1.025]},{"id":"gen2","loop_number":1,"shape":1,"outlier_type":"NA","choice":0,"outlierPosition":0,"success":true,"majorityOfMostRegularShapes":true,"rt":1010.3999999985099,"rot1":15,"rot2":-25,"rot3":5,"rot4":-5,"rot5":25,"rot6":-15,"dil1":0.975,"dil2":1.125,"dil3":0.925,"dil4":1.075,"dil5":1.025,"dil6":0.875,"rots":[15,-25,5,-5,25,-15],"dils":[0.975,1.125,0.925,1.075,1.025,0.875]},{"id":"gen2","loop_number":1,"shape":0,"outlier_type":"NA","choice":4,"outlierPosition":4,"success":true,"majorityOfMostRegularShapes":false,"rt":820.3999999985099,"rot1":5,"rot2":-15,"rot3":-25,"rot4":25,"rot5":-5,"rot6":15,"dil1":0.875,"dil2":1.125,"dil3":0.925,"dil4":0.975,"dil5":1.075,"dil6":1.025,"rots":[5,-15,-25,25,-5,15],"dils":[0.875,1.125,0.925,0.975,1.075,1.025]},{"id":"gen2","loop_number":1,"shape":1,"outlier_type":"NA","choice":1,"outlierPosition":1,"success":true,"majorityOfMostRegularShapes":false,"rt":938,"rot1":-25,"rot2":-5,"rot3":25,"rot4":5,"rot5":-15,"rot6":15,"dil1":0.975,"dil2":1.125,"dil3":1.075,"dil4":0.875,"dil5":1.025,"dil6":0.925,"rots":[-25,-5,25,5,-15,15],"dils":[0.975,1.125,1.075,0.875,1.025,0.925]},{"id":"gen2","loop_number":1,"shape":0,"outlier_type":"NA","choice":2,"outlierPosition":2,"success":true,"majorityOfMostRegularShapes":true,"rt":1036.300000000745,"rot1":-25,"rot2":-15,"rot3":15,"rot4":5,"rot5":25,"rot6":-5,"dil1":0.975,"dil2":1.025,"dil3":1.125,"dil4":1.075,"dil5":0.875,"dil6":0.925,"rots":[-25,-15,15,5,25,-5],"dils":[0.975,1.025,1.125,1.075,0.875,0.925]},{"id":"gen2","loop_number":1,"shape":2,"outlier_type":"NA","choice":3,"outlierPosition":3,"success":true,"majorityOfMostRegularShapes":true,"rt":964.8000000007451,"rot1":-25,"rot2":15,"rot3":-5,"rot4":-15,"rot5":5,"rot6":25,"dil1":0.975,"dil2":1.025,"dil3":1.075,"dil4":1.125,"dil5":0.925,"dil6":0.875,"rots":[-25,15,-5,-15,5,25],"dils":[0.975,1.025,1.075,1.125,0.925,0.875]},{"id":"gen2","loop_number":1,"shape":1,"outlier_type":"NA","choice":5,"outlierPosition":5,"success":true,"majorityOfMostRegularShapes":true,"rt":921,"rot1":-15,"rot2":-5,"rot3":5,"rot4":25,"rot5":15,"rot6":-25,"dil1":1.075,"dil2":0.975,"dil3":0.875,"dil4":0.925,"dil5":1.125,"dil6":1.025,"rots":[-15,-5,5,25,15,-25],"dils":[1.075,0.975,0.875,0.925,1.125,1.025]},{"id":"gen2","loop_number":1,"shape":0,"outlier_type":"NA","choice":4,"outlierPosition":4,"success":true,"majorityOfMostRegularShapes":false,"rt":1264.5,"rot1":-5,"rot2":5,"rot3":15,"rot4":25,"rot5":-15,"rot6":-25,"dil1":0.975,"dil2":1.025,"dil3":0.875,"dil4":0.925,"dil5":1.075,"dil6":1.125,"rots":[-5,5,15,25,-15,-25],"dils":[0.975,1.025,0.875,0.925,1.075,1.125]},{"id":"gen2","loop_number":1,"shape":2,"outlier_type":"NA","choice":3,"outlierPosition":3,"success":true,"majorityOfMostRegularShapes":false,"rt":865,"rot1":-15,"rot2":15,"rot3":25,"rot4":5,"rot5":-5,"rot6":-25,"dil1":1.075,"dil2":0.925,"dil3":0.875,"dil4":0.975,"dil5":1.125,"dil6":1.025,"rots":[-15,15,25,5,-5,-25],"dils":[1.075,0.925,0.875,0.975,1.125,1.025]},{"id":"gen2","loop_number":1,"shape":1,"outlier_type":"NA","choice":4,"outlierPosition":4,"success":true,"majorityOfMostRegularShapes":false,"rt":796.1000000014901,"rot1":-5,"rot2":5,"rot3":25,"rot4":-15,"rot5":-25,"rot6":15,"dil1":1.025,"dil2":0.925,"dil3":0.975,"dil4":1.125,"dil5":0.875,"dil6":1.075,"rots":[-5,5,25,-15,-25,15],"dils":[1.025,0.925,0.975,1.125,0.875,1.075]},{"id":"gen2","loop_number":1,"shape":0,"outlier_type":"NA","choice":3,"outlierPosition":3,"success":true,"majorityOfMostRegularShapes":true,"rt":885.3999999985099,"rot1":15,"rot2":-5,"rot3":5,"rot4":-25,"rot5":25,"rot6":-15,"dil1":1.075,"dil2":0.975,"dil3":0.875,"dil4":0.925,"dil5":1.025,"dil6":1.125,"rots":[15,-5,5,-25,25,-15],"dils":[1.075,0.975,0.875,0.925,1.025,1.125]},{"id":"gen2","loop_number":1,"shape":1,"outlier_type":"NA","choice":2,"outlierPosition":2,"success":true,"majorityOfMostRegularShapes":true,"rt":938.6999999992549,"rot1":-25,"rot2":25,"rot3":-15,"rot4":-5,"rot5":15,"rot6":5,"dil1":1.075,"dil2":0.975,"dil3":0.875,"dil4":0.925,"dil5":1.125,"dil6":1.025,"rots":[-25,25,-15,-5,15,5],"dils":[1.075,0.975,0.875,0.925,1.125,1.025]},{"id":"gen2","loop_number":1,"shape":2,"outlier_type":"NA","choice":0,"outlierPosition":0,"success":true,"majorityOfMostRegularShapes":false,"rt":977.8000000007451,"rot1":-5,"rot2":25,"rot3":15,"rot4":-25,"rot5":-15,"rot6":5,"dil1":1.125,"dil2":1.025,"dil3":0.875,"dil4":0.925,"dil5":1.075,"dil6":0.975,"rots":[-5,25,15,-25,-15,5],"dils":[1.125,1.025,0.875,0.925,1.075,0.975]},{"id":"gen2","loop_number":1,"shape":2,"outlier_type":"NA","choice":3,"outlierPosition":3,"success":true,"majorityOfMostRegularShapes":true,"rt":945.7999999970198,"rot1":25,"rot2":-15,"rot3":5,"rot4":-25,"rot5":-5,"rot6":15,"dil1":0.875,"dil2":0.975,"dil3":0.925,"dil4":1.025,"dil5":1.075,"dil6":1.125,"rots":[25,-15,5,-25,-5,15],"dils":[0.875,0.975,0.925,1.025,1.075,1.125]}],"trial_type":"oddball-grid-easy","trial_index":4,"time_elapsed":455413,"internal_node_id":"0.0-4.0","score":0.9204545454545454,"early_termination":false},{"results":[{"id":"test","shape":"losange","outlier_type":2,"choice":3,"outlierPosition":3,"success":true,"majorityOfMostRegularShapes":false,"rt":2599.60000000149,"rot1":25,"rot2":-5,"rot3":15,"rot4":-25,"rot5":5,"rot6":-15,"dil1":0.975,"dil2":0.925,"dil3":1.075,"dil4":1.125,"dil5":1.025,"dil6":0.875,"rots":[25,-5,15,-25,5,-15],"dils":[0.975,0.925,1.075,1.125,1.025,0.875]},{"id":"test","shape":"hinge","outlier_type":1,"choice":5,"outlierPosition":5,"success":true,"majorityOfMostRegularShapes":false,"rt":3596.699999999255,"rot1":-25,"rot2":-5,"rot3":25,"rot4":5,"rot5":-15,"rot6":15,"dil1":0.975,"dil2":0.925,"dil3":0.875,"dil4":1.075,"dil5":1.025,"dil6":1.125,"rots":[-25,-5,25,5,-15,15],"dils":[0.975,0.925,0.875,1.075,1.025,1.125]},{"id":"test","shape":"rightKite","outlier_type":2,"choice":5,"outlierPosition":5,"success":true,"majorityOfMostRegularShapes":false,"rt":4028.199999999255,"rot1":25,"rot2":5,"rot3":15,"rot4":-5,"rot5":-25,"rot6":-15,"dil1":0.975,"dil2":1.075,"dil3":1.025,"dil4":1.125,"dil5":0.875,"dil6":0.925,"rots":[25,5,15,-5,-25,-15],"dils":[0.975,1.075,1.025,1.125,0.875,0.925]},{"id":"test","shape":"rectangle","outlier_type":0,"choice":3,"outlierPosition":3,"success":true,"majorityOfMostRegularShapes":true,"rt":1291.6000000014901,"rot1":-5,"rot2":5,"rot3":-25,"rot4":15,"rot5":-15,"rot6":25,"dil1":0.975,"dil2":0.925,"dil3":1.075,"dil4":1.025,"dil5":1.125,"dil6":0.875,"rots":[-5,5,-25,15,-15,25],"dils":[0.975,0.925,1.075,1.025,1.125,0.875]},{"id":"test","shape":"square","outlier_type":1,"choice":4,"outlierPosition":4,"success":true,"majorityOfMostRegularShapes":true,"rt":1221.6000000014901,"rot1":5,"rot2":25,"rot3":-5,"rot4":15,"rot5":-15,"rot6":-25,"dil1":0.975,"dil2":1.125,"dil3":1.025,"dil4":0.875,"dil5":0.925,"dil6":1.075,"rots":[5,25,-5,15,-15,-25],"dils":[0.975,1.125,1.025,0.875,0.925,1.075]},{"id":"test","shape":"kite","outlier_type":0,"choice":5,"outlierPosition":5,"success":true,"majorityOfMostRegularShapes":false,"rt":3770.199999999255,"rot1":-15,"rot2":25,"rot3":-5,"rot4":15,"rot5":5,"rot6":-25,"dil1":0.925,"dil2":1.025,"dil3":1.125,"dil4":0.875,"dil5":1.075,"dil6":0.975,"rots":[-15,25,-5,15,5,-25],"dils":[0.925,1.025,1.125,0.875,1.075,0.975]},{"id":"test","shape":"losange","outlier_type":1,"choice":3,"outlierPosition":3,"success":true,"majorityOfMostRegularShapes":true,"rt":5028.5,"rot1":5,"rot2":-5,"rot3":-15,"rot4":25,"rot5":15,"rot6":-25,"dil1":0.925,"dil2":0.975,"dil3":1.075,"dil4":1.025,"dil5":0.875,"dil6":1.125,"rots":[5,-5,-15,25,15,-25],"dils":[0.925,0.975,1.075,1.025,0.875,1.125]},{"id":"test","shape":"trapezoid","outlier_type":3,"choice":3,"outlierPosition":0,"success":false,"majorityOfMostRegularShapes":false,"rt":15479.900000002235,"rot1":-15,"rot2":25,"rot3":5,"rot4":15,"rot5":-25,"rot6":-5,"dil1":0.925,"dil2":1.075,"dil3":0.875,"dil4":1.125,"dil5":1.025,"dil6":0.975,"rots":[-15,25,5,15,-25,-5],"dils":[0.925,1.075,0.875,1.125,1.025,0.975]},{"id":"test","shape":"isoTrapezoid","outlier_type":2,"choice":4,"outlierPosition":4,"success":true,"majorityOfMostRegularShapes":true,"rt":1786.199999999255,"rot1":25,"rot2":15,"rot3":-25,"rot4":5,"rot5":-15,"rot6":-5,"dil1":1.025,"dil2":1.125,"dil3":0.875,"dil4":0.975,"dil5":1.075,"dil6":0.925,"rots":[25,15,-25,5,-15,-5],"dils":[1.025,1.125,0.875,0.975,1.075,0.925]},{"id":"test","shape":"rightKite","outlier_type":1,"choice":0,"outlierPosition":0,"success":true,"majorityOfMostRegularShapes":true,"rt":5224.400000002235,"rot1":-5,"rot2":-15,"rot3":25,"rot4":15,"rot5":-25,"rot6":5,"dil1":1.075,"dil2":0.925,"dil3":1.125,"dil4":0.975,"dil5":1.025,"dil6":0.875,"rots":[-5,-15,25,15,-25,5],"dils":[1.075,0.925,1.125,0.975,1.025,0.875]},{"id":"test","shape":"square","outlier_type":0,"choice":2,"outlierPosition":2,"success":true,"majorityOfMostRegularShapes":false,"rt":2458.7999999970198,"rot1":-5,"rot2":-15,"rot3":25,"rot4":15,"rot5":-25,"rot6":5,"dil1":0.975,"dil2":1.125,"dil3":0.925,"dil4":1.025,"dil5":1.075,"dil6":0.875,"rots":[-5,-15,25,15,-25,5],"dils":[0.975,1.125,0.925,1.025,1.075,0.875]},{"id":"test","shape":"random","outlier_type":3,"choice":5,"outlierPosition":5,"success":true,"majorityOfMostRegularShapes":false,"rt":10374.199999999255,"rot1":-25,"rot2":15,"rot3":5,"rot4":-5,"rot5":25,"rot6":-15,"dil1":0.925,"dil2":0.875,"dil3":1.125,"dil4":1.075,"dil5":1.025,"dil6":0.975,"rots":[-25,15,5,-5,25,-15],"dils":[0.925,0.875,1.125,1.075,1.025,0.975]},{"id":"test","shape":"isoTrapezoid","outlier_type":1,"choice":5,"outlierPosition":5,"success":true,"majorityOfMostRegularShapes":false,"rt":2062.89999999851,"rot1":25,"rot2":-25,"rot3":5,"rot4":-15,"rot5":15,"rot6":-5,"dil1":0.875,"dil2":1.075,"dil3":0.975,"dil4":1.125,"dil5":1.025,"dil6":0.925,"rots":[25,-25,5,-15,15,-5],"dils":[0.875,1.075,0.975,1.125,1.025,0.925]},{"id":"test","shape":"kite","outlier_type":3,"choice":5,"outlierPosition":5,"success":true,"majorityOfMostRegularShapes":false,"rt":2245,"rot1":25,"rot2":15,"rot3":-15,"rot4":-25,"rot5":5,"rot6":-5,"dil1":0.875,"dil2":1.075,"dil3":0.975,"dil4":1.125,"dil5":0.925,"dil6":1.025,"rots":[25,15,-15,-25,5,-5],"dils":[0.875,1.075,0.975,1.125,0.925,1.025]},{"id":"test","shape":"rustedHinge","outlier_type":0,"choice":1,"outlierPosition":1,"success":true,"majorityOfMostRegularShapes":false,"rt":6186,"rot1":-15,"rot2":-5,"rot3":-25,"rot4":25,"rot5":5,"rot6":15,"dil1":0.875,"dil2":1.075,"dil3":0.925,"dil4":1.025,"dil5":0.975,"dil6":1.125,"rots":[-15,-5,-25,25,5,15],"dils":[0.875,1.075,0.925,1.025,0.975,1.125]},{"id":"test","shape":"rectangle","outlier_type":2,"choice":0,"outlierPosition":0,"success":true,"majorityOfMostRegularShapes":true,"rt":1278.1000000014901,"rot1":-25,"rot2":-5,"rot3":5,"rot4":15,"rot5":-15,"rot6":25,"dil1":0.925,"dil2":1.025,"dil3":1.075,"dil4":0.875,"dil5":0.975,"dil6":1.125,"rots":[-25,-5,5,15,-15,25],"dils":[0.925,1.025,1.075,0.875,0.975,1.125]},{"id":"test","shape":"isoTrapezoid","outlier_type":3,"choice":4,"outlierPosition":4,"success":true,"majorityOfMostRegularShapes":true,"rt":1694.699999999255,"rot1":-15,"rot2":5,"rot3":25,"rot4":15,"rot5":-5,"rot6":-25,"dil1":1.025,"dil2":1.075,"dil3":0.925,"dil4":0.975,"dil5":1.125,"dil6":0.875,"rots":[-15,5,25,15,-5,-25],"dils":[1.025,1.075,0.925,0.975,1.125,0.875]},{"id":"test","shape":"parallelogram","outlier_type":1,"choice":5,"outlierPosition":5,"success":true,"majorityOfMostRegularShapes":true,"rt":2657.199999999255,"rot1":-5,"rot2":25,"rot3":15,"rot4":-25,"rot5":-15,"rot6":5,"dil1":0.925,"dil2":1.075,"dil3":0.875,"dil4":1.025,"dil5":0.975,"dil6":1.125,"rots":[-5,25,15,-25,-15,5],"dils":[0.925,1.075,0.875,1.025,0.975,1.125]},{"id":"test","shape":"random","outlier_type":2,"choice":4,"outlierPosition":4,"success":true,"majorityOfMostRegularShapes":false,"rt":1985,"rot1":-25,"rot2":5,"rot3":25,"rot4":15,"rot5":-15,"rot6":-5,"dil1":1.075,"dil2":0.875,"dil3":1.025,"dil4":0.925,"dil5":0.975,"dil6":1.125,"rots":[-25,5,25,15,-15,-5],"dils":[1.075,0.875,1.025,0.925,0.975,1.125]},{"id":"test","shape":"losange","outlier_type":1,"choice":4,"outlierPosition":3,"success":false,"majorityOfMostRegularShapes":false,"rt":1399.800000000745,"rot1":5,"rot2":25,"rot3":-15,"rot4":-25,"rot5":15,"rot6":-5,"dil1":0.925,"dil2":0.975,"dil3":1.075,"dil4":0.875,"dil5":1.125,"dil6":1.025,"rots":[5,25,-15,-25,15,-5],"dils":[0.925,0.975,1.075,0.875,1.125,1.025]},{"id":"test","shape":"losange","outlier_type":3,"choice":4,"outlierPosition":4,"success":true,"majorityOfMostRegularShapes":true,"rt":2135.300000000745,"rot1":15,"rot2":25,"rot3":-25,"rot4":-5,"rot5":-15,"rot6":5,"dil1":1.075,"dil2":0.875,"dil3":0.925,"dil4":1.025,"dil5":1.125,"dil6":0.975,"rots":[15,25,-25,-5,-15,5],"dils":[1.075,0.875,0.925,1.025,1.125,0.975]},{"id":"test","shape":"trapezoid","outlier_type":1,"choice":5,"outlierPosition":5,"success":true,"majorityOfMostRegularShapes":true,"rt":2747.10000000149,"rot1":25,"rot2":5,"rot3":-25,"rot4":15,"rot5":-5,"rot6":-15,"dil1":1.125,"dil2":1.025,"dil3":1.075,"dil4":0.975,"dil5":0.925,"dil6":0.875,"rots":[25,5,-25,15,-5,-15],"dils":[1.125,1.025,1.075,0.975,0.925,0.875]},{"id":"test","shape":"square","outlier_type":0,"choice":1,"outlierPosition":1,"success":true,"majorityOfMostRegularShapes":true,"rt":1822.5,"rot1":-25,"rot2":15,"rot3":-15,"rot4":25,"rot5":-5,"rot6":5,"dil1":0.925,"dil2":1.025,"dil3":1.125,"dil4":1.075,"dil5":0.975,"dil6":0.875,"rots":[-25,15,-15,25,-5,5],"dils":[0.925,1.025,1.125,1.075,0.975,0.875]},{"id":"test","shape":"parallelogram","outlier_type":1,"choice":0,"outlierPosition":0,"success":true,"majorityOfMostRegularShapes":false,"rt":2651.699999999255,"rot1":25,"rot2":-15,"rot3":15,"rot4":-25,"rot5":-5,"rot6":5,"dil1":1.025,"dil2":1.075,"dil3":0.875,"dil4":0.975,"dil5":0.925,"dil6":1.125,"rots":[25,-15,15,-25,-5,5],"dils":[1.025,1.075,0.875,0.975,0.925,1.125]},{"id":"test","shape":"rustedHinge","outlier_type":0,"choice":0,"outlierPosition":0,"success":true,"majorityOfMostRegularShapes":true,"rt":2195.2000000029802,"rot1":-15,"rot2":15,"rot3":25,"rot4":5,"rot5":-5,"rot6":-25,"dil1":1.125,"dil2":0.975,"dil3":0.925,"dil4":1.075,"dil5":0.875,"dil6":1.025,"rots":[-15,15,25,5,-5,-25],"dils":[1.125,0.975,0.925,1.075,0.875,1.025]},{"id":"test","shape":"rectangle","outlier_type":1,"choice":5,"outlierPosition":5,"success":true,"majorityOfMostRegularShapes":false,"rt":3792.89999999851,"rot1":15,"rot2":25,"rot3":5,"rot4":-25,"rot5":-5,"rot6":-15,"dil1":1.125,"dil2":0.875,"dil3":0.925,"dil4":0.975,"dil5":1.025,"dil6":1.075,"rots":[15,25,5,-25,-5,-15],"dils":[1.125,0.875,0.925,0.975,1.025,1.075]},{"id":"test","shape":"rightKite","outlier_type":3,"choice":0,"outlierPosition":0,"success":true,"majorityOfMostRegularShapes":false,"rt":2815.599999997765,"rot1":-5,"rot2":5,"rot3":-25,"rot4":15,"rot5":-15,"rot6":25,"dil1":1.125,"dil2":0.875,"dil3":1.075,"dil4":0.925,"dil5":1.025,"dil6":0.975,"rots":[-5,5,-25,15,-15,25],"dils":[1.125,0.875,1.075,0.925,1.025,0.975]},{"id":"test","shape":"trapezoid","outlier_type":2,"choice":0,"outlierPosition":0,"success":true,"majorityOfMostRegularShapes":false,"rt":4395.300000000745,"rot1":-5,"rot2":5,"rot3":-15,"rot4":25,"rot5":15,"rot6":-25,"dil1":1.025,"dil2":0.925,"dil3":0.975,"dil4":1.075,"dil5":1.125,"dil6":0.875,"rots":[-5,5,-15,25,15,-25],"dils":[1.025,0.925,0.975,1.075,1.125,0.875]},{"id":"test","shape":"isoTrapezoid","outlier_type":1,"choice":0,"outlierPosition":0,"success":true,"majorityOfMostRegularShapes":true,"rt":1850.9000000022352,"rot1":15,"rot2":-25,"rot3":-15,"rot4":25,"rot5":5,"rot6":-5,"dil1":0.875,"dil2":1.025,"dil3":1.075,"dil4":0.925,"dil5":0.975,"dil6":1.125,"rots":[15,-25,-15,25,5,-5],"dils":[0.875,1.025,1.075,0.925,0.975,1.125]},{"id":"test","shape":"rustedHinge","outlier_type":2,"choice":3,"outlierPosition":3,"success":true,"majorityOfMostRegularShapes":false,"rt":2705.099999997765,"rot1":5,"rot2":-15,"rot3":25,"rot4":-25,"rot5":-5,"rot6":15,"dil1":1.075,"dil2":0.925,"dil3":1.125,"dil4":0.875,"dil5":0.975,"dil6":1.025,"rots":[5,-15,25,-25,-5,15],"dils":[1.075,0.925,1.125,0.875,0.975,1.025]},{"id":"test","shape":"random","outlier_type":1,"choice":2,"outlierPosition":2,"success":true,"majorityOfMostRegularShapes":false,"rt":3536.099999997765,"rot1":-25,"rot2":-5,"rot3":5,"rot4":25,"rot5":-15,"rot6":15,"dil1":0.975,"dil2":0.925,"dil3":1.125,"dil4":1.025,"dil5":0.875,"dil6":1.075,"rots":[-25,-5,5,25,-15,15],"dils":[0.975,0.925,1.125,1.025,0.875,1.075]},{"id":"test","shape":"isoTrapezoid","outlier_type":0,"choice":2,"outlierPosition":2,"success":true,"majorityOfMostRegularShapes":false,"rt":2792.60000000149,"rot1":25,"rot2":5,"rot3":15,"rot4":-25,"rot5":-5,"rot6":-15,"dil1":0.975,"dil2":1.125,"dil3":1.075,"dil4":0.875,"dil5":0.925,"dil6":1.025,"rots":[25,5,15,-25,-5,-15],"dils":[0.975,1.125,1.075,0.875,0.925,1.025]},{"id":"test","shape":"square","outlier_type":3,"choice":1,"outlierPosition":1,"success":true,"majorityOfMostRegularShapes":true,"rt":1405.5,"rot1":25,"rot2":-15,"rot3":-5,"rot4":15,"rot5":-25,"rot6":5,"dil1":1.075,"dil2":1.025,"dil3":0.875,"dil4":0.925,"dil5":0.975,"dil6":1.125,"rots":[25,-15,-5,15,-25,5],"dils":[1.075,1.025,0.875,0.925,0.975,1.125]},{"id":"test","shape":"rectangle","outlier_type":2,"choice":2,"outlierPosition":2,"success":true,"majorityOfMostRegularShapes":false,"rt":2802.699999999255,"rot1":-25,"rot2":15,"rot3":-15,"rot4":5,"rot5":25,"rot6":-5,"dil1":1.025,"dil2":1.125,"dil3":0.925,"dil4":0.975,"dil5":1.075,"dil6":0.875,"rots":[-25,15,-15,5,25,-5],"dils":[1.025,1.125,0.925,0.975,1.075,0.875]},{"id":"test","shape":"losange","outlier_type":0,"choice":2,"outlierPosition":2,"success":true,"majorityOfMostRegularShapes":true,"rt":3535.199999999255,"rot1":-15,"rot2":-5,"rot3":15,"rot4":5,"rot5":25,"rot6":-25,"dil1":1.125,"dil2":1.025,"dil3":1.075,"dil4":0.925,"dil5":0.875,"dil6":0.975,"rots":[-15,-5,15,5,25,-25],"dils":[1.125,1.025,1.075,0.925,0.875,0.975]},{"id":"test","shape":"rustedHinge","outlier_type":3,"choice":5,"outlierPosition":0,"success":false,"majorityOfMostRegularShapes":false,"rt":2948.89999999851,"rot1":-5,"rot2":-15,"rot3":-25,"rot4":15,"rot5":25,"rot6":5,"dil1":0.975,"dil2":0.925,"dil3":1.025,"dil4":1.075,"dil5":0.875,"dil6":1.125,"rots":[-5,-15,-25,15,25,5],"dils":[0.975,0.925,1.025,1.075,0.875,1.125]},{"id":"test","shape":"parallelogram","outlier_type":2,"choice":1,"outlierPosition":1,"success":true,"majorityOfMostRegularShapes":false,"rt":2885.5,"rot1":15,"rot2":25,"rot3":-15,"rot4":-5,"rot5":5,"rot6":-25,"dil1":0.925,"dil2":0.875,"dil3":1.125,"dil4":1.075,"dil5":1.025,"dil6":0.975,"rots":[15,25,-15,-5,5,-25],"dils":[0.925,0.875,1.125,1.075,1.025,0.975]},{"id":"test","shape":"rectangle","outlier_type":3,"choice":5,"outlierPosition":5,"success":true,"majorityOfMostRegularShapes":false,"rt":2331.60000000149,"rot1":-25,"rot2":-15,"rot3":15,"rot4":-5,"rot5":25,"rot6":5,"dil1":0.925,"dil2":0.875,"dil3":1.025,"dil4":0.975,"dil5":1.075,"dil6":1.125,"rots":[-25,-15,15,-5,25,5],"dils":[0.925,0.875,1.025,0.975,1.075,1.125]},{"id":"test","shape":"hinge","outlier_type":2,"choice":5,"outlierPosition":5,"success":true,"majorityOfMostRegularShapes":true,"rt":2961.5,"rot1":-15,"rot2":-25,"rot3":15,"rot4":25,"rot5":5,"rot6":-5,"dil1":1.025,"dil2":1.125,"dil3":1.075,"dil4":0.975,"dil5":0.875,"dil6":0.925,"rots":[-15,-25,15,25,5,-5],"dils":[1.025,1.125,1.075,0.975,0.875,0.925]},{"id":"test","shape":"rectangle","outlier_type":0,"choice":5,"outlierPosition":5,"success":true,"majorityOfMostRegularShapes":false,"rt":2398.89999999851,"rot1":15,"rot2":-15,"rot3":-25,"rot4":-5,"rot5":25,"rot6":5,"dil1":1.075,"dil2":1.125,"dil3":1.025,"dil4":0.975,"dil5":0.875,"dil6":0.925,"rots":[15,-15,-25,-5,25,5],"dils":[1.075,1.125,1.025,0.975,0.875,0.925]},{"id":"test","shape":"random","outlier_type":3,"choice":0,"outlierPosition":0,"success":true,"majorityOfMostRegularShapes":true,"rt":7288.89999999851,"rot1":-15,"rot2":25,"rot3":-5,"rot4":5,"rot5":-25,"rot6":15,"dil1":1.025,"dil2":1.125,"dil3":1.075,"dil4":0.875,"dil5":0.925,"dil6":0.975,"rots":[-15,25,-5,5,-25,15],"dils":[1.025,1.125,1.075,0.875,0.925,0.975]},{"id":"test","shape":"trapezoid","outlier_type":0,"choice":1,"outlierPosition":0,"success":false,"majorityOfMostRegularShapes":true,"rt":7211.300000000745,"rot1":15,"rot2":25,"rot3":-15,"rot4":5,"rot5":-5,"rot6":-25,"dil1":0.975,"dil2":0.875,"dil3":0.925,"dil4":1.075,"dil5":1.125,"dil6":1.025,"rots":[15,25,-15,5,-5,-25],"dils":[0.975,0.875,0.925,1.075,1.125,1.025]},{"id":"test","shape":"rustedHinge","outlier_type":3,"choice":2,"outlierPosition":2,"success":true,"majorityOfMostRegularShapes":true,"rt":2478.900000002235,"rot1":-25,"rot2":5,"rot3":15,"rot4":-15,"rot5":25,"rot6":-5,"dil1":0.925,"dil2":1.125,"dil3":1.025,"dil4":0.975,"dil5":1.075,"dil6":0.875,"rots":[-25,5,15,-15,25,-5],"dils":[0.925,1.125,1.025,0.975,1.075,0.875]},{"id":"test","shape":"trapezoid","outlier_type":0,"choice":1,"outlierPosition":1,"success":true,"majorityOfMostRegularShapes":false,"rt":4331.800000000745,"rot1":-5,"rot2":-25,"rot3":25,"rot4":15,"rot5":-15,"rot6":5,"dil1":0.925,"dil2":1.125,"dil3":1.075,"dil4":0.975,"dil5":1.025,"dil6":0.875,"rots":[-5,-25,25,15,-15,5],"dils":[0.925,1.125,1.075,0.975,1.025,0.875]},{"id":"test","shape":"rectangle","outlier_type":1,"choice":2,"outlierPosition":2,"success":true,"majorityOfMostRegularShapes":true,"rt":1896.300000000745,"rot1":25,"rot2":-15,"rot3":5,"rot4":-25,"rot5":15,"rot6":-5,"dil1":0.975,"dil2":1.075,"dil3":1.125,"dil4":0.875,"dil5":0.925,"dil6":1.025,"rots":[25,-15,5,-25,15,-5],"dils":[0.975,1.075,1.125,0.875,0.925,1.025]},{"id":"test","shape":"losange","outlier_type":0,"choice":0,"outlierPosition":1,"success":false,"majorityOfMostRegularShapes":false,"rt":5334.199999999255,"rot1":15,"rot2":25,"rot3":-15,"rot4":-5,"rot5":5,"rot6":-25,"dil1":1.025,"dil2":1.075,"dil3":0.975,"dil4":1.125,"dil5":0.875,"dil6":0.925,"rots":[15,25,-15,-5,5,-25],"dils":[1.025,1.075,0.975,1.125,0.875,0.925]},{"id":"test","shape":"trapezoid","outlier_type":3,"choice":4,"outlierPosition":4,"success":true,"majorityOfMostRegularShapes":true,"rt":2432.10000000149,"rot1":5,"rot2":-5,"rot3":15,"rot4":-15,"rot5":25,"rot6":-25,"dil1":1.025,"dil2":0.875,"dil3":1.125,"dil4":1.075,"dil5":0.925,"dil6":0.975,"rots":[5,-5,15,-15,25,-25],"dils":[1.025,0.875,1.125,1.075,0.925,0.975]},{"id":"test","shape":"isoTrapezoid","outlier_type":0,"choice":3,"outlierPosition":3,"success":true,"majorityOfMostRegularShapes":true,"rt":2577.7000000029802,"rot1":15,"rot2":5,"rot3":-15,"rot4":-25,"rot5":25,"rot6":-5,"dil1":0.975,"dil2":0.875,"dil3":1.125,"dil4":0.925,"dil5":1.075,"dil6":1.025,"rots":[15,5,-15,-25,25,-5],"dils":[0.975,0.875,1.125,0.925,1.075,1.025]},{"id":"test","shape":"random","outlier_type":2,"choice":2,"outlierPosition":2,"success":true,"majorityOfMostRegularShapes":true,"rt":2712.199999999255,"rot1":-25,"rot2":15,"rot3":-5,"rot4":-15,"rot5":25,"rot6":5,"dil1":0.975,"dil2":1.025,"dil3":1.125,"dil4":0.875,"dil5":1.075,"dil6":0.925,"rots":[-25,15,-5,-15,25,5],"dils":[0.975,1.025,1.125,0.875,1.075,0.925]},{"id":"test","shape":"hinge","outlier_type":3,"choice":5,"outlierPosition":5,"success":true,"majorityOfMostRegularShapes":false,"rt":3146,"rot1":-5,"rot2":25,"rot3":-25,"rot4":5,"rot5":-15,"rot6":15,"dil1":0.975,"dil2":0.925,"dil3":1.125,"dil4":0.875,"dil5":1.025,"dil6":1.075,"rots":[-5,25,-25,5,-15,15],"dils":[0.975,0.925,1.125,0.875,1.025,1.075]},{"id":"test","shape":"rustedHinge","outlier_type":2,"choice":5,"outlierPosition":5,"success":true,"majorityOfMostRegularShapes":true,"rt":2592.60000000149,"rot1":-25,"rot2":25,"rot3":-15,"rot4":-5,"rot5":5,"rot6":15,"dil1":0.975,"dil2":0.875,"dil3":1.075,"dil4":1.125,"dil5":0.925,"dil6":1.025,"rots":[-25,25,-15,-5,5,15],"dils":[0.975,0.875,1.075,1.125,0.925,1.025]},{"id":"test","shape":"hinge","outlier_type":0,"choice":0,"outlierPosition":0,"success":true,"majorityOfMostRegularShapes":false,"rt":3856.099999997765,"rot1":-15,"rot2":15,"rot3":5,"rot4":-5,"rot5":-25,"rot6":25,"dil1":1.125,"dil2":1.075,"dil3":0.975,"dil4":0.875,"dil5":0.925,"dil6":1.025,"rots":[-15,15,5,-5,-25,25],"dils":[1.125,1.075,0.975,0.875,0.925,1.025]},{"id":"test","shape":"parallelogram","outlier_type":3,"choice":5,"outlierPosition":5,"success":true,"majorityOfMostRegularShapes":true,"rt":2175.300000000745,"rot1":-5,"rot2":25,"rot3":15,"rot4":-15,"rot5":5,"rot6":-25,"dil1":0.975,"dil2":1.025,"dil3":1.125,"dil4":0.925,"dil5":0.875,"dil6":1.075,"rots":[-5,25,15,-15,5,-25],"dils":[0.975,1.025,1.125,0.925,0.875,1.075]},{"id":"test","shape":"hinge","outlier_type":0,"choice":4,"outlierPosition":4,"success":true,"majorityOfMostRegularShapes":true,"rt":5515.199999999255,"rot1":-15,"rot2":5,"rot3":-5,"rot4":15,"rot5":-25,"rot6":25,"dil1":0.975,"dil2":1.125,"dil3":1.025,"dil4":0.875,"dil5":0.925,"dil6":1.075,"rots":[-15,5,-5,15,-25,25],"dils":[0.975,1.125,1.025,0.875,0.925,1.075]},{"id":"test","shape":"rightKite","outlier_type":3,"choice":1,"outlierPosition":1,"success":true,"majorityOfMostRegularShapes":true,"rt":4116.5,"rot1":5,"rot2":-5,"rot3":25,"rot4":15,"rot5":-15,"rot6":-25,"dil1":1.125,"dil2":0.875,"dil3":1.025,"dil4":0.925,"dil5":1.075,"dil6":0.975,"rots":[5,-5,25,15,-15,-25],"dils":[1.125,0.875,1.025,0.925,1.075,0.975]},{"id":"test","shape":"isoTrapezoid","outlier_type":2,"choice":5,"outlierPosition":5,"success":true,"majorityOfMostRegularShapes":false,"rt":2566.300000000745,"rot1":-25,"rot2":25,"rot3":-5,"rot4":15,"rot5":5,"rot6":-15,"dil1":0.925,"dil2":0.875,"dil3":1.125,"dil4":1.025,"dil5":0.975,"dil6":1.075,"rots":[-25,25,-5,15,5,-15],"dils":[0.925,0.875,1.125,1.025,0.975,1.075]},{"id":"test","shape":"parallelogram","outlier_type":0,"choice":3,"outlierPosition":3,"success":true,"majorityOfMostRegularShapes":false,"rt":3630.39999999851,"rot1":5,"rot2":15,"rot3":-25,"rot4":-5,"rot5":25,"rot6":-15,"dil1":0.975,"dil2":0.925,"dil3":1.025,"dil4":0.875,"dil5":1.125,"dil6":1.075,"rots":[5,15,-25,-5,25,-15],"dils":[0.975,0.925,1.025,0.875,1.125,1.075]},{"id":"test","shape":"isoTrapezoid","outlier_type":3,"choice":5,"outlierPosition":5,"success":true,"majorityOfMostRegularShapes":false,"rt":2646.900000002235,"rot1":-5,"rot2":15,"rot3":5,"rot4":25,"rot5":-25,"rot6":-15,"dil1":0.975,"dil2":1.025,"dil3":0.925,"dil4":0.875,"dil5":1.075,"dil6":1.125,"rots":[-5,15,5,25,-25,-15],"dils":[0.975,1.025,0.925,0.875,1.075,1.125]},{"id":"test","shape":"kite","outlier_type":0,"choice":5,"outlierPosition":5,"success":true,"majorityOfMostRegularShapes":true,"rt":2504.199999999255,"rot1":-15,"rot2":15,"rot3":25,"rot4":-25,"rot5":5,"rot6":-5,"dil1":1.075,"dil2":0.925,"dil3":1.025,"dil4":1.125,"dil5":0.875,"dil6":0.975,"rots":[-15,15,25,-25,5,-5],"dils":[1.075,0.925,1.025,1.125,0.875,0.975]},{"id":"test","shape":"parallelogram","outlier_type":3,"choice":2,"outlierPosition":2,"success":true,"majorityOfMostRegularShapes":false,"rt":2703.199999999255,"rot1":5,"rot2":-5,"rot3":-15,"rot4":25,"rot5":-25,"rot6":15,"dil1":1.025,"dil2":1.075,"dil3":0.925,"dil4":0.875,"dil5":1.125,"dil6":0.975,"rots":[5,-5,-15,25,-25,15],"dils":[1.025,1.075,0.925,0.875,1.125,0.975]},{"id":"test","shape":"trapezoid","outlier_type":2,"choice":1,"outlierPosition":1,"success":true,"majorityOfMostRegularShapes":true,"rt":2071.900000002235,"rot1":-5,"rot2":-25,"rot3":5,"rot4":25,"rot5":15,"rot6":-15,"dil1":0.875,"dil2":1.125,"dil3":0.925,"dil4":1.075,"dil5":0.975,"dil6":1.025,"rots":[-5,-25,5,25,15,-15],"dils":[0.875,1.125,0.925,1.075,0.975,1.025]},{"id":"test","shape":"random","outlier_type":1,"choice":2,"outlierPosition":2,"success":true,"majorityOfMostRegularShapes":true,"rt":2612.900000002235,"rot1":15,"rot2":-5,"rot3":25,"rot4":5,"rot5":-15,"rot6":-25,"dil1":0.925,"dil2":0.975,"dil3":1.025,"dil4":1.125,"dil5":0.875,"dil6":1.075,"rots":[15,-5,25,5,-15,-25],"dils":[0.925,0.975,1.025,1.125,0.875,1.075]},{"id":"test","shape":"square","outlier_type":1,"choice":4,"outlierPosition":4,"success":true,"majorityOfMostRegularShapes":false,"rt":2379.10000000149,"rot1":15,"rot2":-25,"rot3":25,"rot4":-15,"rot5":5,"rot6":-5,"dil1":1.125,"dil2":0.875,"dil3":1.075,"dil4":1.025,"dil5":0.975,"dil6":0.925,"rots":[15,-25,25,-15,5,-5],"dils":[1.125,0.875,1.075,1.025,0.975,0.925]},{"id":"test","shape":"parallelogram","outlier_type":2,"choice":3,"outlierPosition":3,"success":true,"majorityOfMostRegularShapes":true,"rt":2107.39999999851,"rot1":-25,"rot2":25,"rot3":-5,"rot4":15,"rot5":-15,"rot6":5,"dil1":0.925,"dil2":1.025,"dil3":0.975,"dil4":1.125,"dil5":1.075,"dil6":0.875,"rots":[-25,25,-5,15,-15,5],"dils":[0.925,1.025,0.975,1.125,1.075,0.875]},{"id":"test","shape":"losange","outlier_type":3,"choice":4,"outlierPosition":4,"success":true,"majorityOfMostRegularShapes":false,"rt":2621.39999999851,"rot1":-5,"rot2":25,"rot3":-15,"rot4":5,"rot5":15,"rot6":-25,"dil1":0.925,"dil2":0.875,"dil3":1.025,"dil4":1.125,"dil5":1.075,"dil6":0.975,"rots":[-5,25,-15,5,15,-25],"dils":[0.925,0.875,1.025,1.125,1.075,0.975]},{"id":"test","shape":"rightKite","outlier_type":1,"choice":1,"outlierPosition":1,"success":true,"majorityOfMostRegularShapes":false,"rt":2363.5,"rot1":-15,"rot2":25,"rot3":-5,"rot4":5,"rot5":15,"rot6":-25,"dil1":0.875,"dil2":0.925,"dil3":1.075,"dil4":1.025,"dil5":0.975,"dil6":1.125,"rots":[-15,25,-5,5,15,-25],"dils":[0.875,0.925,1.075,1.025,0.975,1.125]},{"id":"test","shape":"parallelogram","outlier_type":0,"choice":3,"outlierPosition":3,"success":true,"majorityOfMostRegularShapes":true,"rt":1896.199999999255,"rot1":-5,"rot2":5,"rot3":-15,"rot4":25,"rot5":15,"rot6":-25,"dil1":1.025,"dil2":1.125,"dil3":0.875,"dil4":0.975,"dil5":1.075,"dil6":0.925,"rots":[-5,5,-15,25,15,-25],"dils":[1.025,1.125,0.875,0.975,1.075,0.925]},{"id":"test","shape":"kite","outlier_type":1,"choice":0,"outlierPosition":0,"success":true,"majorityOfMostRegularShapes":false,"rt":4104.5,"rot1":5,"rot2":-25,"rot3":-15,"rot4":-5,"rot5":25,"rot6":15,"dil1":0.975,"dil2":1.025,"dil3":0.925,"dil4":1.075,"dil5":0.875,"dil6":1.125,"rots":[5,-25,-15,-5,25,15],"dils":[0.975,1.025,0.925,1.075,0.875,1.125]},{"id":"test","shape":"square","outlier_type":3,"choice":5,"outlierPosition":5,"success":true,"majorityOfMostRegularShapes":false,"rt":1993.7999999970198,"rot1":-15,"rot2":5,"rot3":-25,"rot4":-5,"rot5":25,"rot6":15,"dil1":1.075,"dil2":1.025,"dil3":0.925,"dil4":0.975,"dil5":1.125,"dil6":0.875,"rots":[-15,5,-25,-5,25,15],"dils":[1.075,1.025,0.925,0.975,1.125,0.875]},{"id":"test","shape":"random","outlier_type":0,"choice":1,"outlierPosition":4,"success":false,"majorityOfMostRegularShapes":false,"rt":3398.199999999255,"rot1":-5,"rot2":-25,"rot3":-15,"rot4":15,"rot5":25,"rot6":5,"dil1":1.125,"dil2":0.875,"dil3":0.975,"dil4":0.925,"dil5":1.075,"dil6":1.025,"rots":[-5,-25,-15,15,25,5],"dils":[1.125,0.875,0.975,0.925,1.075,1.025]},{"id":"test","shape":"hinge","outlier_type":3,"choice":1,"outlierPosition":3,"success":false,"majorityOfMostRegularShapes":true,"rt":3642.60000000149,"rot1":-25,"rot2":-5,"rot3":15,"rot4":-15,"rot5":25,"rot6":5,"dil1":0.975,"dil2":0.925,"dil3":1.075,"dil4":1.125,"dil5":0.875,"dil6":1.025,"rots":[-25,-5,15,-15,25,5],"dils":[0.975,0.925,1.075,1.125,0.875,1.025]},{"id":"test","shape":"rightKite","outlier_type":2,"choice":2,"outlierPosition":2,"success":true,"majorityOfMostRegularShapes":true,"rt":4349.60000000149,"rot1":-25,"rot2":-5,"rot3":-15,"rot4":25,"rot5":5,"rot6":15,"dil1":0.875,"dil2":1.025,"dil3":0.925,"dil4":0.975,"dil5":1.125,"dil6":1.075,"rots":[-25,-5,-15,25,5,15],"dils":[0.875,1.025,0.925,0.975,1.125,1.075]},{"id":"test","shape":"rightKite","outlier_type":0,"choice":0,"outlierPosition":0,"success":true,"majorityOfMostRegularShapes":true,"rt":3628.699999999255,"rot1":-15,"rot2":15,"rot3":25,"rot4":-25,"rot5":-5,"rot6":5,"dil1":0.975,"dil2":1.025,"dil3":1.075,"dil4":1.125,"dil5":0.925,"dil6":0.875,"rots":[-15,15,25,-25,-5,5],"dils":[0.975,1.025,1.075,1.125,0.925,0.875]},{"id":"test","shape":"hinge","outlier_type":2,"choice":1,"outlierPosition":1,"success":true,"majorityOfMostRegularShapes":false,"rt":4928.300000000745,"rot1":-15,"rot2":5,"rot3":15,"rot4":-25,"rot5":-5,"rot6":25,"dil1":1.025,"dil2":0.975,"dil3":1.075,"dil4":0.875,"dil5":1.125,"dil6":0.925,"rots":[-15,5,15,-25,-5,25],"dils":[1.025,0.975,1.075,0.875,1.125,0.925]},{"id":"test","shape":"kite","outlier_type":1,"choice":4,"outlierPosition":4,"success":true,"majorityOfMostRegularShapes":true,"rt":1428.7999999970198,"rot1":25,"rot2":-15,"rot3":15,"rot4":5,"rot5":-25,"rot6":-5,"dil1":0.925,"dil2":1.025,"dil3":1.075,"dil4":0.875,"dil5":1.125,"dil6":0.975,"rots":[25,-15,15,5,-25,-5],"dils":[0.925,1.025,1.075,0.875,1.125,0.975]},{"id":"test","shape":"square","outlier_type":2,"choice":4,"outlierPosition":4,"success":true,"majorityOfMostRegularShapes":false,"rt":938.5,"rot1":-15,"rot2":-5,"rot3":5,"rot4":-25,"rot5":15,"rot6":25,"dil1":1.125,"dil2":0.975,"dil3":1.025,"dil4":1.075,"dil5":0.875,"dil6":0.925,"rots":[-15,-5,5,-25,15,25],"dils":[1.125,0.975,1.025,1.075,0.875,0.925]},{"id":"test","shape":"rightKite","outlier_type":0,"choice":2,"outlierPosition":2,"success":true,"majorityOfMostRegularShapes":false,"rt":3348.60000000149,"rot1":15,"rot2":-25,"rot3":5,"rot4":-15,"rot5":-5,"rot6":25,"dil1":1.125,"dil2":1.025,"dil3":0.925,"dil4":0.975,"dil5":1.075,"dil6":0.875,"rots":[15,-25,5,-15,-5,25],"dils":[1.125,1.025,0.925,0.975,1.075,0.875]},{"id":"test","shape":"rectangle","outlier_type":3,"choice":4,"outlierPosition":4,"success":true,"majorityOfMostRegularShapes":true,"rt":1349.2999999970198,"rot1":-15,"rot2":25,"rot3":5,"rot4":-25,"rot5":-5,"rot6":15,"dil1":0.875,"dil2":0.975,"dil3":0.925,"dil4":1.025,"dil5":1.075,"dil6":1.125,"rots":[-15,25,5,-25,-5,15],"dils":[0.875,0.975,0.925,1.025,1.075,1.125]},{"id":"test","shape":"rustedHinge","outlier_type":1,"choice":0,"outlierPosition":0,"success":true,"majorityOfMostRegularShapes":false,"rt":2818.89999999851,"rot1":-5,"rot2":15,"rot3":-25,"rot4":-15,"rot5":5,"rot6":25,"dil1":1.025,"dil2":0.925,"dil3":1.125,"dil4":0.975,"dil5":1.075,"dil6":0.875,"rots":[-5,15,-25,-15,5,25],"dils":[1.025,0.925,1.125,0.975,1.075,0.875]},{"id":"test","shape":"kite","outlier_type":3,"choice":0,"outlierPosition":0,"success":true,"majorityOfMostRegularShapes":true,"rt":2235.60000000149,"rot1":25,"rot2":-25,"rot3":15,"rot4":5,"rot5":-5,"rot6":-15,"dil1":1.075,"dil2":0.875,"dil3":1.125,"dil4":1.025,"dil5":0.925,"dil6":0.975,"rots":[25,-25,15,5,-5,-15],"dils":[1.075,0.875,1.125,1.025,0.925,0.975]},{"id":"test","shape":"hinge","outlier_type":1,"choice":5,"outlierPosition":5,"success":true,"majorityOfMostRegularShapes":true,"rt":3515.5,"rot1":-15,"rot2":25,"rot3":-5,"rot4":-25,"rot5":5,"rot6":15,"dil1":1.125,"dil2":0.975,"dil3":0.875,"dil4":1.025,"dil5":0.925,"dil6":1.075,"rots":[-15,25,-5,-25,5,15],"dils":[1.125,0.975,0.875,1.025,0.925,1.075]},{"id":"test","shape":"losange","outlier_type":2,"choice":4,"outlierPosition":4,"success":true,"majorityOfMostRegularShapes":true,"rt":2805.7000000029802,"rot1":-15,"rot2":25,"rot3":-25,"rot4":-5,"rot5":15,"rot6":5,"dil1":0.975,"dil2":0.925,"dil3":1.025,"dil4":0.875,"dil5":1.075,"dil6":1.125,"rots":[-15,25,-25,-5,15,5],"dils":[0.975,0.925,1.025,0.875,1.075,1.125]},{"id":"test","shape":"rustedHinge","outlier_type":1,"choice":3,"outlierPosition":3,"success":true,"majorityOfMostRegularShapes":true,"rt":2325.300000000745,"rot1":-5,"rot2":25,"rot3":-15,"rot4":15,"rot5":-25,"rot6":5,"dil1":0.975,"dil2":1.025,"dil3":1.125,"dil4":0.875,"dil5":0.925,"dil6":1.075,"rots":[-5,25,-15,15,-25,5],"dils":[0.975,1.025,1.125,0.875,0.925,1.075]},{"id":"test","shape":"kite","outlier_type":2,"choice":3,"outlierPosition":3,"success":true,"majorityOfMostRegularShapes":false,"rt":2660.900000002235,"rot1":25,"rot2":-5,"rot3":5,"rot4":-25,"rot5":-15,"rot6":15,"dil1":1.125,"dil2":0.925,"dil3":0.875,"dil4":0.975,"dil5":1.025,"dil6":1.075,"rots":[25,-5,5,-25,-15,15],"dils":[1.125,0.925,0.875,0.975,1.025,1.075]},{"id":"test","shape":"random","outlier_type":0,"choice":0,"outlierPosition":0,"success":true,"majorityOfMostRegularShapes":true,"rt":6469,"rot1":5,"rot2":-5,"rot3":-25,"rot4":-15,"rot5":15,"rot6":25,"dil1":1.075,"dil2":0.925,"dil3":1.025,"dil4":0.975,"dil5":0.875,"dil6":1.125,"rots":[5,-5,-25,-15,15,25],"dils":[1.075,0.925,1.025,0.975,0.875,1.125]},{"id":"test","shape":"square","outlier_type":2,"choice":4,"outlierPosition":4,"success":true,"majorityOfMostRegularShapes":true,"rt":1862.300000000745,"rot1":-5,"rot2":-15,"rot3":-25,"rot4":5,"rot5":25,"rot6":15,"dil1":0.975,"dil2":0.875,"dil3":1.125,"dil4":0.925,"dil5":1.075,"dil6":1.025,"rots":[-5,-15,-25,5,25,15],"dils":[0.975,0.875,1.125,0.925,1.075,1.025]},{"id":"test","shape":"trapezoid","outlier_type":1,"choice":3,"outlierPosition":3,"success":true,"majorityOfMostRegularShapes":false,"rt":1564.5,"rot1":-15,"rot2":-25,"rot3":15,"rot4":5,"rot5":-5,"rot6":25,"dil1":1.025,"dil2":0.925,"dil3":1.075,"dil4":0.875,"dil5":1.125,"dil6":0.975,"rots":[-15,-25,15,5,-5,25],"dils":[1.025,0.925,1.075,0.875,1.125,0.975]},{"id":"test","shape":"kite","outlier_type":2,"choice":3,"outlierPosition":3,"success":true,"majorityOfMostRegularShapes":true,"rt":1846.2999999970198,"rot1":5,"rot2":-15,"rot3":-25,"rot4":-5,"rot5":15,"rot6":25,"dil1":0.975,"dil2":1.025,"dil3":1.075,"dil4":0.925,"dil5":1.125,"dil6":0.875,"rots":[5,-15,-25,-5,15,25],"dils":[0.975,1.025,1.075,0.925,1.125,0.875]}],"desiredDistance":0.3,"trial_type":"oddball-grid","trial_index":5,"time_elapsed":865375,"internal_node_id":"0.0-5.0","score":0.9204545454545454,"early_termination":false}]