[{"rt":4081,"url":"external-consent.html","trial_type":"external-html","trial_index":0,"time_elapsed":4086,"internal_node_id":"0.0-0.0","score":0.7613636363636364,"early_termination":false},{"rt":4166.100000023842,"responses":"{\"Q0\":\"NA\",\"Q1\":\"NA\",\"Q2\":\"NA\"}","trial_type":"survey-text","trial_index":1,"time_elapsed":8255,"internal_node_id":"0.0-1.0","score":0.7613636363636364,"early_termination":false},{"success":true,"trial_type":"fullscreen","trial_index":2,"time_elapsed":196979,"internal_node_id":"0.0-2.0","score":0.7613636363636364,"early_termination":false},{"results":[{"id":"train-images","loop_number":1,"shape":"test6","outlier_type":"NA","choice":3,"outlierPosition":3,"success":true,"majorityOfMostRegularShapes":true,"rt":6663.4000000059605,"rot1":5,"rot2":15,"rot3":-15,"rot4":-5,"rot5":25,"rot6":-25,"dil1":1.075,"dil2":0.975,"dil3":1.025,"dil4":1.125,"dil5":0.925,"dil6":0.875,"rots":[5,15,-15,-5,25,-25],"dils":[1.075,0.975,1.025,1.125,0.925,0.875],"possible_pos":[0,1,2,3,4,5]},{"id":"train-images","loop_number":1,"shape":"test5","outlier_type":"NA","choice":2,"outlierPosition":2,"success":true,"majorityOfMostRegularShapes":true,"rt":1282.4000000059605,"rot1":15,"rot2":5,"rot3":-15,"rot4":25,"rot5":-5,"rot6":-25,"dil1":0.875,"dil2":0.975,"dil3":1.125,"dil4":1.075,"dil5":0.925,"dil6":1.025,"rots":[15,5,-15,25,-5,-25],"dils":[0.875,0.975,1.125,1.075,0.925,1.025],"possible_pos":[0,1,2,3,4,5]},{"id":"train-images","loop_number":1,"shape":"test7","outlier_type":"NA","choice":0,"outlierPosition":0,"success":true,"majorityOfMostRegularShapes":true,"rt":842.4000000059605,"rot1":15,"rot2":-5,"rot3":-15,"rot4":5,"rot5":25,"rot6":-25,"dil1":0.925,"dil2":1.025,"dil3":1.075,"dil4":0.975,"dil5":1.125,"dil6":0.875,"rots":[15,-5,-15,5,25,-25],"dils":[0.925,1.025,1.075,0.975,1.125,0.875],"possible_pos":[0,1,2,3,4,5]},{"id":"train-images","loop_number":1,"shape":"test5","outlier_type":"NA","choice":4,"outlierPosition":4,"success":true,"majorityOfMostRegularShapes":false,"rt":1041.800000011921,"rot1":-5,"rot2":-15,"rot3":15,"rot4":5,"rot5":25,"rot6":-25,"dil1":0.925,"dil2":1.125,"dil3":1.075,"dil4":1.025,"dil5":0.875,"dil6":0.975,"rots":[-5,-15,15,5,25,-25],"dils":[0.925,1.125,1.075,1.025,0.875,0.975],"possible_pos":[0,1,2,3,4,5]},{"id":"train-images","loop_number":1,"shape":"test8","outlier_type":"NA","choice":3,"outlierPosition":3,"success":true,"majorityOfMostRegularShapes":true,"rt":877.3999999761581,"rot1":25,"rot2":5,"rot3":15,"rot4":-5,"rot5":-25,"rot6":-15,"dil1":1.025,"dil2":1.125,"dil3":0.875,"dil4":0.975,"dil5":1.075,"dil6":0.925,"rots":[25,5,15,-5,-25,-15],"dils":[1.025,1.125,0.875,0.975,1.075,0.925],"possible_pos":[0,1,2,3,4,5]},{"id":"train-images","loop_number":1,"shape":"test6","outlier_type":"NA","choice":5,"outlierPosition":5,"success":true,"majorityOfMostRegularShapes":false,"rt":1405.9000000059605,"rot1":-25,"rot2":25,"rot3":-15,"rot4":15,"rot5":5,"rot6":-5,"dil1":0.975,"dil2":0.875,"dil3":1.025,"dil4":1.125,"dil5":0.925,"dil6":1.075,"rots":[-25,25,-15,15,5,-5],"dils":[0.975,0.875,1.025,1.125,0.925,1.075],"possible_pos":[0,1,2,3,4,5]},{"id":"train-images","loop_number":1,"shape":"test10","outlier_type":"NA","choice":1,"outlierPosition":1,"success":true,"majorityOfMostRegularShapes":false,"rt":888.3999999761581,"rot1":25,"rot2":-15,"rot3":15,"rot4":5,"rot5":-5,"rot6":-25,"dil1":0.875,"dil2":1.075,"dil3":0.975,"dil4":1.025,"dil5":1.125,"dil6":0.925,"rots":[25,-15,15,5,-5,-25],"dils":[0.875,1.075,0.975,1.025,1.125,0.925],"possible_pos":[0,1,2,3,4,5]},{"id":"train-images","loop_number":1,"shape":"test9","outlier_type":"NA","choice":4,"outlierPosition":4,"success":true,"majorityOfMostRegularShapes":false,"rt":1592.800000011921,"rot1":25,"rot2":-15,"rot3":-25,"rot4":-5,"rot5":15,"rot6":5,"dil1":1.075,"dil2":0.875,"dil3":1.025,"dil4":0.975,"dil5":1.125,"dil6":0.925,"rots":[25,-15,-25,-5,15,5],"dils":[1.075,0.875,1.025,0.975,1.125,0.925],"possible_pos":[0,1,2,3,4,5]},{"id":"train-images","loop_number":1,"shape":"test1","outlier_type":"NA","choice":1,"outlierPosition":1,"success":true,"majorityOfMostRegularShapes":true,"rt":905.6000000238419,"rot1":25,"rot2":15,"rot3":-25,"rot4":-15,"rot5":-5,"rot6":5,"dil1":0.925,"dil2":1.125,"dil3":0.975,"dil4":0.875,"dil5":1.025,"dil6":1.075,"rots":[25,15,-25,-15,-5,5],"dils":[0.925,1.125,0.975,0.875,1.025,1.075],"possible_pos":[0,1,2,3,4,5]},{"id":"train-images","loop_number":1,"shape":"test3","outlier_type":"NA","choice":3,"outlierPosition":3,"success":true,"majorityOfMostRegularShapes":false,"rt":1045.699999988079,"rot1":-5,"rot2":-25,"rot3":25,"rot4":5,"rot5":15,"rot6":-15,"dil1":1.025,"dil2":0.925,"dil3":1.075,"dil4":0.975,"dil5":0.875,"dil6":1.125,"rots":[-5,-25,25,5,15,-15],"dils":[1.025,0.925,1.075,0.975,0.875,1.125],"possible_pos":[0,1,2,3,4,5]},{"id":"train-images","loop_number":1,"shape":"test10","outlier_type":"NA","choice":0,"outlierPosition":0,"success":true,"majorityOfMostRegularShapes":true,"rt":1199.5,"rot1":25,"rot2":-15,"rot3":15,"rot4":-5,"rot5":-25,"rot6":5,"dil1":1.025,"dil2":0.925,"dil3":1.125,"dil4":0.875,"dil5":1.075,"dil6":0.975,"rots":[25,-15,15,-5,-25,5],"dils":[1.025,0.925,1.125,0.875,1.075,0.975],"possible_pos":[0,1,2,3,4,5]},{"id":"train-images","loop_number":1,"shape":"test7","outlier_type":"NA","choice":5,"outlierPosition":5,"success":true,"majorityOfMostRegularShapes":false,"rt":1455.8999999761581,"rot1":25,"rot2":-5,"rot3":-25,"rot4":15,"rot5":-15,"rot6":5,"dil1":0.875,"dil2":0.925,"dil3":1.075,"dil4":0.975,"dil5":1.125,"dil6":1.025,"rots":[25,-5,-25,15,-15,5],"dils":[0.875,0.925,1.075,0.975,1.125,1.025],"possible_pos":[0,1,2,3,4,5]},{"id":"train-images","loop_number":1,"shape":"test1","outlier_type":"NA","choice":4,"outlierPosition":4,"success":true,"majorityOfMostRegularShapes":false,"rt":779.8000000119209,"rot1":25,"rot2":15,"rot3":-5,"rot4":-25,"rot5":-15,"rot6":5,"dil1":1.025,"dil2":0.875,"dil3":1.125,"dil4":1.075,"dil5":0.925,"dil6":0.975,"rots":[25,15,-5,-25,-15,5],"dils":[1.025,0.875,1.125,1.075,0.925,0.975],"possible_pos":[0,1,2,3,4,5]},{"id":"train-images","loop_number":1,"shape":"test8","outlier_type":"NA","choice":5,"outlierPosition":5,"success":true,"majorityOfMostRegularShapes":false,"rt":816.9000000059605,"rot1":15,"rot2":-5,"rot3":-15,"rot4":-25,"rot5":25,"rot6":5,"dil1":0.875,"dil2":0.975,"dil3":0.925,"dil4":1.075,"dil5":1.025,"dil6":1.125,"rots":[15,-5,-15,-25,25,5],"dils":[0.875,0.975,0.925,1.075,1.025,1.125],"possible_pos":[0,1,2,3,4,5]},{"id":"train-images","loop_number":1,"shape":"test2","outlier_type":"NA","choice":0,"outlierPosition":0,"success":true,"majorityOfMostRegularShapes":false,"rt":871.8999999761581,"rot1":-5,"rot2":25,"rot3":-15,"rot4":-25,"rot5":15,"rot6":5,"dil1":0.975,"dil2":1.075,"dil3":1.025,"dil4":0.875,"dil5":1.125,"dil6":0.925,"rots":[-5,25,-15,-25,15,5],"dils":[0.975,1.075,1.025,0.875,1.125,0.925],"possible_pos":[0,1,2,3,4,5]},{"id":"train-images","loop_number":1,"shape":"test9","outlier_type":"NA","choice":1,"outlierPosition":1,"success":true,"majorityOfMostRegularShapes":true,"rt":1063.2999999821186,"rot1":-25,"rot2":5,"rot3":-15,"rot4":25,"rot5":15,"rot6":-5,"dil1":0.975,"dil2":1.075,"dil3":1.125,"dil4":0.925,"dil5":1.025,"dil6":0.875,"rots":[-25,5,-15,25,15,-5],"dils":[0.975,1.075,1.125,0.925,1.025,0.875],"possible_pos":[0,1,2,3,4,5]},{"id":"train-images","loop_number":1,"shape":"test4","outlier_type":"NA","choice":0,"outlierPosition":0,"success":true,"majorityOfMostRegularShapes":true,"rt":2123,"rot1":-5,"rot2":-15,"rot3":5,"rot4":15,"rot5":25,"rot6":-25,"dil1":0.925,"dil2":0.875,"dil3":1.025,"dil4":0.975,"dil5":1.125,"dil6":1.075,"rots":[-5,-15,5,15,25,-25],"dils":[0.925,0.875,1.025,0.975,1.125,1.075],"possible_pos":[0,1,2,3,4,5]},{"id":"train-images","loop_number":1,"shape":"test2","outlier_type":"NA","choice":4,"outlierPosition":4,"success":true,"majorityOfMostRegularShapes":true,"rt":789.8999999761581,"rot1":15,"rot2":5,"rot3":-25,"rot4":25,"rot5":-15,"rot6":-5,"dil1":0.975,"dil2":1.025,"dil3":0.875,"dil4":0.925,"dil5":1.075,"dil6":1.125,"rots":[15,5,-25,25,-15,-5],"dils":[0.975,1.025,0.875,0.925,1.075,1.125],"possible_pos":[0,1,2,3,4,5]},{"id":"train-images","loop_number":1,"shape":"test3","outlier_type":"NA","choice":4,"outlierPosition":4,"success":true,"majorityOfMostRegularShapes":true,"rt":1533.5,"rot1":-15,"rot2":25,"rot3":-5,"rot4":5,"rot5":15,"rot6":-25,"dil1":0.975,"dil2":1.025,"dil3":0.925,"dil4":1.125,"dil5":1.075,"dil6":0.875,"rots":[-15,25,-5,5,15,-25],"dils":[0.975,1.025,0.925,1.125,1.075,0.875],"possible_pos":[0,1,2,3,4,5]},{"id":"train-images","loop_number":1,"shape":"test4","outlier_type":"NA","choice":3,"outlierPosition":3,"success":true,"majorityOfMostRegularShapes":false,"rt":2442.9000000059605,"rot1":5,"rot2":25,"rot3":-5,"rot4":-25,"rot5":-15,"rot6":15,"dil1":0.875,"dil2":1.125,"dil3":1.025,"dil4":0.975,"dil5":1.075,"dil6":0.925,"rots":[5,25,-5,-25,-15,15],"dils":[0.875,1.125,1.025,0.975,1.075,0.925],"possible_pos":[0,1,2,3,4,5]}],"trial_type":"oddball-grid-image","trial_index":3,"time_elapsed":456462,"internal_node_id":"0.0-3.0","score":0.7613636363636364,"early_termination":false},{"results":[{"id":"gen2","loop_number":1,"shape":2,"outlier_type":"NA","choice":1,"outlierPosition":1,"success":true,"majorityOfMostRegularShapes":true,"rt":1284.1000000238419,"rot1":25,"rot2":5,"rot3":-15,"rot4":15,"rot5":-5,"rot6":-25,"dil1":1.025,"dil2":0.875,"dil3":1.125,"dil4":0.925,"dil5":1.075,"dil6":0.975,"rots":[25,5,-15,15,-5,-25],"dils":[1.025,0.875,1.125,0.925,1.075,0.975]},{"id":"gen2","loop_number":1,"shape":0,"outlier_type":"NA","choice":1,"outlierPosition":1,"success":true,"majorityOfMostRegularShapes":true,"rt":2162.600000023842,"rot1":5,"rot2":15,"rot3":-25,"rot4":25,"rot5":-15,"rot6":-5,"dil1":0.875,"dil2":1.075,"dil3":1.125,"dil4":1.025,"dil5":0.975,"dil6":0.925,"rots":[5,15,-25,25,-15,-5],"dils":[0.875,1.075,1.125,1.025,0.975,0.925]},{"id":"gen2","loop_number":1,"shape":1,"outlier_type":"NA","choice":5,"outlierPosition":5,"success":true,"majorityOfMostRegularShapes":true,"rt":981.5,"rot1":-15,"rot2":5,"rot3":25,"rot4":15,"rot5":-25,"rot6":-5,"dil1":0.875,"dil2":1.075,"dil3":0.925,"dil4":0.975,"dil5":1.025,"dil6":1.125,"rots":[-15,5,25,15,-25,-5],"dils":[0.875,1.075,0.925,0.975,1.025,1.125]},{"id":"gen2","loop_number":1,"shape":2,"outlier_type":"NA","choice":4,"outlierPosition":4,"success":true,"majorityOfMostRegularShapes":false,"rt":981,"rot1":25,"rot2":5,"rot3":-5,"rot4":-25,"rot5":15,"rot6":-15,"dil1":0.925,"dil2":0.975,"dil3":0.875,"dil4":1.125,"dil5":1.025,"dil6":1.075,"rots":[25,5,-5,-25,15,-15],"dils":[0.925,0.975,0.875,1.125,1.025,1.075]},{"id":"gen2","loop_number":1,"shape":0,"outlier_type":"NA","choice":4,"outlierPosition":4,"success":true,"majorityOfMostRegularShapes":true,"rt":1724.0999999940395,"rot1":-15,"rot2":15,"rot3":25,"rot4":5,"rot5":-25,"rot6":-5,"dil1":0.975,"dil2":0.925,"dil3":1.075,"dil4":1.025,"dil5":0.875,"dil6":1.125,"rots":[-15,15,25,5,-25,-5],"dils":[0.975,0.925,1.075,1.025,0.875,1.125]},{"id":"gen2","loop_number":1,"shape":2,"outlier_type":"NA","choice":5,"outlierPosition":5,"success":true,"majorityOfMostRegularShapes":true,"rt":814.5,"rot1":-15,"rot2":25,"rot3":5,"rot4":15,"rot5":-5,"rot6":-25,"dil1":1.025,"dil2":0.925,"dil3":0.975,"dil4":1.075,"dil5":0.875,"dil6":1.125,"rots":[-15,25,5,15,-5,-25],"dils":[1.025,0.925,0.975,1.075,0.875,1.125]},{"id":"gen2","loop_number":1,"shape":0,"outlier_type":"NA","choice":1,"outlierPosition":1,"success":true,"majorityOfMostRegularShapes":false,"rt":1026.7999999821186,"rot1":-5,"rot2":-25,"rot3":-15,"rot4":25,"rot5":5,"rot6":15,"dil1":0.875,"dil2":1.125,"dil3":0.925,"dil4":1.025,"dil5":0.975,"dil6":1.075,"rots":[-5,-25,-15,25,5,15],"dils":[0.875,1.125,0.925,1.025,0.975,1.075]},{"id":"gen2","loop_number":1,"shape":2,"outlier_type":"NA","choice":0,"outlierPosition":0,"success":true,"majorityOfMostRegularShapes":true,"rt":981.3000000119209,"rot1":15,"rot2":-5,"rot3":-25,"rot4":25,"rot5":5,"rot6":-15,"dil1":1.125,"dil2":0.875,"dil3":1.025,"dil4":0.975,"dil5":1.075,"dil6":0.925,"rots":[15,-5,-25,25,5,-15],"dils":[1.125,0.875,1.025,0.975,1.075,0.925]},{"id":"gen2","loop_number":1,"shape":0,"outlier_type":"NA","choice":1,"outlierPosition":1,"success":true,"majorityOfMostRegularShapes":true,"rt":1812.4000000059605,"rot1":-5,"rot2":25,"rot3":-25,"rot4":-15,"rot5":5,"rot6":15,"dil1":0.975,"dil2":0.875,"dil3":0.925,"dil4":1.025,"dil5":1.125,"dil6":1.075,"rots":[-5,25,-25,-15,5,15],"dils":[0.975,0.875,0.925,1.025,1.125,1.075]},{"id":"gen2","loop_number":1,"shape":1,"outlier_type":"NA","choice":3,"outlierPosition":3,"success":true,"majorityOfMostRegularShapes":false,"rt":799,"rot1":25,"rot2":-25,"rot3":-15,"rot4":15,"rot5":-5,"rot6":5,"dil1":0.875,"dil2":1.075,"dil3":0.925,"dil4":1.125,"dil5":0.975,"dil6":1.025,"rots":[25,-25,-15,15,-5,5],"dils":[0.875,1.075,0.925,1.125,0.975,1.025]},{"id":"gen2","loop_number":1,"shape":2,"outlier_type":"NA","choice":2,"outlierPosition":2,"success":true,"majorityOfMostRegularShapes":false,"rt":1395.699999988079,"rot1":5,"rot2":-5,"rot3":-15,"rot4":-25,"rot5":15,"rot6":25,"dil1":1.125,"dil2":0.875,"dil3":0.975,"dil4":1.075,"dil5":1.025,"dil6":0.925,"rots":[5,-5,-15,-25,15,25],"dils":[1.125,0.875,0.975,1.075,1.025,0.925]},{"id":"gen2","loop_number":1,"shape":1,"outlier_type":"NA","choice":5,"outlierPosition":5,"success":true,"majorityOfMostRegularShapes":true,"rt":1043.800000011921,"rot1":5,"rot2":-5,"rot3":25,"rot4":-15,"rot5":15,"rot6":-25,"dil1":1.125,"dil2":1.025,"dil3":0.975,"dil4":1.075,"dil5":0.925,"dil6":0.875,"rots":[5,-5,25,-15,15,-25],"dils":[1.125,1.025,0.975,1.075,0.925,0.875]},{"id":"gen2","loop_number":1,"shape":0,"outlier_type":"NA","choice":3,"outlierPosition":3,"success":true,"majorityOfMostRegularShapes":false,"rt":1285,"rot1":25,"rot2":-5,"rot3":-25,"rot4":5,"rot5":15,"rot6":-15,"dil1":0.875,"dil2":0.975,"dil3":1.025,"dil4":1.125,"dil5":1.075,"dil6":0.925,"rots":[25,-5,-25,5,15,-15],"dils":[0.875,0.975,1.025,1.125,1.075,0.925]},{"id":"gen2","loop_number":1,"shape":1,"outlier_type":"NA","choice":4,"outlierPosition":4,"success":true,"majorityOfMostRegularShapes":true,"rt":909.0999999940395,"rot1":5,"rot2":15,"rot3":-25,"rot4":-5,"rot5":25,"rot6":-15,"dil1":0.975,"dil2":1.075,"dil3":1.025,"dil4":0.925,"dil5":1.125,"dil6":0.875,"rots":[5,15,-25,-5,25,-15],"dils":[0.975,1.075,1.025,0.925,1.125,0.875]},{"id":"gen2","loop_number":1,"shape":0,"outlier_type":"NA","choice":4,"outlierPosition":4,"success":true,"majorityOfMostRegularShapes":false,"rt":795.5,"rot1":15,"rot2":-25,"rot3":-15,"rot4":5,"rot5":-5,"rot6":25,"dil1":0.925,"dil2":1.075,"dil3":0.975,"dil4":1.025,"dil5":0.875,"dil6":1.125,"rots":[15,-25,-15,5,-5,25],"dils":[0.925,1.075,0.975,1.025,0.875,1.125]},{"id":"gen2","loop_number":1,"shape":1,"outlier_type":"NA","choice":2,"outlierPosition":2,"success":true,"majorityOfMostRegularShapes":false,"rt":1046.699999988079,"rot1":-25,"rot2":5,"rot3":-15,"rot4":-5,"rot5":25,"rot6":15,"dil1":1.125,"dil2":1.075,"dil3":0.975,"dil4":1.025,"dil5":0.875,"dil6":0.925,"rots":[-25,5,-15,-5,25,15],"dils":[1.125,1.075,0.975,1.025,0.875,0.925]},{"id":"gen2","loop_number":1,"shape":2,"outlier_type":"NA","choice":1,"outlierPosition":1,"success":true,"majorityOfMostRegularShapes":false,"rt":1601.7000000178814,"rot1":-5,"rot2":5,"rot3":-15,"rot4":-25,"rot5":25,"rot6":15,"dil1":1.075,"dil2":0.925,"dil3":1.125,"dil4":1.025,"dil5":0.875,"dil6":0.975,"rots":[-5,5,-15,-25,25,15],"dils":[1.075,0.925,1.125,1.025,0.875,0.975]},{"id":"gen2","loop_number":1,"shape":1,"outlier_type":"NA","choice":4,"outlierPosition":4,"success":true,"majorityOfMostRegularShapes":false,"rt":1097.0999999940395,"rot1":-15,"rot2":-5,"rot3":15,"rot4":5,"rot5":25,"rot6":-25,"dil1":1.125,"dil2":0.975,"dil3":0.925,"dil4":1.025,"dil5":0.875,"dil6":1.075,"rots":[-15,-5,15,5,25,-25],"dils":[1.125,0.975,0.925,1.025,0.875,1.075]}],"trial_type":"oddball-grid-easy","trial_index":4,"time_elapsed":504731,"internal_node_id":"0.0-4.0","score":0.7613636363636364,"early_termination":false},{"results":[{"id":"test","shape":"hinge","outlier_type":3,"choice":1,"outlierPosition":2,"success":false,"majorityOfMostRegularShapes":true,"rt":7668,"rot1":-5,"rot2":-25,"rot3":15,"rot4":5,"rot5":25,"rot6":-15,"dil1":0.925,"dil2":1.075,"dil3":1.025,"dil4":0.875,"dil5":1.125,"dil6":0.975,"rots":[-5,-25,15,5,25,-15],"dils":[0.925,1.075,1.025,0.875,1.125,0.975]},{"id":"test","shape":"rustedHinge","outlier_type":1,"choice":5,"outlierPosition":5,"success":true,"majorityOfMostRegularShapes":false,"rt":2947.7000000178814,"rot1":-15,"rot2":-25,"rot3":25,"rot4":15,"rot5":5,"rot6":-5,"dil1":0.875,"dil2":1.025,"dil3":0.975,"dil4":1.125,"dil5":0.925,"dil6":1.075,"rots":[-15,-25,25,15,5,-5],"dils":[0.875,1.025,0.975,1.125,0.925,1.075]},{"id":"test","shape":"hinge","outlier_type":0,"choice":1,"outlierPosition":1,"success":true,"majorityOfMostRegularShapes":false,"rt":4328.5999999940395,"rot1":25,"rot2":-15,"rot3":15,"rot4":-25,"rot5":5,"rot6":-5,"dil1":0.975,"dil2":0.925,"dil3":0.875,"dil4":1.075,"dil5":1.025,"dil6":1.125,"rots":[25,-15,15,-25,5,-5],"dils":[0.975,0.925,0.875,1.075,1.025,1.125]},{"id":"test","shape":"rustedHinge","outlier_type":2,"choice":4,"outlierPosition":1,"success":false,"majorityOfMostRegularShapes":true,"rt":7891.899999976158,"rot1":5,"rot2":25,"rot3":-25,"rot4":-5,"rot5":-15,"rot6":15,"dil1":0.975,"dil2":1.075,"dil3":1.025,"dil4":0.925,"dil5":1.125,"dil6":0.875,"rots":[5,25,-25,-5,-15,15],"dils":[0.975,1.075,1.025,0.925,1.125,0.875]},{"id":"test","shape":"rectangle","outlier_type":0,"choice":4,"outlierPosition":4,"success":true,"majorityOfMostRegularShapes":true,"rt":2471.2000000178814,"rot1":-5,"rot2":-15,"rot3":-25,"rot4":15,"rot5":5,"rot6":25,"dil1":1.075,"dil2":0.875,"dil3":1.125,"dil4":1.025,"dil5":0.925,"dil6":0.975,"rots":[-5,-15,-25,15,5,25],"dils":[1.075,0.875,1.125,1.025,0.925,0.975]},{"id":"test","shape":"rightKite","outlier_type":3,"choice":2,"outlierPosition":2,"success":true,"majorityOfMostRegularShapes":false,"rt":13081.90000000596,"rot1":-15,"rot2":15,"rot3":5,"rot4":25,"rot5":-25,"rot6":-5,"dil1":1.125,"dil2":1.025,"dil3":0.975,"dil4":0.875,"dil5":0.925,"dil6":1.075,"rots":[-15,15,5,25,-25,-5],"dils":[1.125,1.025,0.975,0.875,0.925,1.075]},{"id":"test","shape":"trapezoid","outlier_type":2,"choice":1,"outlierPosition":1,"success":true,"majorityOfMostRegularShapes":true,"rt":10272.300000011921,"rot1":-15,"rot2":25,"rot3":15,"rot4":-25,"rot5":5,"rot6":-5,"dil1":1.025,"dil2":0.875,"dil3":0.925,"dil4":0.975,"dil5":1.075,"dil6":1.125,"rots":[-15,25,15,-25,5,-5],"dils":[1.025,0.875,0.925,0.975,1.075,1.125]},{"id":"test","shape":"hinge","outlier_type":0,"choice":5,"outlierPosition":4,"success":false,"majorityOfMostRegularShapes":true,"rt":9368.90000000596,"rot1":25,"rot2":-5,"rot3":-15,"rot4":15,"rot5":-25,"rot6":5,"dil1":0.975,"dil2":0.875,"dil3":1.125,"dil4":1.075,"dil5":0.925,"dil6":1.025,"rots":[25,-5,-15,15,-25,5],"dils":[0.975,0.875,1.125,1.075,0.925,1.025]},{"id":"test","shape":"random","outlier_type":1,"choice":3,"outlierPosition":1,"success":false,"majorityOfMostRegularShapes":true,"rt":11691.300000011921,"rot1":5,"rot2":15,"rot3":25,"rot4":-25,"rot5":-15,"rot6":-5,"dil1":0.925,"dil2":1.025,"dil3":1.125,"dil4":0.875,"dil5":1.075,"dil6":0.975,"rots":[5,15,25,-25,-15,-5],"dils":[0.925,1.025,1.125,0.875,1.075,0.975]},{"id":"test","shape":"rectangle","outlier_type":0,"choice":4,"outlierPosition":4,"success":true,"majorityOfMostRegularShapes":false,"rt":3996.0999999940395,"rot1":15,"rot2":5,"rot3":-15,"rot4":-25,"rot5":-5,"rot6":25,"dil1":0.925,"dil2":0.975,"dil3":1.075,"dil4":0.875,"dil5":1.025,"dil6":1.125,"rots":[15,5,-15,-25,-5,25],"dils":[0.925,0.975,1.075,0.875,1.025,1.125]},{"id":"test","shape":"kite","outlier_type":2,"choice":3,"outlierPosition":2,"success":false,"majorityOfMostRegularShapes":false,"rt":8669.700000017881,"rot1":25,"rot2":15,"rot3":5,"rot4":-15,"rot5":-5,"rot6":-25,"dil1":1.125,"dil2":0.975,"dil3":0.925,"dil4":1.025,"dil5":1.075,"dil6":0.875,"rots":[25,15,5,-15,-5,-25],"dils":[1.125,0.975,0.925,1.025,1.075,0.875]},{"id":"test","shape":"losange","outlier_type":1,"choice":2,"outlierPosition":2,"success":true,"majorityOfMostRegularShapes":true,"rt":2244.699999988079,"rot1":-15,"rot2":-5,"rot3":5,"rot4":15,"rot5":-25,"rot6":25,"dil1":1.025,"dil2":0.975,"dil3":1.075,"dil4":1.125,"dil5":0.925,"dil6":0.875,"rots":[-15,-5,5,15,-25,25],"dils":[1.025,0.975,1.075,1.125,0.925,0.875]},{"id":"test","shape":"isoTrapezoid","outlier_type":3,"choice":5,"outlierPosition":5,"success":true,"majorityOfMostRegularShapes":true,"rt":3741.5,"rot1":15,"rot2":25,"rot3":-15,"rot4":5,"rot5":-25,"rot6":-5,"dil1":1.025,"dil2":0.875,"dil3":1.075,"dil4":0.975,"dil5":1.125,"dil6":0.925,"rots":[15,25,-15,5,-25,-5],"dils":[1.025,0.875,1.075,0.975,1.125,0.925]},{"id":"test","shape":"rightKite","outlier_type":0,"choice":4,"outlierPosition":1,"success":false,"majorityOfMostRegularShapes":false,"rt":6020.699999988079,"rot1":15,"rot2":-5,"rot3":-15,"rot4":5,"rot5":-25,"rot6":25,"dil1":0.925,"dil2":0.875,"dil3":1.025,"dil4":0.975,"dil5":1.125,"dil6":1.075,"rots":[15,-5,-15,5,-25,25],"dils":[0.925,0.875,1.025,0.975,1.125,1.075]},{"id":"test","shape":"losange","outlier_type":3,"choice":3,"outlierPosition":3,"success":true,"majorityOfMostRegularShapes":false,"rt":9621.40000000596,"rot1":25,"rot2":-25,"rot3":-15,"rot4":15,"rot5":5,"rot6":-5,"dil1":0.925,"dil2":0.875,"dil3":1.025,"dil4":1.075,"dil5":1.125,"dil6":0.975,"rots":[25,-25,-15,15,5,-5],"dils":[0.925,0.875,1.025,1.075,1.125,0.975]},{"id":"test","shape":"square","outlier_type":1,"choice":5,"outlierPosition":5,"success":true,"majorityOfMostRegularShapes":true,"rt":2648.199999988079,"rot1":25,"rot2":5,"rot3":-5,"rot4":15,"rot5":-15,"rot6":-25,"dil1":0.875,"dil2":1.125,"dil3":0.975,"dil4":1.025,"dil5":0.925,"dil6":1.075,"rots":[25,5,-5,15,-15,-25],"dils":[0.875,1.125,0.975,1.025,0.925,1.075]},{"id":"test","shape":"kite","outlier_type":2,"choice":4,"outlierPosition":4,"success":true,"majorityOfMostRegularShapes":true,"rt":3528.5,"rot1":15,"rot2":5,"rot3":-5,"rot4":-25,"rot5":-15,"rot6":25,"dil1":0.975,"dil2":1.025,"dil3":1.125,"dil4":0.875,"dil5":1.075,"dil6":0.925,"rots":[15,5,-5,-25,-15,25],"dils":[0.975,1.025,1.125,0.875,1.075,0.925]},{"id":"test","shape":"rustedHinge","outlier_type":1,"choice":4,"outlierPosition":4,"success":true,"majorityOfMostRegularShapes":true,"rt":4035.800000011921,"rot1":15,"rot2":-5,"rot3":-25,"rot4":-15,"rot5":5,"rot6":25,"dil1":0.975,"dil2":1.125,"dil3":1.075,"dil4":1.025,"dil5":0.925,"dil6":0.875,"rots":[15,-5,-25,-15,5,25],"dils":[0.975,1.125,1.075,1.025,0.925,0.875]},{"id":"test","shape":"hinge","outlier_type":2,"choice":0,"outlierPosition":0,"success":true,"majorityOfMostRegularShapes":false,"rt":7137.800000011921,"rot1":5,"rot2":25,"rot3":-25,"rot4":15,"rot5":-5,"rot6":-15,"dil1":1.125,"dil2":1.025,"dil3":1.075,"dil4":0.875,"dil5":0.975,"dil6":0.925,"rots":[5,25,-25,15,-5,-15],"dils":[1.125,1.025,1.075,0.875,0.975,0.925]},{"id":"test","shape":"rustedHinge","outlier_type":3,"choice":2,"outlierPosition":2,"success":true,"majorityOfMostRegularShapes":true,"rt":7745.4000000059605,"rot1":-15,"rot2":25,"rot3":5,"rot4":-25,"rot5":15,"rot6":-5,"dil1":1.075,"dil2":0.925,"dil3":1.025,"dil4":0.875,"dil5":0.975,"dil6":1.125,"rots":[-15,25,5,-25,15,-5],"dils":[1.075,0.925,1.025,0.875,0.975,1.125]},{"id":"test","shape":"rectangle","outlier_type":2,"choice":1,"outlierPosition":1,"success":true,"majorityOfMostRegularShapes":false,"rt":1754,"rot1":-25,"rot2":-5,"rot3":25,"rot4":15,"rot5":-15,"rot6":5,"dil1":1.075,"dil2":1.025,"dil3":1.125,"dil4":0.975,"dil5":0.925,"dil6":0.875,"rots":[-25,-5,25,15,-15,5],"dils":[1.075,1.025,1.125,0.975,0.925,0.875]},{"id":"test","shape":"random","outlier_type":0,"choice":4,"outlierPosition":4,"success":true,"majorityOfMostRegularShapes":true,"rt":8421.40000000596,"rot1":-25,"rot2":15,"rot3":5,"rot4":25,"rot5":-5,"rot6":-15,"dil1":0.925,"dil2":0.975,"dil3":1.125,"dil4":1.075,"dil5":0.875,"dil6":1.025,"rots":[-25,15,5,25,-5,-15],"dils":[0.925,0.975,1.125,1.075,0.875,1.025]},{"id":"test","shape":"rightKite","outlier_type":2,"choice":1,"outlierPosition":1,"success":true,"majorityOfMostRegularShapes":false,"rt":16812.5,"rot1":5,"rot2":-25,"rot3":-5,"rot4":-15,"rot5":15,"rot6":25,"dil1":0.875,"dil2":0.975,"dil3":1.075,"dil4":0.925,"dil5":1.125,"dil6":1.025,"rots":[5,-25,-5,-15,15,25],"dils":[0.875,0.975,1.075,0.925,1.125,1.025]},{"id":"test","shape":"rectangle","outlier_type":3,"choice":3,"outlierPosition":3,"success":true,"majorityOfMostRegularShapes":true,"rt":1368.4000000059605,"rot1":5,"rot2":25,"rot3":-5,"rot4":-15,"rot5":-25,"rot6":15,"dil1":1.025,"dil2":1.075,"dil3":0.875,"dil4":1.125,"dil5":0.975,"dil6":0.925,"rots":[5,25,-5,-15,-25,15],"dils":[1.025,1.075,0.875,1.125,0.975,0.925]},{"id":"test","shape":"hinge","outlier_type":1,"choice":3,"outlierPosition":5,"success":false,"majorityOfMostRegularShapes":true,"rt":19642.59999999404,"rot1":25,"rot2":15,"rot3":-25,"rot4":5,"rot5":-15,"rot6":-5,"dil1":0.875,"dil2":1.125,"dil3":1.025,"dil4":1.075,"dil5":0.925,"dil6":0.975,"rots":[25,15,-25,5,-15,-5],"dils":[0.875,1.125,1.025,1.075,0.925,0.975]},{"id":"test","shape":"kite","outlier_type":3,"choice":3,"outlierPosition":3,"success":true,"majorityOfMostRegularShapes":true,"rt":4718.5999999940395,"rot1":25,"rot2":15,"rot3":-15,"rot4":5,"rot5":-25,"rot6":-5,"dil1":1.025,"dil2":1.075,"dil3":0.975,"dil4":0.925,"dil5":1.125,"dil6":0.875,"rots":[25,15,-15,5,-25,-5],"dils":[1.025,1.075,0.975,0.925,1.125,0.875]},{"id":"test","shape":"rectangle","outlier_type":2,"choice":2,"outlierPosition":2,"success":true,"majorityOfMostRegularShapes":true,"rt":2843.5,"rot1":25,"rot2":-25,"rot3":-5,"rot4":15,"rot5":5,"rot6":-15,"dil1":1.125,"dil2":1.075,"dil3":0.925,"dil4":0.875,"dil5":0.975,"dil6":1.025,"rots":[25,-25,-5,15,5,-15],"dils":[1.125,1.075,0.925,0.875,0.975,1.025]},{"id":"test","shape":"square","outlier_type":1,"choice":0,"outlierPosition":0,"success":true,"majorityOfMostRegularShapes":false,"rt":2798.0999999940395,"rot1":15,"rot2":-25,"rot3":5,"rot4":-5,"rot5":-15,"rot6":25,"dil1":1.025,"dil2":0.875,"dil3":0.975,"dil4":0.925,"dil5":1.125,"dil6":1.075,"rots":[15,-25,5,-5,-15,25],"dils":[1.025,0.875,0.975,0.925,1.125,1.075]},{"id":"test","shape":"trapezoid","outlier_type":2,"choice":3,"outlierPosition":3,"success":true,"majorityOfMostRegularShapes":false,"rt":8231,"rot1":-25,"rot2":5,"rot3":-15,"rot4":-5,"rot5":25,"rot6":15,"dil1":0.975,"dil2":0.925,"dil3":1.025,"dil4":0.875,"dil5":1.075,"dil6":1.125,"rots":[-25,5,-15,-5,25,15],"dils":[0.975,0.925,1.025,0.875,1.075,1.125]},{"id":"test","shape":"kite","outlier_type":1,"choice":1,"outlierPosition":1,"success":true,"majorityOfMostRegularShapes":false,"rt":9187.09999999404,"rot1":15,"rot2":-25,"rot3":25,"rot4":-15,"rot5":-5,"rot6":5,"dil1":0.875,"dil2":1.075,"dil3":1.125,"dil4":1.025,"dil5":0.925,"dil6":0.975,"rots":[15,-25,25,-15,-5,5],"dils":[0.875,1.075,1.125,1.025,0.925,0.975]},{"id":"test","shape":"square","outlier_type":3,"choice":4,"outlierPosition":1,"success":false,"majorityOfMostRegularShapes":true,"rt":1282,"rot1":25,"rot2":-15,"rot3":-5,"rot4":5,"rot5":15,"rot6":-25,"dil1":1.025,"dil2":0.875,"dil3":1.125,"dil4":0.975,"dil5":1.075,"dil6":0.925,"rots":[25,-15,-5,5,15,-25],"dils":[1.025,0.875,1.125,0.975,1.075,0.925]},{"id":"test","shape":"losange","outlier_type":2,"choice":4,"outlierPosition":4,"success":true,"majorityOfMostRegularShapes":false,"rt":2214.9000000059605,"rot1":-15,"rot2":-25,"rot3":15,"rot4":5,"rot5":25,"rot6":-5,"dil1":0.975,"dil2":1.025,"dil3":1.075,"dil4":0.875,"dil5":1.125,"dil6":0.925,"rots":[-15,-25,15,5,25,-5],"dils":[0.975,1.025,1.075,0.875,1.125,0.925]},{"id":"test","shape":"rustedHinge","outlier_type":0,"choice":5,"outlierPosition":5,"success":true,"majorityOfMostRegularShapes":true,"rt":5013.9000000059605,"rot1":15,"rot2":5,"rot3":-5,"rot4":25,"rot5":-25,"rot6":-15,"dil1":1.075,"dil2":1.125,"dil3":0.975,"dil4":1.025,"dil5":0.875,"dil6":0.925,"rots":[15,5,-5,25,-25,-15],"dils":[1.075,1.125,0.975,1.025,0.875,0.925]},{"id":"test","shape":"losange","outlier_type":3,"choice":2,"outlierPosition":2,"success":true,"majorityOfMostRegularShapes":true,"rt":2108.4000000059605,"rot1":25,"rot2":-5,"rot3":15,"rot4":5,"rot5":-25,"rot6":-15,"dil1":0.925,"dil2":1.125,"dil3":1.075,"dil4":0.975,"dil5":0.875,"dil6":1.025,"rots":[25,-5,15,5,-25,-15],"dils":[0.925,1.125,1.075,0.975,0.875,1.025]},{"id":"test","shape":"rightKite","outlier_type":0,"choice":2,"outlierPosition":2,"success":true,"majorityOfMostRegularShapes":true,"rt":7845.600000023842,"rot1":-5,"rot2":15,"rot3":5,"rot4":25,"rot5":-25,"rot6":-15,"dil1":1.075,"dil2":0.925,"dil3":0.975,"dil4":1.025,"dil5":1.125,"dil6":0.875,"rots":[-5,15,5,25,-25,-15],"dils":[1.075,0.925,0.975,1.025,1.125,0.875]},{"id":"test","shape":"isoTrapezoid","outlier_type":0,"choice":4,"outlierPosition":4,"success":true,"majorityOfMostRegularShapes":true,"rt":3463.0999999940395,"rot1":5,"rot2":-15,"rot3":25,"rot4":-5,"rot5":15,"rot6":-25,"dil1":0.875,"dil2":0.925,"dil3":1.025,"dil4":0.975,"dil5":1.125,"dil6":1.075,"rots":[5,-15,25,-5,15,-25],"dils":[0.875,0.925,1.025,0.975,1.125,1.075]},{"id":"test","shape":"isoTrapezoid","outlier_type":1,"choice":5,"outlierPosition":5,"success":true,"majorityOfMostRegularShapes":false,"rt":3990.5999999940395,"rot1":5,"rot2":-25,"rot3":25,"rot4":-5,"rot5":-15,"rot6":15,"dil1":1.125,"dil2":0.975,"dil3":0.875,"dil4":0.925,"dil5":1.025,"dil6":1.075,"rots":[5,-25,25,-5,-15,15],"dils":[1.125,0.975,0.875,0.925,1.025,1.075]},{"id":"test","shape":"parallelogram","outlier_type":0,"choice":5,"outlierPosition":5,"success":true,"majorityOfMostRegularShapes":true,"rt":4618.4000000059605,"rot1":25,"rot2":-5,"rot3":5,"rot4":-15,"rot5":-25,"rot6":15,"dil1":0.925,"dil2":0.875,"dil3":1.075,"dil4":0.975,"dil5":1.025,"dil6":1.125,"rots":[25,-5,5,-15,-25,15],"dils":[0.925,0.875,1.075,0.975,1.025,1.125]},{"id":"test","shape":"rightKite","outlier_type":3,"choice":0,"outlierPosition":0,"success":true,"majorityOfMostRegularShapes":true,"rt":4280,"rot1":5,"rot2":25,"rot3":-15,"rot4":-5,"rot5":15,"rot6":-25,"dil1":0.975,"dil2":1.025,"dil3":0.875,"dil4":1.075,"dil5":0.925,"dil6":1.125,"rots":[5,25,-15,-5,15,-25],"dils":[0.975,1.025,0.875,1.075,0.925,1.125]},{"id":"test","shape":"random","outlier_type":1,"choice":4,"outlierPosition":4,"success":true,"majorityOfMostRegularShapes":false,"rt":5084.799999982119,"rot1":25,"rot2":5,"rot3":-5,"rot4":-15,"rot5":-25,"rot6":15,"dil1":0.875,"dil2":0.925,"dil3":0.975,"dil4":1.075,"dil5":1.125,"dil6":1.025,"rots":[25,5,-5,-15,-25,15],"dils":[0.875,0.925,0.975,1.075,1.125,1.025]},{"id":"test","shape":"trapezoid","outlier_type":3,"choice":4,"outlierPosition":3,"success":false,"majorityOfMostRegularShapes":true,"rt":5960.299999982119,"rot1":25,"rot2":15,"rot3":-15,"rot4":-5,"rot5":-25,"rot6":5,"dil1":1.125,"dil2":1.075,"dil3":0.975,"dil4":0.925,"dil5":0.875,"dil6":1.025,"rots":[25,15,-15,-5,-25,5],"dils":[1.125,1.075,0.975,0.925,0.875,1.025]},{"id":"test","shape":"rightKite","outlier_type":1,"choice":3,"outlierPosition":2,"success":false,"majorityOfMostRegularShapes":false,"rt":10010.100000023842,"rot1":-15,"rot2":-5,"rot3":25,"rot4":5,"rot5":-25,"rot6":15,"dil1":0.875,"dil2":1.025,"dil3":0.925,"dil4":1.075,"dil5":0.975,"dil6":1.125,"rots":[-15,-5,25,5,-25,15],"dils":[0.875,1.025,0.925,1.075,0.975,1.125]},{"id":"test","shape":"random","outlier_type":0,"choice":4,"outlierPosition":3,"success":false,"majorityOfMostRegularShapes":false,"rt":21381.70000001788,"rot1":-5,"rot2":15,"rot3":5,"rot4":-15,"rot5":25,"rot6":-25,"dil1":0.975,"dil2":0.875,"dil3":1.125,"dil4":0.925,"dil5":1.075,"dil6":1.025,"rots":[-5,15,5,-15,25,-25],"dils":[0.975,0.875,1.125,0.925,1.075,1.025]},{"id":"test","shape":"kite","outlier_type":3,"choice":5,"outlierPosition":5,"success":true,"majorityOfMostRegularShapes":false,"rt":12360.699999988079,"rot1":-5,"rot2":-25,"rot3":5,"rot4":15,"rot5":25,"rot6":-15,"dil1":0.975,"dil2":0.875,"dil3":1.075,"dil4":1.025,"dil5":1.125,"dil6":0.925,"rots":[-5,-25,5,15,25,-15],"dils":[0.975,0.875,1.075,1.025,1.125,0.925]},{"id":"test","shape":"trapezoid","outlier_type":1,"choice":3,"outlierPosition":3,"success":true,"majorityOfMostRegularShapes":true,"rt":6441.399999976158,"rot1":-15,"rot2":-5,"rot3":25,"rot4":-25,"rot5":15,"rot6":5,"dil1":1.025,"dil2":1.125,"dil3":1.075,"dil4":0.875,"dil5":0.975,"dil6":0.925,"rots":[-15,-5,25,-25,15,5],"dils":[1.025,1.125,1.075,0.875,0.975,0.925]},{"id":"test","shape":"isoTrapezoid","outlier_type":2,"choice":3,"outlierPosition":3,"success":true,"majorityOfMostRegularShapes":true,"rt":1958.6000000238419,"rot1":-25,"rot2":5,"rot3":15,"rot4":-15,"rot5":-5,"rot6":25,"dil1":1.125,"dil2":0.875,"dil3":0.925,"dil4":0.975,"dil5":1.075,"dil6":1.025,"rots":[-25,5,15,-15,-5,25],"dils":[1.125,0.875,0.925,0.975,1.075,1.025]},{"id":"test","shape":"random","outlier_type":3,"choice":2,"outlierPosition":5,"success":false,"majorityOfMostRegularShapes":false,"rt":14248.200000017881,"rot1":-5,"rot2":-25,"rot3":-15,"rot4":25,"rot5":15,"rot6":5,"dil1":1.025,"dil2":1.075,"dil3":1.125,"dil4":0.875,"dil5":0.975,"dil6":0.925,"rots":[-5,-25,-15,25,15,5],"dils":[1.025,1.075,1.125,0.875,0.975,0.925]},{"id":"test","shape":"rightKite","outlier_type":2,"choice":3,"outlierPosition":5,"success":false,"majorityOfMostRegularShapes":true,"rt":5843.800000011921,"rot1":-25,"rot2":-5,"rot3":-15,"rot4":25,"rot5":5,"rot6":15,"dil1":1.075,"dil2":0.925,"dil3":0.875,"dil4":1.125,"dil5":0.975,"dil6":1.025,"rots":[-25,-5,-15,25,5,15],"dils":[1.075,0.925,0.875,1.125,0.975,1.025]},{"id":"test","shape":"square","outlier_type":3,"choice":1,"outlierPosition":1,"success":true,"majorityOfMostRegularShapes":false,"rt":1845.4000000059605,"rot1":25,"rot2":-5,"rot3":5,"rot4":-25,"rot5":15,"rot6":-15,"dil1":0.925,"dil2":1.125,"dil3":1.075,"dil4":0.875,"dil5":0.975,"dil6":1.025,"rots":[25,-5,5,-25,15,-15],"dils":[0.925,1.125,1.075,0.875,0.975,1.025]},{"id":"test","shape":"parallelogram","outlier_type":1,"choice":1,"outlierPosition":1,"success":true,"majorityOfMostRegularShapes":false,"rt":3383.899999976158,"rot1":5,"rot2":25,"rot3":15,"rot4":-15,"rot5":-5,"rot6":-25,"dil1":1.025,"dil2":0.925,"dil3":1.125,"dil4":0.975,"dil5":1.075,"dil6":0.875,"rots":[5,25,15,-15,-5,-25],"dils":[1.025,0.925,1.125,0.975,1.075,0.875]},{"id":"test","shape":"isoTrapezoid","outlier_type":0,"choice":3,"outlierPosition":3,"success":true,"majorityOfMostRegularShapes":false,"rt":4092,"rot1":-25,"rot2":5,"rot3":-5,"rot4":15,"rot5":-15,"rot6":25,"dil1":0.875,"dil2":1.125,"dil3":0.925,"dil4":1.075,"dil5":0.975,"dil6":1.025,"rots":[-25,5,-5,15,-15,25],"dils":[0.875,1.125,0.925,1.075,0.975,1.025]},{"id":"test","shape":"losange","outlier_type":1,"choice":2,"outlierPosition":2,"success":true,"majorityOfMostRegularShapes":false,"rt":1447.5999999940395,"rot1":25,"rot2":15,"rot3":5,"rot4":-5,"rot5":-25,"rot6":-15,"dil1":1.125,"dil2":0.925,"dil3":1.025,"dil4":0.875,"dil5":0.975,"dil6":1.075,"rots":[25,15,5,-5,-25,-15],"dils":[1.125,0.925,1.025,0.875,0.975,1.075]},{"id":"test","shape":"rustedHinge","outlier_type":0,"choice":3,"outlierPosition":3,"success":true,"majorityOfMostRegularShapes":false,"rt":2467.2000000178814,"rot1":15,"rot2":25,"rot3":-5,"rot4":5,"rot5":-15,"rot6":-25,"dil1":1.125,"dil2":0.975,"dil3":0.925,"dil4":0.875,"dil5":1.075,"dil6":1.025,"rots":[15,25,-5,5,-15,-25],"dils":[1.125,0.975,0.925,0.875,1.075,1.025]},{"id":"test","shape":"random","outlier_type":2,"choice":2,"outlierPosition":2,"success":true,"majorityOfMostRegularShapes":false,"rt":9649.5,"rot1":15,"rot2":25,"rot3":-15,"rot4":-5,"rot5":5,"rot6":-25,"dil1":0.925,"dil2":1.125,"dil3":1.075,"dil4":0.975,"dil5":1.025,"dil6":0.875,"rots":[15,25,-15,-5,5,-25],"dils":[0.925,1.125,1.075,0.975,1.025,0.875]},{"id":"test","shape":"rectangle","outlier_type":3,"choice":3,"outlierPosition":3,"success":true,"majorityOfMostRegularShapes":false,"rt":2105.0999999940395,"rot1":5,"rot2":-25,"rot3":-5,"rot4":25,"rot5":-15,"rot6":15,"dil1":1.075,"dil2":1.125,"dil3":0.925,"dil4":0.875,"dil5":0.975,"dil6":1.025,"rots":[5,-25,-5,25,-15,15],"dils":[1.075,1.125,0.925,0.875,0.975,1.025]},{"id":"test","shape":"hinge","outlier_type":2,"choice":4,"outlierPosition":4,"success":true,"majorityOfMostRegularShapes":true,"rt":32444.600000023842,"rot1":-25,"rot2":-15,"rot3":25,"rot4":15,"rot5":-5,"rot6":5,"dil1":1.125,"dil2":0.875,"dil3":0.975,"dil4":1.075,"dil5":0.925,"dil6":1.025,"rots":[-25,-15,25,15,-5,5],"dils":[1.125,0.875,0.975,1.075,0.925,1.025]},{"id":"test","shape":"rightKite","outlier_type":1,"choice":3,"outlierPosition":3,"success":true,"majorityOfMostRegularShapes":true,"rt":10367.699999988079,"rot1":-25,"rot2":15,"rot3":-15,"rot4":25,"rot5":5,"rot6":-5,"dil1":0.875,"dil2":0.975,"dil3":1.025,"dil4":0.925,"dil5":1.125,"dil6":1.075,"rots":[-25,15,-15,25,5,-5],"dils":[0.875,0.975,1.025,0.925,1.125,1.075]},{"id":"test","shape":"isoTrapezoid","outlier_type":3,"choice":3,"outlierPosition":3,"success":true,"majorityOfMostRegularShapes":false,"rt":4961.300000011921,"rot1":-5,"rot2":-25,"rot3":15,"rot4":5,"rot5":-15,"rot6":25,"dil1":0.925,"dil2":0.875,"dil3":1.075,"dil4":0.975,"dil5":1.125,"dil6":1.025,"rots":[-5,-25,15,5,-15,25],"dils":[0.925,0.875,1.075,0.975,1.125,1.025]},{"id":"test","shape":"trapezoid","outlier_type":0,"choice":3,"outlierPosition":1,"success":false,"majorityOfMostRegularShapes":false,"rt":19308.5,"rot1":-5,"rot2":-15,"rot3":-25,"rot4":5,"rot5":25,"rot6":15,"dil1":1.025,"dil2":1.075,"dil3":0.975,"dil4":0.925,"dil5":1.125,"dil6":0.875,"rots":[-5,-15,-25,5,25,15],"dils":[1.025,1.075,0.975,0.925,1.125,0.875]},{"id":"test","shape":"hinge","outlier_type":3,"choice":4,"outlierPosition":4,"success":true,"majorityOfMostRegularShapes":false,"rt":7253.4000000059605,"rot1":25,"rot2":-5,"rot3":5,"rot4":-25,"rot5":-15,"rot6":15,"dil1":0.975,"dil2":0.875,"dil3":1.075,"dil4":1.025,"dil5":1.125,"dil6":0.925,"rots":[25,-5,5,-25,-15,15],"dils":[0.975,0.875,1.075,1.025,1.125,0.925]},{"id":"test","shape":"square","outlier_type":2,"choice":0,"outlierPosition":0,"success":true,"majorityOfMostRegularShapes":false,"rt":1367.5,"rot1":15,"rot2":-25,"rot3":5,"rot4":-15,"rot5":-5,"rot6":25,"dil1":1.075,"dil2":0.875,"dil3":0.975,"dil4":1.025,"dil5":0.925,"dil6":1.125,"rots":[15,-25,5,-15,-5,25],"dils":[1.075,0.875,0.975,1.025,0.925,1.125]},{"id":"test","shape":"kite","outlier_type":0,"choice":5,"outlierPosition":2,"success":false,"majorityOfMostRegularShapes":true,"rt":6217.0999999940395,"rot1":25,"rot2":5,"rot3":15,"rot4":-15,"rot5":-5,"rot6":-25,"dil1":1.125,"dil2":1.075,"dil3":0.975,"dil4":0.925,"dil5":1.025,"dil6":0.875,"rots":[25,5,15,-15,-5,-25],"dils":[1.125,1.075,0.975,0.925,1.025,0.875]},{"id":"test","shape":"parallelogram","outlier_type":2,"choice":0,"outlierPosition":3,"success":false,"majorityOfMostRegularShapes":true,"rt":1767.0999999940395,"rot1":-5,"rot2":25,"rot3":-25,"rot4":15,"rot5":5,"rot6":-15,"dil1":0.975,"dil2":0.925,"dil3":1.025,"dil4":0.875,"dil5":1.125,"dil6":1.075,"rots":[-5,25,-25,15,5,-15],"dils":[0.975,0.925,1.025,0.875,1.125,1.075]},{"id":"test","shape":"kite","outlier_type":0,"choice":2,"outlierPosition":2,"success":true,"majorityOfMostRegularShapes":false,"rt":11628.5,"rot1":-25,"rot2":5,"rot3":25,"rot4":-5,"rot5":15,"rot6":-15,"dil1":1.075,"dil2":0.975,"dil3":1.025,"dil4":0.925,"dil5":1.125,"dil6":0.875,"rots":[-25,5,25,-5,15,-15],"dils":[1.075,0.975,1.025,0.925,1.125,0.875]},{"id":"test","shape":"parallelogram","outlier_type":1,"choice":5,"outlierPosition":5,"success":true,"majorityOfMostRegularShapes":true,"rt":2421.9000000059605,"rot1":-25,"rot2":25,"rot3":-15,"rot4":5,"rot5":15,"rot6":-5,"dil1":0.925,"dil2":0.975,"dil3":1.025,"dil4":1.075,"dil5":0.875,"dil6":1.125,"rots":[-25,25,-15,5,15,-5],"dils":[0.925,0.975,1.025,1.075,0.875,1.125]},{"id":"test","shape":"square","outlier_type":0,"choice":3,"outlierPosition":3,"success":true,"majorityOfMostRegularShapes":false,"rt":2820.2000000178814,"rot1":15,"rot2":-25,"rot3":25,"rot4":-5,"rot5":5,"rot6":-15,"dil1":0.925,"dil2":1.125,"dil3":1.075,"dil4":0.975,"dil5":0.875,"dil6":1.025,"rots":[15,-25,25,-5,5,-15],"dils":[0.925,1.125,1.075,0.975,0.875,1.025]},{"id":"test","shape":"trapezoid","outlier_type":1,"choice":1,"outlierPosition":1,"success":true,"majorityOfMostRegularShapes":false,"rt":5245.399999976158,"rot1":-15,"rot2":-25,"rot3":15,"rot4":-5,"rot5":25,"rot6":5,"dil1":0.925,"dil2":1.075,"dil3":1.025,"dil4":0.875,"dil5":1.125,"dil6":0.975,"rots":[-15,-25,15,-5,25,5],"dils":[0.925,1.075,1.025,0.875,1.125,0.975]},{"id":"test","shape":"random","outlier_type":3,"choice":0,"outlierPosition":2,"success":false,"majorityOfMostRegularShapes":true,"rt":11181.699999988079,"rot1":25,"rot2":5,"rot3":-5,"rot4":-15,"rot5":-25,"rot6":15,"dil1":0.975,"dil2":1.075,"dil3":0.875,"dil4":1.025,"dil5":1.125,"dil6":0.925,"rots":[25,5,-5,-15,-25,15],"dils":[0.975,1.075,0.875,1.025,1.125,0.925]},{"id":"test","shape":"losange","outlier_type":0,"choice":4,"outlierPosition":4,"success":true,"majorityOfMostRegularShapes":true,"rt":10495.59999999404,"rot1":-5,"rot2":-25,"rot3":-15,"rot4":25,"rot5":15,"rot6":5,"dil1":1.025,"dil2":0.875,"dil3":0.925,"dil4":0.975,"dil5":1.125,"dil6":1.075,"rots":[-5,-25,-15,25,15,5],"dils":[1.025,0.875,0.925,0.975,1.125,1.075]},{"id":"test","shape":"isoTrapezoid","outlier_type":1,"choice":4,"outlierPosition":4,"success":true,"majorityOfMostRegularShapes":true,"rt":3362.4000000059605,"rot1":5,"rot2":-25,"rot3":15,"rot4":25,"rot5":-5,"rot6":-15,"dil1":0.925,"dil2":1.025,"dil3":1.125,"dil4":0.875,"dil5":1.075,"dil6":0.975,"rots":[5,-25,15,25,-5,-15],"dils":[0.925,1.025,1.125,0.875,1.075,0.975]},{"id":"test","shape":"rustedHinge","outlier_type":3,"choice":5,"outlierPosition":5,"success":true,"majorityOfMostRegularShapes":false,"rt":3851.5999999940395,"rot1":-25,"rot2":25,"rot3":-15,"rot4":15,"rot5":5,"rot6":-5,"dil1":0.925,"dil2":1.025,"dil3":1.125,"dil4":1.075,"dil5":0.875,"dil6":0.975,"rots":[-25,25,-15,15,5,-5],"dils":[0.925,1.025,1.125,1.075,0.875,0.975]},{"id":"test","shape":"random","outlier_type":2,"choice":2,"outlierPosition":2,"success":true,"majorityOfMostRegularShapes":true,"rt":3463.5,"rot1":-5,"rot2":-25,"rot3":15,"rot4":-15,"rot5":25,"rot6":5,"dil1":0.875,"dil2":0.975,"dil3":1.075,"dil4":1.125,"dil5":0.925,"dil6":1.025,"rots":[-5,-25,15,-15,25,5],"dils":[0.875,0.975,1.075,1.125,0.925,1.025]},{"id":"test","shape":"rectangle","outlier_type":1,"choice":1,"outlierPosition":1,"success":true,"majorityOfMostRegularShapes":true,"rt":2360,"rot1":-25,"rot2":-5,"rot3":5,"rot4":15,"rot5":25,"rot6":-15,"dil1":1.075,"dil2":0.925,"dil3":1.025,"dil4":1.125,"dil5":0.875,"dil6":0.975,"rots":[-25,-5,5,15,25,-15],"dils":[1.075,0.925,1.025,1.125,0.875,0.975]},{"id":"test","shape":"rustedHinge","outlier_type":2,"choice":1,"outlierPosition":1,"success":true,"majorityOfMostRegularShapes":false,"rt":4124.4000000059605,"rot1":-25,"rot2":-15,"rot3":15,"rot4":-5,"rot5":5,"rot6":25,"dil1":0.875,"dil2":1.125,"dil3":0.925,"dil4":0.975,"dil5":1.025,"dil6":1.075,"rots":[-25,-15,15,-5,5,25],"dils":[0.875,1.125,0.925,0.975,1.025,1.075]},{"id":"test","shape":"losange","outlier_type":0,"choice":4,"outlierPosition":5,"success":false,"majorityOfMostRegularShapes":false,"rt":3151.2999999821186,"rot1":15,"rot2":-5,"rot3":5,"rot4":25,"rot5":-25,"rot6":-15,"dil1":0.975,"dil2":0.925,"dil3":1.025,"dil4":1.125,"dil5":1.075,"dil6":0.875,"rots":[15,-5,5,25,-25,-15],"dils":[0.975,0.925,1.025,1.125,1.075,0.875]},{"id":"test","shape":"square","outlier_type":2,"choice":2,"outlierPosition":2,"success":true,"majorityOfMostRegularShapes":true,"rt":1434.5999999940395,"rot1":-15,"rot2":-5,"rot3":25,"rot4":15,"rot5":5,"rot6":-25,"dil1":0.925,"dil2":0.975,"dil3":1.125,"dil4":1.075,"dil5":1.025,"dil6":0.875,"rots":[-15,-5,25,15,5,-25],"dils":[0.925,0.975,1.125,1.075,1.025,0.875]},{"id":"test","shape":"kite","outlier_type":1,"choice":4,"outlierPosition":4,"success":true,"majorityOfMostRegularShapes":true,"rt":5805.9000000059605,"rot1":15,"rot2":25,"rot3":-15,"rot4":-5,"rot5":5,"rot6":-25,"dil1":0.925,"dil2":0.875,"dil3":1.025,"dil4":1.075,"dil5":0.975,"dil6":1.125,"rots":[15,25,-15,-5,5,-25],"dils":[0.925,0.875,1.025,1.075,0.975,1.125]},{"id":"test","shape":"parallelogram","outlier_type":0,"choice":1,"outlierPosition":2,"success":false,"majorityOfMostRegularShapes":false,"rt":12690.59999999404,"rot1":15,"rot2":-15,"rot3":-25,"rot4":-5,"rot5":25,"rot6":5,"dil1":1.075,"dil2":1.125,"dil3":0.925,"dil4":0.975,"dil5":0.875,"dil6":1.025,"rots":[15,-15,-25,-5,25,5],"dils":[1.075,1.125,0.925,0.975,0.875,1.025]},{"id":"test","shape":"isoTrapezoid","outlier_type":2,"choice":0,"outlierPosition":0,"success":true,"majorityOfMostRegularShapes":false,"rt":4048.300000011921,"rot1":-5,"rot2":-25,"rot3":-15,"rot4":15,"rot5":5,"rot6":25,"dil1":0.975,"dil2":1.125,"dil3":1.025,"dil4":1.075,"dil5":0.875,"dil6":0.925,"rots":[-5,-25,-15,15,5,25],"dils":[0.975,1.125,1.025,1.075,0.875,0.925]},{"id":"test","shape":"trapezoid","outlier_type":0,"choice":3,"outlierPosition":5,"success":false,"majorityOfMostRegularShapes":true,"rt":20471,"rot1":-25,"rot2":15,"rot3":-5,"rot4":25,"rot5":-15,"rot6":5,"dil1":1.075,"dil2":1.125,"dil3":0.875,"dil4":0.975,"dil5":0.925,"dil6":1.025,"rots":[-25,15,-5,25,-15,5],"dils":[1.075,1.125,0.875,0.975,0.925,1.025]},{"id":"test","shape":"parallelogram","outlier_type":2,"choice":3,"outlierPosition":3,"success":true,"majorityOfMostRegularShapes":false,"rt":4863.0999999940395,"rot1":-15,"rot2":25,"rot3":5,"rot4":-25,"rot5":15,"rot6":-5,"dil1":0.925,"dil2":1.025,"dil3":1.075,"dil4":0.975,"dil5":1.125,"dil6":0.875,"rots":[-15,25,5,-25,15,-5],"dils":[0.925,1.025,1.075,0.975,1.125,0.875]},{"id":"test","shape":"parallelogram","outlier_type":3,"choice":0,"outlierPosition":0,"success":true,"majorityOfMostRegularShapes":false,"rt":2371.5,"rot1":-5,"rot2":5,"rot3":-15,"rot4":25,"rot5":15,"rot6":-25,"dil1":0.875,"dil2":1.125,"dil3":1.025,"dil4":0.925,"dil5":1.075,"dil6":0.975,"rots":[-5,5,-15,25,15,-25],"dils":[0.875,1.125,1.025,0.925,1.075,0.975]},{"id":"test","shape":"rectangle","outlier_type":1,"choice":4,"outlierPosition":4,"success":true,"majorityOfMostRegularShapes":false,"rt":2834.5,"rot1":25,"rot2":5,"rot3":15,"rot4":-5,"rot5":-15,"rot6":-25,"dil1":0.875,"dil2":1.025,"dil3":1.075,"dil4":1.125,"dil5":0.925,"dil6":0.975,"rots":[25,5,15,-5,-15,-25],"dils":[0.875,1.025,1.075,1.125,0.925,0.975]},{"id":"test","shape":"losange","outlier_type":2,"choice":0,"outlierPosition":2,"success":false,"majorityOfMostRegularShapes":true,"rt":1923.6000000238419,"rot1":-25,"rot2":5,"rot3":15,"rot4":-15,"rot5":25,"rot6":-5,"dil1":1.025,"dil2":0.925,"dil3":0.875,"dil4":0.975,"dil5":1.125,"dil6":1.075,"rots":[-25,5,15,-15,25,-5],"dils":[1.025,0.925,0.875,0.975,1.125,1.075]},{"id":"test","shape":"trapezoid","outlier_type":3,"choice":4,"outlierPosition":4,"success":true,"majorityOfMostRegularShapes":false,"rt":8449.90000000596,"rot1":5,"rot2":15,"rot3":-15,"rot4":-5,"rot5":-25,"rot6":25,"dil1":0.975,"dil2":1.075,"dil3":0.925,"dil4":1.025,"dil5":0.875,"dil6":1.125,"rots":[5,15,-15,-5,-25,25],"dils":[0.975,1.075,0.925,1.025,0.875,1.125]},{"id":"test","shape":"square","outlier_type":0,"choice":2,"outlierPosition":2,"success":true,"majorityOfMostRegularShapes":true,"rt":3304.5999999940395,"rot1":25,"rot2":-5,"rot3":-25,"rot4":5,"rot5":15,"rot6":-15,"dil1":1.125,"dil2":0.975,"dil3":0.875,"dil4":0.925,"dil5":1.075,"dil6":1.025,"rots":[25,-5,-25,5,15,-15],"dils":[1.125,0.975,0.875,0.925,1.075,1.025]},{"id":"test","shape":"hinge","outlier_type":1,"choice":0,"outlierPosition":0,"success":true,"majorityOfMostRegularShapes":false,"rt":6771.699999988079,"rot1":-5,"rot2":-25,"rot3":25,"rot4":5,"rot5":-15,"rot6":15,"dil1":1.125,"dil2":0.875,"dil3":1.075,"dil4":1.025,"dil5":0.925,"dil6":0.975,"rots":[-5,-25,25,5,-15,15],"dils":[1.125,0.875,1.075,1.025,0.925,0.975]},{"id":"test","shape":"parallelogram","outlier_type":3,"choice":4,"outlierPosition":4,"success":true,"majorityOfMostRegularShapes":true,"rt":2483.800000011921,"rot1":-25,"rot2":-15,"rot3":25,"rot4":-5,"rot5":15,"rot6":5,"dil1":1.125,"dil2":1.025,"dil3":0.875,"dil4":0.975,"dil5":0.925,"dil6":1.075,"rots":[-25,-15,25,-5,15,5],"dils":[1.125,1.025,0.875,0.975,0.925,1.075]}],"desiredDistance":0.3,"trial_type":"oddball-grid","trial_index":5,"time_elapsed":1211292,"internal_node_id":"0.0-5.0","score":0.7613636363636364,"early_termination":false}]