[{"rt":2836,"url":"external-consent.html","trial_type":"external-html","trial_index":0,"time_elapsed":2840,"internal_node_id":"0.0-0.0","score":0.8068181818181818,"early_termination":false},{"rt":2598.4000000059605,"responses":"{\"Q0\":\"NA\",\"Q1\":\"NA\",\"Q2\":\"NA\"}","trial_type":"survey-text","trial_index":1,"time_elapsed":5439,"internal_node_id":"0.0-1.0","score":0.8068181818181818,"early_termination":false},{"success":true,"trial_type":"fullscreen","trial_index":2,"time_elapsed":203431,"internal_node_id":"0.0-2.0","score":0.8068181818181818,"early_termination":false},{"results":[{"id":"train-images","loop_number":1,"shape":"test5","outlier_type":"NA","choice":5,"outlierPosition":5,"success":true,"majorityOfMostRegularShapes":true,"rt":1861.8999999910593,"rot1":-25,"rot2":25,"rot3":5,"rot4":15,"rot5":-5,"rot6":-15,"dil1":1.125,"dil2":0.925,"dil3":1.025,"dil4":0.975,"dil5":0.875,"dil6":1.075,"rots":[-25,25,5,15,-5,-15],"dils":[1.125,0.925,1.025,0.975,0.875,1.075],"possible_pos":[0,1,2,3,4,5]},{"id":"train-images","loop_number":1,"shape":"test2","outlier_type":"NA","choice":3,"outlierPosition":3,"success":true,"majorityOfMostRegularShapes":false,"rt":951.2999999970198,"rot1":-5,"rot2":-15,"rot3":15,"rot4":25,"rot5":-25,"rot6":5,"dil1":0.875,"dil2":1.125,"dil3":0.975,"dil4":0.925,"dil5":1.025,"dil6":1.075,"rots":[-5,-15,15,25,-25,5],"dils":[0.875,1.125,0.975,0.925,1.025,1.075],"possible_pos":[0,1,2,3,4,5]},{"id":"train-images","loop_number":1,"shape":"test7","outlier_type":"NA","choice":0,"outlierPosition":0,"success":true,"majorityOfMostRegularShapes":true,"rt":1052.5,"rot1":15,"rot2":-25,"rot3":25,"rot4":-5,"rot5":5,"rot6":-15,"dil1":0.875,"dil2":0.975,"dil3":1.125,"dil4":1.075,"dil5":0.925,"dil6":1.025,"rots":[15,-25,25,-5,5,-15],"dils":[0.875,0.975,1.125,1.075,0.925,1.025],"possible_pos":[0,1,2,3,4,5]},{"id":"train-images","loop_number":1,"shape":"test6","outlier_type":"NA","choice":5,"outlierPosition":5,"success":true,"majorityOfMostRegularShapes":false,"rt":3224.7999999970198,"rot1":-15,"rot2":25,"rot3":15,"rot4":-5,"rot5":5,"rot6":-25,"dil1":1.075,"dil2":1.025,"dil3":1.125,"dil4":0.875,"dil5":0.925,"dil6":0.975,"rots":[-15,25,15,-5,5,-25],"dils":[1.075,1.025,1.125,0.875,0.925,0.975],"possible_pos":[0,1,2,3,4,5]},{"id":"train-images","loop_number":1,"shape":"test7","outlier_type":"NA","choice":5,"outlierPosition":5,"success":true,"majorityOfMostRegularShapes":false,"rt":1091.7000000029802,"rot1":-5,"rot2":5,"rot3":15,"rot4":-15,"rot5":25,"rot6":-25,"dil1":0.925,"dil2":0.975,"dil3":1.075,"dil4":1.125,"dil5":0.875,"dil6":1.025,"rots":[-5,5,15,-15,25,-25],"dils":[0.925,0.975,1.075,1.125,0.875,1.025],"possible_pos":[0,1,2,3,4,5]},{"id":"train-images","loop_number":1,"shape":"test6","outlier_type":"NA","choice":1,"outlierPosition":1,"success":true,"majorityOfMostRegularShapes":true,"rt":1852.800000011921,"rot1":25,"rot2":-15,"rot3":-5,"rot4":-25,"rot5":5,"rot6":15,"dil1":0.875,"dil2":0.925,"dil3":1.075,"dil4":0.975,"dil5":1.025,"dil6":1.125,"rots":[25,-15,-5,-25,5,15],"dils":[0.875,0.925,1.075,0.975,1.025,1.125],"possible_pos":[0,1,2,3,4,5]},{"id":"train-images","loop_number":1,"shape":"test8","outlier_type":"NA","choice":4,"outlierPosition":4,"success":true,"majorityOfMostRegularShapes":false,"rt":1283.5999999940395,"rot1":25,"rot2":-5,"rot3":15,"rot4":5,"rot5":-15,"rot6":-25,"dil1":0.975,"dil2":1.125,"dil3":1.025,"dil4":1.075,"dil5":0.925,"dil6":0.875,"rots":[25,-5,15,5,-15,-25],"dils":[0.975,1.125,1.025,1.075,0.925,0.875],"possible_pos":[0,1,2,3,4,5]},{"id":"train-images","loop_number":1,"shape":"test9","outlier_type":"NA","choice":1,"outlierPosition":1,"success":true,"majorityOfMostRegularShapes":false,"rt":1236.2999999970198,"rot1":-25,"rot2":15,"rot3":5,"rot4":-15,"rot5":-5,"rot6":25,"dil1":1.075,"dil2":0.975,"dil3":0.875,"dil4":1.125,"dil5":1.025,"dil6":0.925,"rots":[-25,15,5,-15,-5,25],"dils":[1.075,0.975,0.875,1.125,1.025,0.925],"possible_pos":[0,1,2,3,4,5]},{"id":"train-images","loop_number":1,"shape":"test1","outlier_type":"NA","choice":3,"outlierPosition":3,"success":true,"majorityOfMostRegularShapes":true,"rt":861,"rot1":-15,"rot2":5,"rot3":15,"rot4":-5,"rot5":-25,"rot6":25,"dil1":0.975,"dil2":0.875,"dil3":1.125,"dil4":1.075,"dil5":1.025,"dil6":0.925,"rots":[-15,5,15,-5,-25,25],"dils":[0.975,0.875,1.125,1.075,1.025,0.925],"possible_pos":[0,1,2,3,4,5]},{"id":"train-images","loop_number":1,"shape":"test4","outlier_type":"NA","choice":5,"outlierPosition":5,"success":true,"majorityOfMostRegularShapes":false,"rt":984.3999999910593,"rot1":-5,"rot2":15,"rot3":25,"rot4":-15,"rot5":-25,"rot6":5,"dil1":1.075,"dil2":1.125,"dil3":0.975,"dil4":0.875,"dil5":0.925,"dil6":1.025,"rots":[-5,15,25,-15,-25,5],"dils":[1.075,1.125,0.975,0.875,0.925,1.025],"possible_pos":[0,1,2,3,4,5]},{"id":"train-images","loop_number":1,"shape":"test3","outlier_type":"NA","choice":2,"outlierPosition":2,"success":true,"majorityOfMostRegularShapes":true,"rt":1081.2999999970198,"rot1":-25,"rot2":-15,"rot3":25,"rot4":15,"rot5":5,"rot6":-5,"dil1":1.075,"dil2":1.025,"dil3":0.925,"dil4":1.125,"dil5":0.975,"dil6":0.875,"rots":[-25,-15,25,15,5,-5],"dils":[1.075,1.025,0.925,1.125,0.975,0.875],"possible_pos":[0,1,2,3,4,5]},{"id":"train-images","loop_number":1,"shape":"test9","outlier_type":"NA","choice":2,"outlierPosition":2,"success":true,"majorityOfMostRegularShapes":true,"rt":1181.2000000029802,"rot1":-15,"rot2":5,"rot3":25,"rot4":-25,"rot5":-5,"rot6":15,"dil1":1.125,"dil2":0.925,"dil3":0.975,"dil4":1.075,"dil5":1.025,"dil6":0.875,"rots":[-15,5,25,-25,-5,15],"dils":[1.125,0.925,0.975,1.075,1.025,0.875],"possible_pos":[0,1,2,3,4,5]},{"id":"train-images","loop_number":1,"shape":"test2","outlier_type":"NA","choice":3,"outlierPosition":3,"success":true,"majorityOfMostRegularShapes":true,"rt":986.7000000029802,"rot1":5,"rot2":-15,"rot3":-5,"rot4":15,"rot5":-25,"rot6":25,"dil1":1.125,"dil2":1.025,"dil3":0.875,"dil4":0.975,"dil5":0.925,"dil6":1.075,"rots":[5,-15,-5,15,-25,25],"dils":[1.125,1.025,0.875,0.975,0.925,1.075],"possible_pos":[0,1,2,3,4,5]},{"id":"train-images","loop_number":1,"shape":"test4","outlier_type":"NA","choice":1,"outlierPosition":1,"success":true,"majorityOfMostRegularShapes":true,"rt":2051.5,"rot1":5,"rot2":-5,"rot3":15,"rot4":-25,"rot5":25,"rot6":-15,"dil1":1.125,"dil2":0.875,"dil3":1.075,"dil4":0.975,"dil5":1.025,"dil6":0.925,"rots":[5,-5,15,-25,25,-15],"dils":[1.125,0.875,1.075,0.975,1.025,0.925],"possible_pos":[0,1,2,3,4,5]},{"id":"train-images","loop_number":1,"shape":"test1","outlier_type":"NA","choice":3,"outlierPosition":3,"success":true,"majorityOfMostRegularShapes":false,"rt":974.6000000089407,"rot1":-5,"rot2":25,"rot3":-25,"rot4":5,"rot5":15,"rot6":-15,"dil1":1.025,"dil2":0.875,"dil3":1.075,"dil4":0.975,"dil5":1.125,"dil6":0.925,"rots":[-5,25,-25,5,15,-15],"dils":[1.025,0.875,1.075,0.975,1.125,0.925],"possible_pos":[0,1,2,3,4,5]},{"id":"train-images","loop_number":1,"shape":"test3","outlier_type":"NA","choice":5,"outlierPosition":5,"success":true,"majorityOfMostRegularShapes":false,"rt":867.4000000059605,"rot1":5,"rot2":-15,"rot3":-25,"rot4":-5,"rot5":15,"rot6":25,"dil1":0.975,"dil2":0.875,"dil3":1.075,"dil4":1.125,"dil5":1.025,"dil6":0.925,"rots":[5,-15,-25,-5,15,25],"dils":[0.975,0.875,1.075,1.125,1.025,0.925],"possible_pos":[0,1,2,3,4,5]},{"id":"train-images","loop_number":1,"shape":"test5","outlier_type":"NA","choice":1,"outlierPosition":1,"success":true,"majorityOfMostRegularShapes":false,"rt":1347,"rot1":-25,"rot2":5,"rot3":-5,"rot4":15,"rot5":-15,"rot6":25,"dil1":1.025,"dil2":1.125,"dil3":1.075,"dil4":0.925,"dil5":0.875,"dil6":0.975,"rots":[-25,5,-5,15,-15,25],"dils":[1.025,1.125,1.075,0.925,0.875,0.975],"possible_pos":[0,1,2,3,4,5]},{"id":"train-images","loop_number":1,"shape":"test8","outlier_type":"NA","choice":3,"outlierPosition":3,"success":true,"majorityOfMostRegularShapes":true,"rt":1163.5,"rot1":-5,"rot2":-25,"rot3":-15,"rot4":5,"rot5":25,"rot6":15,"dil1":1.125,"dil2":1.075,"dil3":1.025,"dil4":0.925,"dil5":0.875,"dil6":0.975,"rots":[-5,-25,-15,5,25,15],"dils":[1.125,1.075,1.025,0.925,0.875,0.975],"possible_pos":[0,1,2,3,4,5]},{"id":"train-images","loop_number":1,"shape":"test10","outlier_type":"NA","choice":3,"outlierPosition":3,"success":true,"majorityOfMostRegularShapes":true,"rt":1307.8999999910593,"rot1":15,"rot2":-25,"rot3":5,"rot4":-5,"rot5":25,"rot6":-15,"dil1":1.025,"dil2":1.075,"dil3":0.925,"dil4":0.875,"dil5":1.125,"dil6":0.975,"rots":[15,-25,5,-5,25,-15],"dils":[1.025,1.075,0.925,0.875,1.125,0.975],"possible_pos":[0,1,2,3,4,5]},{"id":"train-images","loop_number":1,"shape":"test10","outlier_type":"NA","choice":1,"outlierPosition":1,"success":true,"majorityOfMostRegularShapes":false,"rt":1137.300000011921,"rot1":-15,"rot2":15,"rot3":-5,"rot4":-25,"rot5":5,"rot6":25,"dil1":0.925,"dil2":1.025,"dil3":1.125,"dil4":0.875,"dil5":0.975,"dil6":1.075,"rots":[-15,15,-5,-25,5,25],"dils":[0.925,1.025,1.125,0.875,0.975,1.075],"possible_pos":[0,1,2,3,4,5]}],"trial_type":"oddball-grid-image","trial_index":3,"time_elapsed":414917,"internal_node_id":"0.0-3.0","score":0.8068181818181818,"early_termination":false},{"results":[{"id":"gen2","loop_number":1,"shape":0,"outlier_type":"NA","choice":5,"outlierPosition":5,"success":true,"majorityOfMostRegularShapes":true,"rt":1730.5,"rot1":25,"rot2":15,"rot3":-25,"rot4":-15,"rot5":5,"rot6":-5,"dil1":0.875,"dil2":1.075,"dil3":0.925,"dil4":1.025,"dil5":0.975,"dil6":1.125,"rots":[25,15,-25,-15,5,-5],"dils":[0.875,1.075,0.925,1.025,0.975,1.125]},{"id":"gen2","loop_number":1,"shape":2,"outlier_type":"NA","choice":0,"outlierPosition":0,"success":true,"majorityOfMostRegularShapes":false,"rt":1069.5999999940395,"rot1":-15,"rot2":25,"rot3":5,"rot4":15,"rot5":-25,"rot6":-5,"dil1":0.875,"dil2":1.025,"dil3":0.925,"dil4":1.075,"dil5":0.975,"dil6":1.125,"rots":[-15,25,5,15,-25,-5],"dils":[0.875,1.025,0.925,1.075,0.975,1.125]},{"id":"gen2","loop_number":1,"shape":1,"outlier_type":"NA","choice":4,"outlierPosition":4,"success":true,"majorityOfMostRegularShapes":false,"rt":1128.5,"rot1":15,"rot2":-15,"rot3":25,"rot4":-5,"rot5":5,"rot6":-25,"dil1":0.925,"dil2":1.075,"dil3":1.025,"dil4":1.125,"dil5":0.875,"dil6":0.975,"rots":[15,-15,25,-5,5,-25],"dils":[0.925,1.075,1.025,1.125,0.875,0.975]},{"id":"gen2","loop_number":1,"shape":0,"outlier_type":"NA","choice":3,"outlierPosition":3,"success":true,"majorityOfMostRegularShapes":false,"rt":882.6000000089407,"rot1":25,"rot2":-15,"rot3":15,"rot4":-5,"rot5":5,"rot6":-25,"dil1":1.125,"dil2":0.875,"dil3":1.025,"dil4":0.925,"dil5":0.975,"dil6":1.075,"rots":[25,-15,15,-5,5,-25],"dils":[1.125,0.875,1.025,0.925,0.975,1.075]},{"id":"gen2","loop_number":1,"shape":1,"outlier_type":"NA","choice":0,"outlierPosition":0,"success":true,"majorityOfMostRegularShapes":true,"rt":959.5,"rot1":25,"rot2":-5,"rot3":-25,"rot4":5,"rot5":-15,"rot6":15,"dil1":0.875,"dil2":0.975,"dil3":1.025,"dil4":0.925,"dil5":1.075,"dil6":1.125,"rots":[25,-5,-25,5,-15,15],"dils":[0.875,0.975,1.025,0.925,1.075,1.125]},{"id":"gen2","loop_number":1,"shape":2,"outlier_type":"NA","choice":5,"outlierPosition":5,"success":true,"majorityOfMostRegularShapes":true,"rt":1062,"rot1":5,"rot2":-5,"rot3":-25,"rot4":-15,"rot5":15,"rot6":25,"dil1":0.875,"dil2":1.025,"dil3":1.075,"dil4":0.925,"dil5":0.975,"dil6":1.125,"rots":[5,-5,-25,-15,15,25],"dils":[0.875,1.025,1.075,0.925,0.975,1.125]},{"id":"gen2","loop_number":1,"shape":0,"outlier_type":"NA","choice":3,"outlierPosition":3,"success":true,"majorityOfMostRegularShapes":true,"rt":1337.7999999970198,"rot1":-5,"rot2":15,"rot3":5,"rot4":25,"rot5":-15,"rot6":-25,"dil1":0.975,"dil2":1.125,"dil3":1.025,"dil4":0.925,"dil5":1.075,"dil6":0.875,"rots":[-5,15,5,25,-15,-25],"dils":[0.975,1.125,1.025,0.925,1.075,0.875]},{"id":"gen2","loop_number":1,"shape":2,"outlier_type":"NA","choice":3,"outlierPosition":3,"success":true,"majorityOfMostRegularShapes":true,"rt":781.5,"rot1":15,"rot2":-15,"rot3":25,"rot4":5,"rot5":-5,"rot6":-25,"dil1":0.925,"dil2":1.125,"dil3":1.025,"dil4":1.075,"dil5":0.975,"dil6":0.875,"rots":[15,-15,25,5,-5,-25],"dils":[0.925,1.125,1.025,1.075,0.975,0.875]},{"id":"gen2","loop_number":1,"shape":1,"outlier_type":"NA","choice":3,"outlierPosition":3,"success":true,"majorityOfMostRegularShapes":false,"rt":855.9000000059605,"rot1":-15,"rot2":-5,"rot3":-25,"rot4":15,"rot5":5,"rot6":25,"dil1":1.025,"dil2":1.075,"dil3":1.125,"dil4":0.925,"dil5":0.975,"dil6":0.875,"rots":[-15,-5,-25,15,5,25],"dils":[1.025,1.075,1.125,0.925,0.975,0.875]},{"id":"gen2","loop_number":1,"shape":2,"outlier_type":"NA","choice":5,"outlierPosition":5,"success":true,"majorityOfMostRegularShapes":true,"rt":775.3000000119209,"rot1":-5,"rot2":-15,"rot3":15,"rot4":-25,"rot5":5,"rot6":25,"dil1":0.975,"dil2":0.925,"dil3":1.025,"dil4":1.125,"dil5":0.875,"dil6":1.075,"rots":[-5,-15,15,-25,5,25],"dils":[0.975,0.925,1.025,1.125,0.875,1.075]},{"id":"gen2","loop_number":1,"shape":0,"outlier_type":"NA","choice":4,"outlierPosition":4,"success":true,"majorityOfMostRegularShapes":false,"rt":1176.2999999970198,"rot1":5,"rot2":-25,"rot3":15,"rot4":-15,"rot5":-5,"rot6":25,"dil1":0.925,"dil2":0.975,"dil3":1.025,"dil4":1.075,"dil5":0.875,"dil6":1.125,"rots":[5,-25,15,-15,-5,25],"dils":[0.925,0.975,1.025,1.075,0.875,1.125]},{"id":"gen2","loop_number":1,"shape":1,"outlier_type":"NA","choice":4,"outlierPosition":4,"success":true,"majorityOfMostRegularShapes":true,"rt":887.2999999970198,"rot1":25,"rot2":15,"rot3":-5,"rot4":-25,"rot5":5,"rot6":-15,"dil1":1.075,"dil2":1.025,"dil3":0.925,"dil4":0.975,"dil5":1.125,"dil6":0.875,"rots":[25,15,-5,-25,5,-15],"dils":[1.075,1.025,0.925,0.975,1.125,0.875]},{"id":"gen2","loop_number":1,"shape":0,"outlier_type":"NA","choice":2,"outlierPosition":2,"success":true,"majorityOfMostRegularShapes":false,"rt":1029.5999999940395,"rot1":15,"rot2":25,"rot3":-15,"rot4":5,"rot5":-5,"rot6":-25,"dil1":0.975,"dil2":1.125,"dil3":1.075,"dil4":1.025,"dil5":0.875,"dil6":0.925,"rots":[15,25,-15,5,-5,-25],"dils":[0.975,1.125,1.075,1.025,0.875,0.925]},{"id":"gen2","loop_number":1,"shape":2,"outlier_type":"NA","choice":2,"outlierPosition":2,"success":true,"majorityOfMostRegularShapes":false,"rt":829.0999999940395,"rot1":-15,"rot2":-5,"rot3":-25,"rot4":5,"rot5":25,"rot6":15,"dil1":1.075,"dil2":0.875,"dil3":0.925,"dil4":0.975,"dil5":1.125,"dil6":1.025,"rots":[-15,-5,-25,5,25,15],"dils":[1.075,0.875,0.925,0.975,1.125,1.025]},{"id":"gen2","loop_number":1,"shape":1,"outlier_type":"NA","choice":5,"outlierPosition":5,"success":true,"majorityOfMostRegularShapes":true,"rt":906.2000000029802,"rot1":5,"rot2":-25,"rot3":15,"rot4":25,"rot5":-15,"rot6":-5,"dil1":0.975,"dil2":0.925,"dil3":1.025,"dil4":0.875,"dil5":1.075,"dil6":1.125,"rots":[5,-25,15,25,-15,-5],"dils":[0.975,0.925,1.025,0.875,1.075,1.125]},{"id":"gen2","loop_number":1,"shape":0,"outlier_type":"NA","choice":5,"outlierPosition":5,"success":true,"majorityOfMostRegularShapes":true,"rt":952.9000000059605,"rot1":15,"rot2":-25,"rot3":-15,"rot4":25,"rot5":5,"rot6":-5,"dil1":0.975,"dil2":1.025,"dil3":1.125,"dil4":0.875,"dil5":1.075,"dil6":0.925,"rots":[15,-25,-15,25,5,-5],"dils":[0.975,1.025,1.125,0.875,1.075,0.925]},{"id":"gen2","loop_number":1,"shape":2,"outlier_type":"NA","choice":3,"outlierPosition":3,"success":true,"majorityOfMostRegularShapes":false,"rt":1186.6000000089407,"rot1":5,"rot2":-15,"rot3":-5,"rot4":15,"rot5":25,"rot6":-25,"dil1":0.875,"dil2":1.125,"dil3":1.075,"dil4":0.925,"dil5":0.975,"dil6":1.025,"rots":[5,-15,-5,15,25,-25],"dils":[0.875,1.125,1.075,0.925,0.975,1.025]},{"id":"gen2","loop_number":1,"shape":1,"outlier_type":"NA","choice":3,"outlierPosition":3,"success":true,"majorityOfMostRegularShapes":false,"rt":920.2999999970198,"rot1":25,"rot2":-5,"rot3":-15,"rot4":-25,"rot5":15,"rot6":5,"dil1":1.075,"dil2":1.125,"dil3":0.875,"dil4":1.025,"dil5":0.975,"dil6":0.925,"rots":[25,-5,-15,-25,15,5],"dils":[1.075,1.125,0.875,1.025,0.975,0.925]}],"trial_type":"oddball-grid-easy","trial_index":4,"time_elapsed":457080,"internal_node_id":"0.0-4.0","score":0.8068181818181818,"early_termination":false},{"results":[{"id":"test","shape":"rightKite","outlier_type":3,"choice":2,"outlierPosition":5,"success":false,"majorityOfMostRegularShapes":false,"rt":5066.899999991059,"rot1":-25,"rot2":5,"rot3":-15,"rot4":25,"rot5":15,"rot6":-5,"dil1":1.025,"dil2":0.875,"dil3":1.125,"dil4":0.975,"dil5":0.925,"dil6":1.075,"rots":[-25,5,-15,25,15,-5],"dils":[1.025,0.875,1.125,0.975,0.925,1.075]},{"id":"test","shape":"square","outlier_type":0,"choice":5,"outlierPosition":5,"success":true,"majorityOfMostRegularShapes":true,"rt":4153.0999999940395,"rot1":25,"rot2":-5,"rot3":-25,"rot4":15,"rot5":5,"rot6":-15,"dil1":1.125,"dil2":0.925,"dil3":0.975,"dil4":1.025,"dil5":1.075,"dil6":0.875,"rots":[25,-5,-25,15,5,-15],"dils":[1.125,0.925,0.975,1.025,1.075,0.875]},{"id":"test","shape":"random","outlier_type":2,"choice":1,"outlierPosition":1,"success":true,"majorityOfMostRegularShapes":true,"rt":4167.70000000298,"rot1":5,"rot2":25,"rot3":-15,"rot4":15,"rot5":-5,"rot6":-25,"dil1":0.875,"dil2":1.125,"dil3":1.075,"dil4":0.975,"dil5":1.025,"dil6":0.925,"rots":[5,25,-15,15,-5,-25],"dils":[0.875,1.125,1.075,0.975,1.025,0.925]},{"id":"test","shape":"losange","outlier_type":0,"choice":1,"outlierPosition":3,"success":false,"majorityOfMostRegularShapes":false,"rt":10090.79999999702,"rot1":-5,"rot2":25,"rot3":-15,"rot4":5,"rot5":15,"rot6":-25,"dil1":0.975,"dil2":1.075,"dil3":1.125,"dil4":0.875,"dil5":1.025,"dil6":0.925,"rots":[-5,25,-15,5,15,-25],"dils":[0.975,1.075,1.125,0.875,1.025,0.925]},{"id":"test","shape":"random","outlier_type":1,"choice":0,"outlierPosition":3,"success":false,"majorityOfMostRegularShapes":true,"rt":1824.2000000029802,"rot1":-15,"rot2":15,"rot3":25,"rot4":-5,"rot5":5,"rot6":-25,"dil1":1.075,"dil2":0.925,"dil3":0.875,"dil4":0.975,"dil5":1.125,"dil6":1.025,"rots":[-15,15,25,-5,5,-25],"dils":[1.075,0.925,0.875,0.975,1.125,1.025]},{"id":"test","shape":"hinge","outlier_type":0,"choice":1,"outlierPosition":4,"success":false,"majorityOfMostRegularShapes":true,"rt":5012.4000000059605,"rot1":25,"rot2":-25,"rot3":15,"rot4":-15,"rot5":-5,"rot6":5,"dil1":1.025,"dil2":1.125,"dil3":0.975,"dil4":0.925,"dil5":0.875,"dil6":1.075,"rots":[25,-25,15,-15,-5,5],"dils":[1.025,1.125,0.975,0.925,0.875,1.075]},{"id":"test","shape":"rustedHinge","outlier_type":2,"choice":5,"outlierPosition":1,"success":false,"majorityOfMostRegularShapes":false,"rt":7423.20000000298,"rot1":5,"rot2":25,"rot3":-15,"rot4":15,"rot5":-5,"rot6":-25,"dil1":1.125,"dil2":0.975,"dil3":0.925,"dil4":1.075,"dil5":1.025,"dil6":0.875,"rots":[5,25,-15,15,-5,-25],"dils":[1.125,0.975,0.925,1.075,1.025,0.875]},{"id":"test","shape":"trapezoid","outlier_type":0,"choice":4,"outlierPosition":4,"success":true,"majorityOfMostRegularShapes":true,"rt":5819.4000000059605,"rot1":5,"rot2":15,"rot3":-25,"rot4":25,"rot5":-5,"rot6":-15,"dil1":1.125,"dil2":1.075,"dil3":0.925,"dil4":0.975,"dil5":1.025,"dil6":0.875,"rots":[5,15,-25,25,-5,-15],"dils":[1.125,1.075,0.925,0.975,1.025,0.875]},{"id":"test","shape":"isoTrapezoid","outlier_type":3,"choice":1,"outlierPosition":1,"success":true,"majorityOfMostRegularShapes":true,"rt":2999.1000000089407,"rot1":15,"rot2":-25,"rot3":-15,"rot4":5,"rot5":-5,"rot6":25,"dil1":1.025,"dil2":1.125,"dil3":0.875,"dil4":0.975,"dil5":0.925,"dil6":1.075,"rots":[15,-25,-15,5,-5,25],"dils":[1.025,1.125,0.875,0.975,0.925,1.075]},{"id":"test","shape":"kite","outlier_type":1,"choice":0,"outlierPosition":0,"success":true,"majorityOfMostRegularShapes":true,"rt":4221.600000008941,"rot1":-25,"rot2":-15,"rot3":-5,"rot4":5,"rot5":15,"rot6":25,"dil1":0.925,"dil2":1.025,"dil3":1.075,"dil4":0.975,"dil5":1.125,"dil6":0.875,"rots":[-25,-15,-5,5,15,25],"dils":[0.925,1.025,1.075,0.975,1.125,0.875]},{"id":"test","shape":"rightKite","outlier_type":3,"choice":2,"outlierPosition":2,"success":true,"majorityOfMostRegularShapes":true,"rt":7417.399999991059,"rot1":-5,"rot2":15,"rot3":-25,"rot4":-15,"rot5":25,"rot6":5,"dil1":1.125,"dil2":1.075,"dil3":0.975,"dil4":0.875,"dil5":0.925,"dil6":1.025,"rots":[-5,15,-25,-15,25,5],"dils":[1.125,1.075,0.975,0.875,0.925,1.025]},{"id":"test","shape":"isoTrapezoid","outlier_type":1,"choice":5,"outlierPosition":5,"success":true,"majorityOfMostRegularShapes":false,"rt":4047.2000000029802,"rot1":-5,"rot2":5,"rot3":-25,"rot4":15,"rot5":-15,"rot6":25,"dil1":0.975,"dil2":1.125,"dil3":0.925,"dil4":1.025,"dil5":1.075,"dil6":0.875,"rots":[-5,5,-25,15,-15,25],"dils":[0.975,1.125,0.925,1.025,1.075,0.875]},{"id":"test","shape":"rightKite","outlier_type":2,"choice":5,"outlierPosition":5,"success":true,"majorityOfMostRegularShapes":false,"rt":5371.399999991059,"rot1":-25,"rot2":-15,"rot3":-5,"rot4":5,"rot5":25,"rot6":15,"dil1":0.975,"dil2":1.025,"dil3":0.925,"dil4":0.875,"dil5":1.125,"dil6":1.075,"rots":[-25,-15,-5,5,25,15],"dils":[0.975,1.025,0.925,0.875,1.125,1.075]},{"id":"test","shape":"rectangle","outlier_type":0,"choice":0,"outlierPosition":1,"success":false,"majorityOfMostRegularShapes":true,"rt":2145.5999999940395,"rot1":-5,"rot2":15,"rot3":25,"rot4":-25,"rot5":-15,"rot6":5,"dil1":0.875,"dil2":1.025,"dil3":1.125,"dil4":0.925,"dil5":1.075,"dil6":0.975,"rots":[-5,15,25,-25,-15,5],"dils":[0.875,1.025,1.125,0.925,1.075,0.975]},{"id":"test","shape":"parallelogram","outlier_type":1,"choice":1,"outlierPosition":1,"success":true,"majorityOfMostRegularShapes":false,"rt":3416.2000000029802,"rot1":-5,"rot2":5,"rot3":25,"rot4":15,"rot5":-25,"rot6":-15,"dil1":0.875,"dil2":1.125,"dil3":0.975,"dil4":0.925,"dil5":1.025,"dil6":1.075,"rots":[-5,5,25,15,-25,-15],"dils":[0.875,1.125,0.975,0.925,1.025,1.075]},{"id":"test","shape":"rustedHinge","outlier_type":3,"choice":3,"outlierPosition":3,"success":true,"majorityOfMostRegularShapes":false,"rt":4443.4000000059605,"rot1":-5,"rot2":-15,"rot3":15,"rot4":25,"rot5":5,"rot6":-25,"dil1":1.025,"dil2":1.075,"dil3":1.125,"dil4":0.975,"dil5":0.875,"dil6":0.925,"rots":[-5,-15,15,25,5,-25],"dils":[1.025,1.075,1.125,0.975,0.875,0.925]},{"id":"test","shape":"losange","outlier_type":2,"choice":0,"outlierPosition":3,"success":false,"majorityOfMostRegularShapes":false,"rt":15075.90000000596,"rot1":-25,"rot2":15,"rot3":25,"rot4":-5,"rot5":-15,"rot6":5,"dil1":1.125,"dil2":1.075,"dil3":1.025,"dil4":0.875,"dil5":0.975,"dil6":0.925,"rots":[-25,15,25,-5,-15,5],"dils":[1.125,1.075,1.025,0.875,0.975,0.925]},{"id":"test","shape":"hinge","outlier_type":3,"choice":5,"outlierPosition":1,"success":false,"majorityOfMostRegularShapes":false,"rt":3451.6000000089407,"rot1":-5,"rot2":5,"rot3":15,"rot4":-15,"rot5":25,"rot6":-25,"dil1":1.075,"dil2":0.975,"dil3":1.025,"dil4":1.125,"dil5":0.925,"dil6":0.875,"rots":[-5,5,15,-15,25,-25],"dils":[1.075,0.975,1.025,1.125,0.925,0.875]},{"id":"test","shape":"random","outlier_type":0,"choice":4,"outlierPosition":2,"success":false,"majorityOfMostRegularShapes":true,"rt":9654.5,"rot1":-15,"rot2":-5,"rot3":5,"rot4":15,"rot5":-25,"rot6":25,"dil1":0.975,"dil2":1.125,"dil3":0.925,"dil4":0.875,"dil5":1.075,"dil6":1.025,"rots":[-15,-5,5,15,-25,25],"dils":[0.975,1.125,0.925,0.875,1.075,1.025]},{"id":"test","shape":"hinge","outlier_type":3,"choice":0,"outlierPosition":0,"success":true,"majorityOfMostRegularShapes":true,"rt":5975,"rot1":5,"rot2":25,"rot3":-5,"rot4":-15,"rot5":15,"rot6":-25,"dil1":1.025,"dil2":0.975,"dil3":0.925,"dil4":0.875,"dil5":1.125,"dil6":1.075,"rots":[5,25,-5,-15,15,-25],"dils":[1.025,0.975,0.925,0.875,1.125,1.075]},{"id":"test","shape":"kite","outlier_type":2,"choice":2,"outlierPosition":2,"success":true,"majorityOfMostRegularShapes":true,"rt":4824.79999999702,"rot1":-25,"rot2":25,"rot3":15,"rot4":-5,"rot5":5,"rot6":-15,"dil1":0.975,"dil2":0.875,"dil3":0.925,"dil4":1.025,"dil5":1.125,"dil6":1.075,"rots":[-25,25,15,-5,5,-15],"dils":[0.975,0.875,0.925,1.025,1.125,1.075]},{"id":"test","shape":"losange","outlier_type":3,"choice":0,"outlierPosition":0,"success":true,"majorityOfMostRegularShapes":false,"rt":2901.7999999970198,"rot1":-25,"rot2":15,"rot3":-5,"rot4":5,"rot5":25,"rot6":-15,"dil1":0.975,"dil2":1.025,"dil3":1.075,"dil4":1.125,"dil5":0.875,"dil6":0.925,"rots":[-25,15,-5,5,25,-15],"dils":[0.975,1.025,1.075,1.125,0.875,0.925]},{"id":"test","shape":"rectangle","outlier_type":2,"choice":4,"outlierPosition":4,"success":true,"majorityOfMostRegularShapes":true,"rt":1861.1000000089407,"rot1":25,"rot2":-15,"rot3":15,"rot4":-25,"rot5":5,"rot6":-5,"dil1":1.025,"dil2":0.975,"dil3":1.125,"dil4":1.075,"dil5":0.875,"dil6":0.925,"rots":[25,-15,15,-25,5,-5],"dils":[1.025,0.975,1.125,1.075,0.875,0.925]},{"id":"test","shape":"rectangle","outlier_type":3,"choice":0,"outlierPosition":0,"success":true,"majorityOfMostRegularShapes":true,"rt":1837.2999999970198,"rot1":-25,"rot2":15,"rot3":-5,"rot4":5,"rot5":25,"rot6":-15,"dil1":0.875,"dil2":1.125,"dil3":1.075,"dil4":0.925,"dil5":1.025,"dil6":0.975,"rots":[-25,15,-5,5,25,-15],"dils":[0.875,1.125,1.075,0.925,1.025,0.975]},{"id":"test","shape":"rustedHinge","outlier_type":1,"choice":5,"outlierPosition":5,"success":true,"majorityOfMostRegularShapes":false,"rt":5344.70000000298,"rot1":15,"rot2":25,"rot3":-5,"rot4":-25,"rot5":5,"rot6":-15,"dil1":1.025,"dil2":0.975,"dil3":1.075,"dil4":0.925,"dil5":0.875,"dil6":1.125,"rots":[15,25,-5,-25,5,-15],"dils":[1.025,0.975,1.075,0.925,0.875,1.125]},{"id":"test","shape":"trapezoid","outlier_type":3,"choice":3,"outlierPosition":2,"success":false,"majorityOfMostRegularShapes":false,"rt":10974.40000000596,"rot1":15,"rot2":-15,"rot3":25,"rot4":-5,"rot5":-25,"rot6":5,"dil1":0.875,"dil2":1.025,"dil3":1.125,"dil4":1.075,"dil5":0.925,"dil6":0.975,"rots":[15,-15,25,-5,-25,5],"dils":[0.875,1.025,1.125,1.075,0.925,0.975]},{"id":"test","shape":"parallelogram","outlier_type":1,"choice":0,"outlierPosition":0,"success":true,"majorityOfMostRegularShapes":true,"rt":3525.5999999940395,"rot1":-25,"rot2":5,"rot3":15,"rot4":25,"rot5":-5,"rot6":-15,"dil1":1.125,"dil2":0.875,"dil3":0.975,"dil4":0.925,"dil5":1.075,"dil6":1.025,"rots":[-25,5,15,25,-5,-15],"dils":[1.125,0.875,0.975,0.925,1.075,1.025]},{"id":"test","shape":"rectangle","outlier_type":3,"choice":5,"outlierPosition":5,"success":true,"majorityOfMostRegularShapes":false,"rt":5207.600000008941,"rot1":15,"rot2":-5,"rot3":5,"rot4":25,"rot5":-25,"rot6":-15,"dil1":1.075,"dil2":0.925,"dil3":1.125,"dil4":0.975,"dil5":0.875,"dil6":1.025,"rots":[15,-5,5,25,-25,-15],"dils":[1.075,0.925,1.125,0.975,0.875,1.025]},{"id":"test","shape":"rightKite","outlier_type":0,"choice":2,"outlierPosition":2,"success":true,"majorityOfMostRegularShapes":false,"rt":5540,"rot1":-25,"rot2":15,"rot3":-5,"rot4":-15,"rot5":25,"rot6":5,"dil1":1.025,"dil2":0.975,"dil3":1.075,"dil4":0.875,"dil5":0.925,"dil6":1.125,"rots":[-25,15,-5,-15,25,5],"dils":[1.025,0.975,1.075,0.875,0.925,1.125]},{"id":"test","shape":"hinge","outlier_type":1,"choice":3,"outlierPosition":3,"success":true,"majorityOfMostRegularShapes":true,"rt":4477.4000000059605,"rot1":25,"rot2":-5,"rot3":15,"rot4":-15,"rot5":5,"rot6":-25,"dil1":0.925,"dil2":0.975,"dil3":1.075,"dil4":1.025,"dil5":1.125,"dil6":0.875,"rots":[25,-5,15,-15,5,-25],"dils":[0.925,0.975,1.075,1.025,1.125,0.875]},{"id":"test","shape":"losange","outlier_type":2,"choice":0,"outlierPosition":0,"success":true,"majorityOfMostRegularShapes":true,"rt":3182.0999999940395,"rot1":-25,"rot2":-15,"rot3":5,"rot4":15,"rot5":-5,"rot6":25,"dil1":0.975,"dil2":0.925,"dil3":1.075,"dil4":1.125,"dil5":1.025,"dil6":0.875,"rots":[-25,-15,5,15,-5,25],"dils":[0.975,0.925,1.075,1.125,1.025,0.875]},{"id":"test","shape":"square","outlier_type":3,"choice":3,"outlierPosition":3,"success":true,"majorityOfMostRegularShapes":false,"rt":3228,"rot1":25,"rot2":-15,"rot3":-5,"rot4":15,"rot5":-25,"rot6":5,"dil1":1.025,"dil2":0.925,"dil3":0.875,"dil4":0.975,"dil5":1.075,"dil6":1.125,"rots":[25,-15,-5,15,-25,5],"dils":[1.025,0.925,0.875,0.975,1.075,1.125]},{"id":"test","shape":"isoTrapezoid","outlier_type":0,"choice":3,"outlierPosition":3,"success":true,"majorityOfMostRegularShapes":true,"rt":4800.9000000059605,"rot1":5,"rot2":-5,"rot3":15,"rot4":-15,"rot5":-25,"rot6":25,"dil1":0.875,"dil2":1.125,"dil3":0.925,"dil4":0.975,"dil5":1.075,"dil6":1.025,"rots":[5,-5,15,-15,-25,25],"dils":[0.875,1.125,0.925,0.975,1.075,1.025]},{"id":"test","shape":"losange","outlier_type":1,"choice":3,"outlierPosition":3,"success":true,"majorityOfMostRegularShapes":false,"rt":3780.2999999970198,"rot1":-25,"rot2":25,"rot3":15,"rot4":5,"rot5":-5,"rot6":-15,"dil1":0.875,"dil2":1.025,"dil3":0.925,"dil4":0.975,"dil5":1.125,"dil6":1.075,"rots":[-25,25,15,5,-5,-15],"dils":[0.875,1.025,0.925,0.975,1.125,1.075]},{"id":"test","shape":"hinge","outlier_type":2,"choice":4,"outlierPosition":4,"success":true,"majorityOfMostRegularShapes":true,"rt":3120,"rot1":-15,"rot2":15,"rot3":25,"rot4":5,"rot5":-5,"rot6":-25,"dil1":1.125,"dil2":1.025,"dil3":0.875,"dil4":0.925,"dil5":1.075,"dil6":0.975,"rots":[-15,15,25,5,-5,-25],"dils":[1.125,1.025,0.875,0.925,1.075,0.975]},{"id":"test","shape":"random","outlier_type":0,"choice":0,"outlierPosition":0,"success":true,"majorityOfMostRegularShapes":false,"rt":19170.20000000298,"rot1":15,"rot2":25,"rot3":-25,"rot4":-5,"rot5":-15,"rot6":5,"dil1":1.025,"dil2":0.875,"dil3":1.125,"dil4":1.075,"dil5":0.975,"dil6":0.925,"rots":[15,25,-25,-5,-15,5],"dils":[1.025,0.875,1.125,1.075,0.975,0.925]},{"id":"test","shape":"square","outlier_type":2,"choice":3,"outlierPosition":3,"success":true,"majorityOfMostRegularShapes":false,"rt":1291.5999999940395,"rot1":-25,"rot2":-15,"rot3":15,"rot4":-5,"rot5":5,"rot6":25,"dil1":0.875,"dil2":0.925,"dil3":1.125,"dil4":1.075,"dil5":1.025,"dil6":0.975,"rots":[-25,-15,15,-5,5,25],"dils":[0.875,0.925,1.125,1.075,1.025,0.975]},{"id":"test","shape":"trapezoid","outlier_type":3,"choice":4,"outlierPosition":3,"success":false,"majorityOfMostRegularShapes":true,"rt":10161.800000011921,"rot1":15,"rot2":-15,"rot3":25,"rot4":-5,"rot5":-25,"rot6":5,"dil1":1.125,"dil2":1.075,"dil3":0.875,"dil4":0.975,"dil5":1.025,"dil6":0.925,"rots":[15,-15,25,-5,-25,5],"dils":[1.125,1.075,0.875,0.975,1.025,0.925]},{"id":"test","shape":"losange","outlier_type":0,"choice":0,"outlierPosition":0,"success":true,"majorityOfMostRegularShapes":true,"rt":4329.70000000298,"rot1":5,"rot2":15,"rot3":25,"rot4":-25,"rot5":-15,"rot6":-5,"dil1":1.075,"dil2":1.125,"dil3":0.875,"dil4":0.925,"dil5":1.025,"dil6":0.975,"rots":[5,15,25,-25,-15,-5],"dils":[1.075,1.125,0.875,0.925,1.025,0.975]},{"id":"test","shape":"rightKite","outlier_type":1,"choice":5,"outlierPosition":5,"success":true,"majorityOfMostRegularShapes":true,"rt":7451.70000000298,"rot1":-15,"rot2":-25,"rot3":-5,"rot4":15,"rot5":5,"rot6":25,"dil1":1.125,"dil2":1.075,"dil3":0.875,"dil4":0.925,"dil5":0.975,"dil6":1.025,"rots":[-15,-25,-5,15,5,25],"dils":[1.125,1.075,0.875,0.925,0.975,1.025]},{"id":"test","shape":"parallelogram","outlier_type":2,"choice":1,"outlierPosition":1,"success":true,"majorityOfMostRegularShapes":true,"rt":3918,"rot1":-5,"rot2":-25,"rot3":25,"rot4":5,"rot5":-15,"rot6":15,"dil1":1.125,"dil2":0.875,"dil3":0.925,"dil4":1.075,"dil5":1.025,"dil6":0.975,"rots":[-5,-25,25,5,-15,15],"dils":[1.125,0.875,0.925,1.075,1.025,0.975]},{"id":"test","shape":"isoTrapezoid","outlier_type":1,"choice":1,"outlierPosition":1,"success":true,"majorityOfMostRegularShapes":true,"rt":2554.2999999970198,"rot1":-25,"rot2":-15,"rot3":25,"rot4":-5,"rot5":5,"rot6":15,"dil1":1.075,"dil2":0.925,"dil3":0.975,"dil4":0.875,"dil5":1.125,"dil6":1.025,"rots":[-25,-15,25,-5,5,15],"dils":[1.075,0.925,0.975,0.875,1.125,1.025]},{"id":"test","shape":"kite","outlier_type":3,"choice":5,"outlierPosition":5,"success":true,"majorityOfMostRegularShapes":true,"rt":4667.5999999940395,"rot1":5,"rot2":-15,"rot3":-5,"rot4":-25,"rot5":25,"rot6":15,"dil1":0.975,"dil2":1.025,"dil3":0.875,"dil4":1.125,"dil5":0.925,"dil6":1.075,"rots":[5,-15,-5,-25,25,15],"dils":[0.975,1.025,0.875,1.125,0.925,1.075]},{"id":"test","shape":"trapezoid","outlier_type":2,"choice":3,"outlierPosition":3,"success":true,"majorityOfMostRegularShapes":true,"rt":8533,"rot1":-15,"rot2":15,"rot3":25,"rot4":5,"rot5":-25,"rot6":-5,"dil1":0.925,"dil2":1.125,"dil3":0.875,"dil4":0.975,"dil5":1.075,"dil6":1.025,"rots":[-15,15,25,5,-25,-5],"dils":[0.925,1.125,0.875,0.975,1.075,1.025]},{"id":"test","shape":"rightKite","outlier_type":1,"choice":5,"outlierPosition":5,"success":true,"majorityOfMostRegularShapes":false,"rt":4638.5999999940395,"rot1":5,"rot2":15,"rot3":-15,"rot4":-5,"rot5":-25,"rot6":25,"dil1":0.925,"dil2":1.075,"dil3":0.975,"dil4":1.125,"dil5":0.875,"dil6":1.025,"rots":[5,15,-15,-5,-25,25],"dils":[0.925,1.075,0.975,1.125,0.875,1.025]},{"id":"test","shape":"parallelogram","outlier_type":0,"choice":0,"outlierPosition":0,"success":true,"majorityOfMostRegularShapes":true,"rt":3895.699999988079,"rot1":-5,"rot2":-25,"rot3":25,"rot4":15,"rot5":5,"rot6":-15,"dil1":0.875,"dil2":1.025,"dil3":1.125,"dil4":1.075,"dil5":0.925,"dil6":0.975,"rots":[-5,-25,25,15,5,-15],"dils":[0.875,1.025,1.125,1.075,0.925,0.975]},{"id":"test","shape":"square","outlier_type":3,"choice":2,"outlierPosition":2,"success":true,"majorityOfMostRegularShapes":true,"rt":1944.7000000029802,"rot1":-5,"rot2":5,"rot3":-15,"rot4":15,"rot5":25,"rot6":-25,"dil1":0.975,"dil2":1.075,"dil3":1.125,"dil4":0.875,"dil5":0.925,"dil6":1.025,"rots":[-5,5,-15,15,25,-25],"dils":[0.975,1.075,1.125,0.875,0.925,1.025]},{"id":"test","shape":"parallelogram","outlier_type":0,"choice":4,"outlierPosition":1,"success":false,"majorityOfMostRegularShapes":false,"rt":2681.7999999970198,"rot1":-15,"rot2":-25,"rot3":5,"rot4":15,"rot5":-5,"rot6":25,"dil1":0.875,"dil2":1.025,"dil3":1.075,"dil4":0.975,"dil5":0.925,"dil6":1.125,"rots":[-15,-25,5,15,-5,25],"dils":[0.875,1.025,1.075,0.975,0.925,1.125]},{"id":"test","shape":"isoTrapezoid","outlier_type":3,"choice":3,"outlierPosition":3,"success":true,"majorityOfMostRegularShapes":false,"rt":2861.1000000089407,"rot1":15,"rot2":5,"rot3":-5,"rot4":25,"rot5":-15,"rot6":-25,"dil1":0.875,"dil2":0.975,"dil3":1.075,"dil4":1.125,"dil5":1.025,"dil6":0.925,"rots":[15,5,-5,25,-15,-25],"dils":[0.875,0.975,1.075,1.125,1.025,0.925]},{"id":"test","shape":"square","outlier_type":1,"choice":5,"outlierPosition":5,"success":true,"majorityOfMostRegularShapes":false,"rt":3299.0999999940395,"rot1":5,"rot2":-5,"rot3":-15,"rot4":-25,"rot5":25,"rot6":15,"dil1":0.925,"dil2":0.875,"dil3":1.025,"dil4":0.975,"dil5":1.075,"dil6":1.125,"rots":[5,-5,-15,-25,25,15],"dils":[0.925,0.875,1.025,0.975,1.075,1.125]},{"id":"test","shape":"square","outlier_type":2,"choice":5,"outlierPosition":5,"success":true,"majorityOfMostRegularShapes":true,"rt":1427.2000000029802,"rot1":-25,"rot2":-15,"rot3":25,"rot4":5,"rot5":-5,"rot6":15,"dil1":0.925,"dil2":0.975,"dil3":1.025,"dil4":1.075,"dil5":0.875,"dil6":1.125,"rots":[-25,-15,25,5,-5,15],"dils":[0.925,0.975,1.025,1.075,0.875,1.125]},{"id":"test","shape":"square","outlier_type":1,"choice":3,"outlierPosition":3,"success":true,"majorityOfMostRegularShapes":true,"rt":2069,"rot1":-5,"rot2":5,"rot3":15,"rot4":-25,"rot5":-15,"rot6":25,"dil1":1.075,"dil2":0.975,"dil3":0.925,"dil4":1.125,"dil5":1.025,"dil6":0.875,"rots":[-5,5,15,-25,-15,25],"dils":[1.075,0.975,0.925,1.125,1.025,0.875]},{"id":"test","shape":"isoTrapezoid","outlier_type":2,"choice":5,"outlierPosition":5,"success":true,"majorityOfMostRegularShapes":false,"rt":3849.0999999940395,"rot1":-25,"rot2":15,"rot3":25,"rot4":-15,"rot5":5,"rot6":-5,"dil1":0.925,"dil2":0.975,"dil3":1.075,"dil4":0.875,"dil5":1.125,"dil6":1.025,"rots":[-25,15,25,-15,5,-5],"dils":[0.925,0.975,1.075,0.875,1.125,1.025]},{"id":"test","shape":"random","outlier_type":3,"choice":3,"outlierPosition":3,"success":true,"majorityOfMostRegularShapes":true,"rt":3631,"rot1":-15,"rot2":5,"rot3":25,"rot4":-25,"rot5":15,"rot6":-5,"dil1":1.125,"dil2":0.925,"dil3":0.875,"dil4":1.025,"dil5":1.075,"dil6":0.975,"rots":[-15,5,25,-25,15,-5],"dils":[1.125,0.925,0.875,1.025,1.075,0.975]},{"id":"test","shape":"trapezoid","outlier_type":1,"choice":5,"outlierPosition":5,"success":true,"majorityOfMostRegularShapes":false,"rt":3379.2999999970198,"rot1":15,"rot2":-5,"rot3":5,"rot4":25,"rot5":-15,"rot6":-25,"dil1":0.875,"dil2":1.125,"dil3":1.025,"dil4":1.075,"dil5":0.975,"dil6":0.925,"rots":[15,-5,5,25,-15,-25],"dils":[0.875,1.125,1.025,1.075,0.975,0.925]},{"id":"test","shape":"kite","outlier_type":0,"choice":1,"outlierPosition":1,"success":true,"majorityOfMostRegularShapes":true,"rt":2466.3999999910593,"rot1":5,"rot2":-15,"rot3":25,"rot4":-5,"rot5":-25,"rot6":15,"dil1":0.925,"dil2":1.125,"dil3":1.075,"dil4":0.875,"dil5":0.975,"dil6":1.025,"rots":[5,-15,25,-5,-25,15],"dils":[0.925,1.125,1.075,0.875,0.975,1.025]},{"id":"test","shape":"parallelogram","outlier_type":3,"choice":1,"outlierPosition":1,"success":true,"majorityOfMostRegularShapes":true,"rt":3676,"rot1":5,"rot2":-15,"rot3":15,"rot4":-25,"rot5":-5,"rot6":25,"dil1":1.025,"dil2":0.925,"dil3":1.125,"dil4":0.975,"dil5":1.075,"dil6":0.875,"rots":[5,-15,15,-25,-5,25],"dils":[1.025,0.925,1.125,0.975,1.075,0.875]},{"id":"test","shape":"random","outlier_type":1,"choice":3,"outlierPosition":1,"success":false,"majorityOfMostRegularShapes":false,"rt":2178.2000000029802,"rot1":5,"rot2":15,"rot3":-5,"rot4":25,"rot5":-25,"rot6":-15,"dil1":1.075,"dil2":1.025,"dil3":1.125,"dil4":0.875,"dil5":0.975,"dil6":0.925,"rots":[5,15,-5,25,-25,-15],"dils":[1.075,1.025,1.125,0.875,0.975,0.925]},{"id":"test","shape":"kite","outlier_type":2,"choice":3,"outlierPosition":3,"success":true,"majorityOfMostRegularShapes":false,"rt":2669.7999999970198,"rot1":15,"rot2":-15,"rot3":5,"rot4":-5,"rot5":-25,"rot6":25,"dil1":0.925,"dil2":0.975,"dil3":1.125,"dil4":0.875,"dil5":1.025,"dil6":1.075,"rots":[15,-15,5,-5,-25,25],"dils":[0.925,0.975,1.125,0.875,1.025,1.075]},{"id":"test","shape":"hinge","outlier_type":0,"choice":4,"outlierPosition":4,"success":true,"majorityOfMostRegularShapes":false,"rt":4218.100000008941,"rot1":-5,"rot2":5,"rot3":25,"rot4":-25,"rot5":-15,"rot6":15,"dil1":1.075,"dil2":0.975,"dil3":1.125,"dil4":0.925,"dil5":0.875,"dil6":1.025,"rots":[-5,5,25,-25,-15,15],"dils":[1.075,0.975,1.125,0.925,0.875,1.025]},{"id":"test","shape":"rightKite","outlier_type":2,"choice":2,"outlierPosition":2,"success":true,"majorityOfMostRegularShapes":true,"rt":5502.5,"rot1":-5,"rot2":-15,"rot3":15,"rot4":-25,"rot5":5,"rot6":25,"dil1":0.925,"dil2":1.125,"dil3":1.075,"dil4":0.875,"dil5":1.025,"dil6":0.975,"rots":[-5,-15,15,-25,5,25],"dils":[0.925,1.125,1.075,0.875,1.025,0.975]},{"id":"test","shape":"rustedHinge","outlier_type":0,"choice":5,"outlierPosition":4,"success":false,"majorityOfMostRegularShapes":false,"rt":2187.5999999940395,"rot1":15,"rot2":5,"rot3":-25,"rot4":-15,"rot5":-5,"rot6":25,"dil1":0.925,"dil2":1.025,"dil3":1.125,"dil4":0.875,"dil5":0.975,"dil6":1.075,"rots":[15,5,-25,-15,-5,25],"dils":[0.925,1.025,1.125,0.875,0.975,1.075]},{"id":"test","shape":"isoTrapezoid","outlier_type":2,"choice":1,"outlierPosition":1,"success":true,"majorityOfMostRegularShapes":true,"rt":3471.300000011921,"rot1":15,"rot2":5,"rot3":-5,"rot4":25,"rot5":-15,"rot6":-25,"dil1":0.975,"dil2":1.075,"dil3":1.025,"dil4":0.875,"dil5":1.125,"dil6":0.925,"rots":[15,5,-5,25,-15,-25],"dils":[0.975,1.075,1.025,0.875,1.125,0.925]},{"id":"test","shape":"isoTrapezoid","outlier_type":0,"choice":2,"outlierPosition":2,"success":true,"majorityOfMostRegularShapes":false,"rt":9617.79999999702,"rot1":5,"rot2":25,"rot3":-5,"rot4":-15,"rot5":-25,"rot6":15,"dil1":0.975,"dil2":0.925,"dil3":1.025,"dil4":1.125,"dil5":0.875,"dil6":1.075,"rots":[5,25,-5,-15,-25,15],"dils":[0.975,0.925,1.025,1.125,0.875,1.075]},{"id":"test","shape":"rectangle","outlier_type":1,"choice":0,"outlierPosition":0,"success":true,"majorityOfMostRegularShapes":false,"rt":2554.3999999910593,"rot1":-15,"rot2":5,"rot3":25,"rot4":-25,"rot5":-5,"rot6":15,"dil1":1.025,"dil2":0.925,"dil3":1.125,"dil4":0.875,"dil5":0.975,"dil6":1.075,"rots":[-15,5,25,-25,-5,15],"dils":[1.025,0.925,1.125,0.875,0.975,1.075]},{"id":"test","shape":"trapezoid","outlier_type":0,"choice":2,"outlierPosition":2,"success":true,"majorityOfMostRegularShapes":false,"rt":1548.5,"rot1":15,"rot2":-5,"rot3":-25,"rot4":5,"rot5":-15,"rot6":25,"dil1":0.975,"dil2":1.125,"dil3":0.875,"dil4":1.025,"dil5":0.925,"dil6":1.075,"rots":[15,-5,-25,5,-15,25],"dils":[0.975,1.125,0.875,1.025,0.925,1.075]},{"id":"test","shape":"losange","outlier_type":1,"choice":0,"outlierPosition":0,"success":true,"majorityOfMostRegularShapes":true,"rt":4702.5,"rot1":5,"rot2":-15,"rot3":25,"rot4":-25,"rot5":-5,"rot6":15,"dil1":0.925,"dil2":0.875,"dil3":0.975,"dil4":1.075,"dil5":1.125,"dil6":1.025,"rots":[5,-15,25,-25,-5,15],"dils":[0.925,0.875,0.975,1.075,1.125,1.025]},{"id":"test","shape":"rectangle","outlier_type":2,"choice":4,"outlierPosition":4,"success":true,"majorityOfMostRegularShapes":false,"rt":2667.2000000029802,"rot1":-15,"rot2":25,"rot3":-5,"rot4":5,"rot5":-25,"rot6":15,"dil1":0.975,"dil2":0.925,"dil3":1.075,"dil4":1.025,"dil5":1.125,"dil6":0.875,"rots":[-15,25,-5,5,-25,15],"dils":[0.975,0.925,1.075,1.025,1.125,0.875]},{"id":"test","shape":"losange","outlier_type":3,"choice":1,"outlierPosition":1,"success":true,"majorityOfMostRegularShapes":true,"rt":1825.4000000059605,"rot1":15,"rot2":-15,"rot3":-5,"rot4":25,"rot5":5,"rot6":-25,"dil1":1.075,"dil2":0.975,"dil3":0.875,"dil4":0.925,"dil5":1.025,"dil6":1.125,"rots":[15,-15,-5,25,5,-25],"dils":[1.075,0.975,0.875,0.925,1.025,1.125]},{"id":"test","shape":"rectangle","outlier_type":1,"choice":5,"outlierPosition":5,"success":true,"majorityOfMostRegularShapes":true,"rt":2281.699999988079,"rot1":-25,"rot2":15,"rot3":25,"rot4":-5,"rot5":5,"rot6":-15,"dil1":0.975,"dil2":0.875,"dil3":1.125,"dil4":1.075,"dil5":0.925,"dil6":1.025,"rots":[-25,15,25,-5,5,-15],"dils":[0.975,0.875,1.125,1.075,0.925,1.025]},{"id":"test","shape":"rectangle","outlier_type":0,"choice":3,"outlierPosition":3,"success":true,"majorityOfMostRegularShapes":false,"rt":2763.2999999970198,"rot1":-5,"rot2":5,"rot3":25,"rot4":-15,"rot5":15,"rot6":-25,"dil1":1.075,"dil2":0.975,"dil3":1.125,"dil4":0.925,"dil5":1.025,"dil6":0.875,"rots":[-5,5,25,-15,15,-25],"dils":[1.075,0.975,1.125,0.925,1.025,0.875]},{"id":"test","shape":"random","outlier_type":3,"choice":4,"outlierPosition":4,"success":true,"majorityOfMostRegularShapes":false,"rt":3063.7000000029802,"rot1":-25,"rot2":5,"rot3":15,"rot4":25,"rot5":-5,"rot6":-15,"dil1":0.875,"dil2":0.925,"dil3":1.075,"dil4":1.125,"dil5":0.975,"dil6":1.025,"rots":[-25,5,15,25,-5,-15],"dils":[0.875,0.925,1.075,1.125,0.975,1.025]},{"id":"test","shape":"kite","outlier_type":1,"choice":3,"outlierPosition":3,"success":true,"majorityOfMostRegularShapes":false,"rt":9051.29999999702,"rot1":15,"rot2":25,"rot3":5,"rot4":-25,"rot5":-15,"rot6":-5,"dil1":1.125,"dil2":0.875,"dil3":0.925,"dil4":1.075,"dil5":1.025,"dil6":0.975,"rots":[15,25,5,-25,-15,-5],"dils":[1.125,0.875,0.925,1.075,1.025,0.975]},{"id":"test","shape":"hinge","outlier_type":2,"choice":0,"outlierPosition":0,"success":true,"majorityOfMostRegularShapes":false,"rt":3713.2000000029802,"rot1":25,"rot2":15,"rot3":-25,"rot4":-15,"rot5":5,"rot6":-5,"dil1":0.875,"dil2":1.125,"dil3":0.975,"dil4":1.025,"dil5":0.925,"dil6":1.075,"rots":[25,15,-25,-15,5,-5],"dils":[0.875,1.125,0.975,1.025,0.925,1.075]},{"id":"test","shape":"rustedHinge","outlier_type":3,"choice":4,"outlierPosition":4,"success":true,"majorityOfMostRegularShapes":true,"rt":2897.9000000059605,"rot1":25,"rot2":-15,"rot3":5,"rot4":-25,"rot5":15,"rot6":-5,"dil1":1.125,"dil2":1.025,"dil3":0.875,"dil4":1.075,"dil5":0.975,"dil6":0.925,"rots":[25,-15,5,-25,15,-5],"dils":[1.125,1.025,0.875,1.075,0.975,0.925]},{"id":"test","shape":"trapezoid","outlier_type":1,"choice":2,"outlierPosition":2,"success":true,"majorityOfMostRegularShapes":true,"rt":1757.4000000059605,"rot1":15,"rot2":-15,"rot3":-5,"rot4":25,"rot5":-25,"rot6":5,"dil1":1.025,"dil2":1.125,"dil3":0.975,"dil4":0.875,"dil5":1.075,"dil6":0.925,"rots":[15,-15,-5,25,-25,5],"dils":[1.025,1.125,0.975,0.875,1.075,0.925]},{"id":"test","shape":"kite","outlier_type":0,"choice":0,"outlierPosition":0,"success":true,"majorityOfMostRegularShapes":false,"rt":4036,"rot1":15,"rot2":25,"rot3":-5,"rot4":5,"rot5":-15,"rot6":-25,"dil1":1.125,"dil2":0.925,"dil3":1.025,"dil4":0.875,"dil5":1.075,"dil6":0.975,"rots":[15,25,-5,5,-15,-25],"dils":[1.125,0.925,1.025,0.875,1.075,0.975]},{"id":"test","shape":"parallelogram","outlier_type":2,"choice":0,"outlierPosition":1,"success":false,"majorityOfMostRegularShapes":false,"rt":4752.100000008941,"rot1":-25,"rot2":-5,"rot3":5,"rot4":25,"rot5":-15,"rot6":15,"dil1":1.125,"dil2":1.075,"dil3":1.025,"dil4":0.925,"dil5":0.975,"dil6":0.875,"rots":[-25,-5,5,25,-15,15],"dils":[1.125,1.075,1.025,0.925,0.975,0.875]},{"id":"test","shape":"hinge","outlier_type":1,"choice":5,"outlierPosition":5,"success":true,"majorityOfMostRegularShapes":false,"rt":8998.70000000298,"rot1":-15,"rot2":-25,"rot3":5,"rot4":-5,"rot5":15,"rot6":25,"dil1":1.125,"dil2":0.975,"dil3":1.075,"dil4":0.875,"dil5":1.025,"dil6":0.925,"rots":[-15,-25,5,-5,15,25],"dils":[1.125,0.975,1.075,0.875,1.025,0.925]},{"id":"test","shape":"rustedHinge","outlier_type":2,"choice":0,"outlierPosition":0,"success":true,"majorityOfMostRegularShapes":true,"rt":6555,"rot1":-5,"rot2":15,"rot3":-15,"rot4":-25,"rot5":5,"rot6":25,"dil1":1.075,"dil2":1.125,"dil3":0.925,"dil4":0.975,"dil5":0.875,"dil6":1.025,"rots":[-5,15,-15,-25,5,25],"dils":[1.075,1.125,0.925,0.975,0.875,1.025]},{"id":"test","shape":"parallelogram","outlier_type":3,"choice":0,"outlierPosition":0,"success":true,"majorityOfMostRegularShapes":false,"rt":5066.5999999940395,"rot1":15,"rot2":25,"rot3":-25,"rot4":-5,"rot5":5,"rot6":-15,"dil1":0.975,"dil2":1.025,"dil3":1.125,"dil4":0.925,"dil5":0.875,"dil6":1.075,"rots":[15,25,-25,-5,5,-15],"dils":[0.975,1.025,1.125,0.925,0.875,1.075]},{"id":"test","shape":"rustedHinge","outlier_type":1,"choice":4,"outlierPosition":4,"success":true,"majorityOfMostRegularShapes":true,"rt":3709.2000000029802,"rot1":-25,"rot2":5,"rot3":15,"rot4":-5,"rot5":25,"rot6":-15,"dil1":1.125,"dil2":1.025,"dil3":0.925,"dil4":0.975,"dil5":1.075,"dil6":0.875,"rots":[-25,5,15,-5,25,-15],"dils":[1.125,1.025,0.925,0.975,1.075,0.875]},{"id":"test","shape":"rightKite","outlier_type":0,"choice":4,"outlierPosition":1,"success":false,"majorityOfMostRegularShapes":true,"rt":10851,"rot1":25,"rot2":-5,"rot3":15,"rot4":-15,"rot5":-25,"rot6":5,"dil1":1.075,"dil2":1.125,"dil3":1.025,"dil4":0.875,"dil5":0.975,"dil6":0.925,"rots":[25,-5,15,-15,-25,5],"dils":[1.075,1.125,1.025,0.875,0.975,0.925]},{"id":"test","shape":"trapezoid","outlier_type":2,"choice":2,"outlierPosition":2,"success":true,"majorityOfMostRegularShapes":false,"rt":9137.60000000894,"rot1":15,"rot2":-25,"rot3":-5,"rot4":25,"rot5":-15,"rot6":5,"dil1":0.925,"dil2":0.975,"dil3":1.125,"dil4":0.875,"dil5":1.025,"dil6":1.075,"rots":[15,-25,-5,25,-15,5],"dils":[0.925,0.975,1.125,0.875,1.025,1.075]},{"id":"test","shape":"square","outlier_type":0,"choice":1,"outlierPosition":1,"success":true,"majorityOfMostRegularShapes":false,"rt":1624.0999999940395,"rot1":5,"rot2":-5,"rot3":-15,"rot4":-25,"rot5":15,"rot6":25,"dil1":1.075,"dil2":0.875,"dil3":0.925,"dil4":0.975,"dil5":1.125,"dil6":1.025,"rots":[5,-5,-15,-25,15,25],"dils":[1.075,0.875,0.925,0.975,1.125,1.025]},{"id":"test","shape":"kite","outlier_type":3,"choice":4,"outlierPosition":4,"success":true,"majorityOfMostRegularShapes":false,"rt":3236,"rot1":15,"rot2":-15,"rot3":25,"rot4":5,"rot5":-5,"rot6":-25,"dil1":0.875,"dil2":1.075,"dil3":0.925,"dil4":1.025,"dil5":1.125,"dil6":0.975,"rots":[15,-15,25,5,-5,-25],"dils":[0.875,1.075,0.925,1.025,1.125,0.975]},{"id":"test","shape":"rustedHinge","outlier_type":0,"choice":2,"outlierPosition":4,"success":false,"majorityOfMostRegularShapes":true,"rt":5534.4000000059605,"rot1":25,"rot2":5,"rot3":15,"rot4":-5,"rot5":-15,"rot6":-25,"dil1":0.925,"dil2":1.025,"dil3":1.125,"dil4":0.875,"dil5":0.975,"dil6":1.075,"rots":[25,5,15,-5,-15,-25],"dils":[0.925,1.025,1.125,0.875,0.975,1.075]},{"id":"test","shape":"random","outlier_type":2,"choice":2,"outlierPosition":2,"success":true,"majorityOfMostRegularShapes":false,"rt":2311,"rot1":15,"rot2":5,"rot3":-5,"rot4":-25,"rot5":25,"rot6":-15,"dil1":1.025,"dil2":0.925,"dil3":0.975,"dil4":1.125,"dil5":0.875,"dil6":1.075,"rots":[15,5,-5,-25,25,-15],"dils":[1.025,0.925,0.975,1.125,0.875,1.075]}],"desiredDistance":0.3,"trial_type":"oddball-grid","trial_index":5,"time_elapsed":994924,"internal_node_id":"0.0-5.0","score":0.8068181818181818,"early_termination":false}]