[{"rt":1768,"url":"external-consent.html","trial_type":"external-html","trial_index":0,"time_elapsed":1771,"internal_node_id":"0.0-0.0","score":0.6022727272727273,"early_termination":false},{"rt":4033,"responses":"{\"Q0\":\"NA\",\"Q1\":\"NA\",\"Q2\":\"NA\"}","trial_type":"survey-text","trial_index":1,"time_elapsed":5805,"internal_node_id":"0.0-1.0","score":0.6022727272727273,"early_termination":false},{"success":true,"trial_type":"fullscreen","trial_index":2,"time_elapsed":40151,"internal_node_id":"0.0-2.0","score":0.6022727272727273,"early_termination":false},{"results":[{"id":"train-images","loop_number":1,"shape":"test1","outlier_type":"NA","choice":5,"outlierPosition":5,"success":true,"majorityOfMostRegularShapes":false,"rt":836.6999999992549,"rot1":5,"rot2":-25,"rot3":15,"rot4":25,"rot5":-15,"rot6":-5,"dil1":1.075,"dil2":1.025,"dil3":0.975,"dil4":0.925,"dil5":0.875,"dil6":1.125,"rots":[5,-25,15,25,-15,-5],"dils":[1.075,1.025,0.975,0.925,0.875,1.125],"possible_pos":[0,1,2,3,4,5]},{"id":"train-images","loop_number":1,"shape":"test6","outlier_type":"NA","choice":5,"outlierPosition":5,"success":true,"majorityOfMostRegularShapes":true,"rt":3151,"rot1":5,"rot2":15,"rot3":-15,"rot4":-25,"rot5":-5,"rot6":25,"dil1":0.925,"dil2":1.025,"dil3":0.975,"dil4":0.875,"dil5":1.075,"dil6":1.125,"rots":[5,15,-15,-25,-5,25],"dils":[0.925,1.025,0.975,0.875,1.075,1.125],"possible_pos":[0,1,2,3,4,5]},{"id":"train-images","loop_number":1,"shape":"test3","outlier_type":"NA","choice":1,"outlierPosition":1,"success":true,"majorityOfMostRegularShapes":true,"rt":1128.2999999970198,"rot1":25,"rot2":-15,"rot3":15,"rot4":-5,"rot5":-25,"rot6":5,"dil1":0.925,"dil2":1.075,"dil3":1.125,"dil4":0.975,"dil5":0.875,"dil6":1.025,"rots":[25,-15,15,-5,-25,5],"dils":[0.925,1.075,1.125,0.975,0.875,1.025],"possible_pos":[0,1,2,3,4,5]},{"id":"train-images","loop_number":1,"shape":"test5","outlier_type":"NA","choice":3,"outlierPosition":3,"success":true,"majorityOfMostRegularShapes":false,"rt":1368.4000000022352,"rot1":5,"rot2":-25,"rot3":25,"rot4":-15,"rot5":-5,"rot6":15,"dil1":0.925,"dil2":0.975,"dil3":1.025,"dil4":1.075,"dil5":0.875,"dil6":1.125,"rots":[5,-25,25,-15,-5,15],"dils":[0.925,0.975,1.025,1.075,0.875,1.125],"possible_pos":[0,1,2,3,4,5]},{"id":"train-images","loop_number":1,"shape":"test3","outlier_type":"NA","choice":2,"outlierPosition":2,"success":true,"majorityOfMostRegularShapes":false,"rt":870.3000000007451,"rot1":-5,"rot2":15,"rot3":-15,"rot4":-25,"rot5":5,"rot6":25,"dil1":1.025,"dil2":0.875,"dil3":0.925,"dil4":1.075,"dil5":1.125,"dil6":0.975,"rots":[-5,15,-15,-25,5,25],"dils":[1.025,0.875,0.925,1.075,1.125,0.975],"possible_pos":[0,1,2,3,4,5]},{"id":"train-images","loop_number":1,"shape":"test10","outlier_type":"NA","choice":4,"outlierPosition":4,"success":true,"majorityOfMostRegularShapes":false,"rt":697.8000000007451,"rot1":-25,"rot2":5,"rot3":15,"rot4":25,"rot5":-5,"rot6":-15,"dil1":0.975,"dil2":1.025,"dil3":0.875,"dil4":0.925,"dil5":1.125,"dil6":1.075,"rots":[-25,5,15,25,-5,-15],"dils":[0.975,1.025,0.875,0.925,1.125,1.075],"possible_pos":[0,1,2,3,4,5]},{"id":"train-images","loop_number":1,"shape":"test7","outlier_type":"NA","choice":1,"outlierPosition":1,"success":true,"majorityOfMostRegularShapes":true,"rt":652.6000000014901,"rot1":-15,"rot2":15,"rot3":5,"rot4":-25,"rot5":25,"rot6":-5,"dil1":0.875,"dil2":1.075,"dil3":0.925,"dil4":0.975,"dil5":1.025,"dil6":1.125,"rots":[-15,15,5,-25,25,-5],"dils":[0.875,1.075,0.925,0.975,1.025,1.125],"possible_pos":[0,1,2,3,4,5]},{"id":"train-images","loop_number":1,"shape":"test10","outlier_type":"NA","choice":0,"outlierPosition":0,"success":true,"majorityOfMostRegularShapes":true,"rt":862.5,"rot1":-25,"rot2":15,"rot3":5,"rot4":-5,"rot5":-15,"rot6":25,"dil1":0.975,"dil2":0.875,"dil3":1.075,"dil4":1.025,"dil5":0.925,"dil6":1.125,"rots":[-25,15,5,-5,-15,25],"dils":[0.975,0.875,1.075,1.025,0.925,1.125],"possible_pos":[0,1,2,3,4,5]},{"id":"train-images","loop_number":1,"shape":"test4","outlier_type":"NA","choice":4,"outlierPosition":4,"success":true,"majorityOfMostRegularShapes":false,"rt":1258.7000000029802,"rot1":5,"rot2":-15,"rot3":25,"rot4":-25,"rot5":15,"rot6":-5,"dil1":0.975,"dil2":0.925,"dil3":0.875,"dil4":1.125,"dil5":1.075,"dil6":1.025,"rots":[5,-15,25,-25,15,-5],"dils":[0.975,0.925,0.875,1.125,1.075,1.025],"possible_pos":[0,1,2,3,4,5]},{"id":"train-images","loop_number":1,"shape":"test8","outlier_type":"NA","choice":2,"outlierPosition":2,"success":true,"majorityOfMostRegularShapes":false,"rt":672.8000000007451,"rot1":-25,"rot2":25,"rot3":5,"rot4":15,"rot5":-15,"rot6":-5,"dil1":0.925,"dil2":0.875,"dil3":1.125,"dil4":1.075,"dil5":0.975,"dil6":1.025,"rots":[-25,25,5,15,-15,-5],"dils":[0.925,0.875,1.125,1.075,0.975,1.025],"possible_pos":[0,1,2,3,4,5]},{"id":"train-images","loop_number":1,"shape":"test7","outlier_type":"NA","choice":2,"outlierPosition":2,"success":true,"majorityOfMostRegularShapes":false,"rt":690.5999999977648,"rot1":-5,"rot2":15,"rot3":25,"rot4":-25,"rot5":-15,"rot6":5,"dil1":1.125,"dil2":0.875,"dil3":0.925,"dil4":0.975,"dil5":1.025,"dil6":1.075,"rots":[-5,15,25,-25,-15,5],"dils":[1.125,0.875,0.925,0.975,1.025,1.075],"possible_pos":[0,1,2,3,4,5]},{"id":"train-images","loop_number":1,"shape":"test2","outlier_type":"NA","choice":1,"outlierPosition":1,"success":true,"majorityOfMostRegularShapes":true,"rt":635.5,"rot1":-15,"rot2":-25,"rot3":25,"rot4":5,"rot5":-5,"rot6":15,"dil1":1.125,"dil2":1.025,"dil3":0.975,"dil4":1.075,"dil5":0.875,"dil6":0.925,"rots":[-15,-25,25,5,-5,15],"dils":[1.125,1.025,0.975,1.075,0.875,0.925],"possible_pos":[0,1,2,3,4,5]},{"id":"train-images","loop_number":1,"shape":"test9","outlier_type":"NA","choice":2,"outlierPosition":2,"success":true,"majorityOfMostRegularShapes":true,"rt":977.3000000007451,"rot1":25,"rot2":-15,"rot3":5,"rot4":15,"rot5":-5,"rot6":-25,"dil1":0.875,"dil2":0.975,"dil3":1.075,"dil4":1.025,"dil5":0.925,"dil6":1.125,"rots":[25,-15,5,15,-5,-25],"dils":[0.875,0.975,1.075,1.025,0.925,1.125],"possible_pos":[0,1,2,3,4,5]},{"id":"train-images","loop_number":1,"shape":"test8","outlier_type":"NA","choice":5,"outlierPosition":5,"success":true,"majorityOfMostRegularShapes":true,"rt":588.4000000022352,"rot1":-25,"rot2":-15,"rot3":15,"rot4":5,"rot5":-5,"rot6":25,"dil1":1.025,"dil2":1.075,"dil3":0.875,"dil4":0.975,"dil5":0.925,"dil6":1.125,"rots":[-25,-15,15,5,-5,25],"dils":[1.025,1.075,0.875,0.975,0.925,1.125],"possible_pos":[0,1,2,3,4,5]},{"id":"train-images","loop_number":1,"shape":"test1","outlier_type":"NA","choice":4,"outlierPosition":4,"success":true,"majorityOfMostRegularShapes":true,"rt":591.6999999992549,"rot1":-15,"rot2":25,"rot3":-25,"rot4":15,"rot5":-5,"rot6":5,"dil1":1.125,"dil2":0.875,"dil3":1.075,"dil4":1.025,"dil5":0.925,"dil6":0.975,"rots":[-15,25,-25,15,-5,5],"dils":[1.125,0.875,1.075,1.025,0.925,0.975],"possible_pos":[0,1,2,3,4,5]},{"id":"train-images","loop_number":1,"shape":"test9","outlier_type":"NA","choice":5,"outlierPosition":5,"success":true,"majorityOfMostRegularShapes":false,"rt":709.1000000014901,"rot1":5,"rot2":-5,"rot3":15,"rot4":-25,"rot5":-15,"rot6":25,"dil1":0.875,"dil2":1.125,"dil3":1.075,"dil4":0.975,"dil5":1.025,"dil6":0.925,"rots":[5,-5,15,-25,-15,25],"dils":[0.875,1.125,1.075,0.975,1.025,0.925],"possible_pos":[0,1,2,3,4,5]},{"id":"train-images","loop_number":1,"shape":"test4","outlier_type":"NA","choice":5,"outlierPosition":5,"success":true,"majorityOfMostRegularShapes":true,"rt":858.6000000014901,"rot1":15,"rot2":-25,"rot3":5,"rot4":-5,"rot5":-15,"rot6":25,"dil1":0.875,"dil2":1.025,"dil3":0.975,"dil4":0.925,"dil5":1.075,"dil6":1.125,"rots":[15,-25,5,-5,-15,25],"dils":[0.875,1.025,0.975,0.925,1.075,1.125],"possible_pos":[0,1,2,3,4,5]},{"id":"train-images","loop_number":1,"shape":"test2","outlier_type":"NA","choice":2,"outlierPosition":2,"success":true,"majorityOfMostRegularShapes":false,"rt":670.3999999985099,"rot1":-25,"rot2":5,"rot3":25,"rot4":15,"rot5":-15,"rot6":-5,"dil1":1.025,"dil2":0.875,"dil3":1.075,"dil4":0.925,"dil5":0.975,"dil6":1.125,"rots":[-25,5,25,15,-15,-5],"dils":[1.025,0.875,1.075,0.925,0.975,1.125],"possible_pos":[0,1,2,3,4,5]},{"id":"train-images","loop_number":1,"shape":"test6","outlier_type":"NA","choice":0,"outlierPosition":0,"success":true,"majorityOfMostRegularShapes":false,"rt":2694.89999999851,"rot1":15,"rot2":25,"rot3":-15,"rot4":-5,"rot5":5,"rot6":-25,"dil1":0.875,"dil2":1.075,"dil3":1.025,"dil4":0.975,"dil5":0.925,"dil6":1.125,"rots":[15,25,-15,-5,5,-25],"dils":[0.875,1.075,1.025,0.975,0.925,1.125],"possible_pos":[0,1,2,3,4,5]},{"id":"train-images","loop_number":1,"shape":"test5","outlier_type":"NA","choice":2,"outlierPosition":2,"success":true,"majorityOfMostRegularShapes":true,"rt":626.5,"rot1":-25,"rot2":25,"rot3":-15,"rot4":-5,"rot5":15,"rot6":5,"dil1":1.025,"dil2":1.075,"dil3":0.975,"dil4":0.875,"dil5":0.925,"dil6":1.125,"rots":[-25,25,-15,-5,15,5],"dils":[1.025,1.075,0.975,0.875,0.925,1.125],"possible_pos":[0,1,2,3,4,5]}],"trial_type":"oddball-grid-image","trial_index":3,"time_elapsed":488129,"internal_node_id":"0.0-3.0","score":0.6022727272727273,"early_termination":false},{"results":[{"id":"gen2","loop_number":1,"shape":0,"outlier_type":"NA","choice":1,"outlierPosition":1,"success":true,"majorityOfMostRegularShapes":false,"rt":790.1000000014901,"rot1":-25,"rot2":5,"rot3":25,"rot4":15,"rot5":-15,"rot6":-5,"dil1":1.125,"dil2":1.025,"dil3":1.075,"dil4":0.875,"dil5":0.925,"dil6":0.975,"rots":[-25,5,25,15,-15,-5],"dils":[1.125,1.025,1.075,0.875,0.925,0.975]},{"id":"gen2","loop_number":1,"shape":2,"outlier_type":"NA","choice":3,"outlierPosition":3,"success":true,"majorityOfMostRegularShapes":true,"rt":971.1999999992549,"rot1":-5,"rot2":25,"rot3":15,"rot4":-25,"rot5":5,"rot6":-15,"dil1":1.025,"dil2":0.925,"dil3":1.075,"dil4":1.125,"dil5":0.975,"dil6":0.875,"rots":[-5,25,15,-25,5,-15],"dils":[1.025,0.925,1.075,1.125,0.975,0.875]},{"id":"gen2","loop_number":1,"shape":0,"outlier_type":"NA","choice":2,"outlierPosition":2,"success":true,"majorityOfMostRegularShapes":false,"rt":765,"rot1":5,"rot2":-5,"rot3":15,"rot4":-25,"rot5":-15,"rot6":25,"dil1":1.125,"dil2":1.075,"dil3":0.975,"dil4":0.925,"dil5":0.875,"dil6":1.025,"rots":[5,-5,15,-25,-15,25],"dils":[1.125,1.075,0.975,0.925,0.875,1.025]},{"id":"gen2","loop_number":1,"shape":1,"outlier_type":"NA","choice":2,"outlierPosition":2,"success":true,"majorityOfMostRegularShapes":true,"rt":587.6000000014901,"rot1":-15,"rot2":-5,"rot3":5,"rot4":-25,"rot5":25,"rot6":15,"dil1":0.925,"dil2":0.875,"dil3":1.075,"dil4":0.975,"dil5":1.125,"dil6":1.025,"rots":[-15,-5,5,-25,25,15],"dils":[0.925,0.875,1.075,0.975,1.125,1.025]},{"id":"gen2","loop_number":1,"shape":0,"outlier_type":"NA","choice":5,"outlierPosition":5,"success":true,"majorityOfMostRegularShapes":true,"rt":1000.2000000029802,"rot1":5,"rot2":15,"rot3":-25,"rot4":-5,"rot5":-15,"rot6":25,"dil1":0.925,"dil2":1.125,"dil3":1.025,"dil4":1.075,"dil5":0.875,"dil6":0.975,"rots":[5,15,-25,-5,-15,25],"dils":[0.925,1.125,1.025,1.075,0.875,0.975]},{"id":"gen2","loop_number":1,"shape":2,"outlier_type":"NA","choice":1,"outlierPosition":1,"success":true,"majorityOfMostRegularShapes":true,"rt":1073.8999999985099,"rot1":-5,"rot2":15,"rot3":-25,"rot4":-15,"rot5":25,"rot6":5,"dil1":0.875,"dil2":1.125,"dil3":0.925,"dil4":1.075,"dil5":1.025,"dil6":0.975,"rots":[-5,15,-25,-15,25,5],"dils":[0.875,1.125,0.925,1.075,1.025,0.975]},{"id":"gen2","loop_number":1,"shape":1,"outlier_type":"NA","choice":1,"outlierPosition":1,"success":true,"majorityOfMostRegularShapes":false,"rt":644,"rot1":-5,"rot2":-15,"rot3":-25,"rot4":25,"rot5":5,"rot6":15,"dil1":0.925,"dil2":0.875,"dil3":0.975,"dil4":1.075,"dil5":1.025,"dil6":1.125,"rots":[-5,-15,-25,25,5,15],"dils":[0.925,0.875,0.975,1.075,1.025,1.125]},{"id":"gen2","loop_number":1,"shape":2,"outlier_type":"NA","choice":4,"outlierPosition":4,"success":true,"majorityOfMostRegularShapes":false,"rt":889.2000000029802,"rot1":-15,"rot2":-5,"rot3":-25,"rot4":25,"rot5":5,"rot6":15,"dil1":1.125,"dil2":0.875,"dil3":1.025,"dil4":0.975,"dil5":0.925,"dil6":1.075,"rots":[-15,-5,-25,25,5,15],"dils":[1.125,0.875,1.025,0.975,0.925,1.075]},{"id":"gen2","loop_number":1,"shape":0,"outlier_type":"NA","choice":2,"outlierPosition":2,"success":true,"majorityOfMostRegularShapes":true,"rt":884.5999999977648,"rot1":-15,"rot2":-5,"rot3":-25,"rot4":5,"rot5":25,"rot6":15,"dil1":1.075,"dil2":0.875,"dil3":0.975,"dil4":0.925,"dil5":1.025,"dil6":1.125,"rots":[-15,-5,-25,5,25,15],"dils":[1.075,0.875,0.975,0.925,1.025,1.125]},{"id":"gen2","loop_number":1,"shape":2,"outlier_type":"NA","choice":0,"outlierPosition":0,"success":true,"majorityOfMostRegularShapes":false,"rt":688.1000000014901,"rot1":5,"rot2":-25,"rot3":25,"rot4":15,"rot5":-15,"rot6":-5,"dil1":1.025,"dil2":0.875,"dil3":1.125,"dil4":0.925,"dil5":1.075,"dil6":0.975,"rots":[5,-25,25,15,-15,-5],"dils":[1.025,0.875,1.125,0.925,1.075,0.975]},{"id":"gen2","loop_number":1,"shape":1,"outlier_type":"NA","choice":1,"outlierPosition":1,"success":true,"majorityOfMostRegularShapes":true,"rt":623.6000000014901,"rot1":5,"rot2":-15,"rot3":15,"rot4":25,"rot5":-25,"rot6":-5,"dil1":1.025,"dil2":0.925,"dil3":1.075,"dil4":0.875,"dil5":0.975,"dil6":1.125,"rots":[5,-15,15,25,-25,-5],"dils":[1.025,0.925,1.075,0.875,0.975,1.125]},{"id":"gen2","loop_number":1,"shape":0,"outlier_type":"NA","choice":1,"outlierPosition":1,"success":true,"majorityOfMostRegularShapes":true,"rt":1851.800000000745,"rot1":5,"rot2":25,"rot3":-15,"rot4":-25,"rot5":15,"rot6":-5,"dil1":1.075,"dil2":0.975,"dil3":1.025,"dil4":0.875,"dil5":1.125,"dil6":0.925,"rots":[5,25,-15,-25,15,-5],"dils":[1.075,0.975,1.025,0.875,1.125,0.925]},{"id":"gen2","loop_number":1,"shape":2,"outlier_type":"NA","choice":1,"outlierPosition":1,"success":true,"majorityOfMostRegularShapes":false,"rt":578.5999999977648,"rot1":-5,"rot2":5,"rot3":15,"rot4":-25,"rot5":-15,"rot6":25,"dil1":1.075,"dil2":1.025,"dil3":0.975,"dil4":1.125,"dil5":0.875,"dil6":0.925,"rots":[-5,5,15,-25,-15,25],"dils":[1.075,1.025,0.975,1.125,0.875,0.925]},{"id":"gen2","loop_number":1,"shape":1,"outlier_type":"NA","choice":5,"outlierPosition":5,"success":true,"majorityOfMostRegularShapes":true,"rt":660.3999999985099,"rot1":5,"rot2":-5,"rot3":25,"rot4":-25,"rot5":15,"rot6":-15,"dil1":0.925,"dil2":0.875,"dil3":1.125,"dil4":1.025,"dil5":0.975,"dil6":1.075,"rots":[5,-5,25,-25,15,-15],"dils":[0.925,0.875,1.125,1.025,0.975,1.075]},{"id":"gen2","loop_number":1,"shape":2,"outlier_type":"NA","choice":4,"outlierPosition":4,"success":true,"majorityOfMostRegularShapes":true,"rt":838.8999999985099,"rot1":-25,"rot2":5,"rot3":-15,"rot4":15,"rot5":25,"rot6":-5,"dil1":0.875,"dil2":1.125,"dil3":0.975,"dil4":1.025,"dil5":1.075,"dil6":0.925,"rots":[-25,5,-15,15,25,-5],"dils":[0.875,1.125,0.975,1.025,1.075,0.925]},{"id":"gen2","loop_number":1,"shape":1,"outlier_type":"NA","choice":5,"outlierPosition":5,"success":true,"majorityOfMostRegularShapes":false,"rt":518.6999999992549,"rot1":-5,"rot2":5,"rot3":15,"rot4":-25,"rot5":25,"rot6":-15,"dil1":1.125,"dil2":1.025,"dil3":0.975,"dil4":1.075,"dil5":0.875,"dil6":0.925,"rots":[-5,5,15,-25,25,-15],"dils":[1.125,1.025,0.975,1.075,0.875,0.925]},{"id":"gen2","loop_number":1,"shape":0,"outlier_type":"NA","choice":3,"outlierPosition":3,"success":true,"majorityOfMostRegularShapes":false,"rt":704.3999999985099,"rot1":-15,"rot2":15,"rot3":-25,"rot4":-5,"rot5":5,"rot6":25,"dil1":1.025,"dil2":0.975,"dil3":1.125,"dil4":1.075,"dil5":0.875,"dil6":0.925,"rots":[-15,15,-25,-5,5,25],"dils":[1.025,0.975,1.125,1.075,0.875,0.925]},{"id":"gen2","loop_number":1,"shape":1,"outlier_type":"NA","choice":2,"outlierPosition":2,"success":true,"majorityOfMostRegularShapes":false,"rt":793.6999999992549,"rot1":-15,"rot2":15,"rot3":-25,"rot4":5,"rot5":25,"rot6":-5,"dil1":1.025,"dil2":0.925,"dil3":0.875,"dil4":0.975,"dil5":1.125,"dil6":1.075,"rots":[-15,15,-25,5,25,-5],"dils":[1.025,0.925,0.875,0.975,1.125,1.075]}],"trial_type":"oddball-grid-easy","trial_index":4,"time_elapsed":527613,"internal_node_id":"0.0-4.0","score":0.6022727272727273,"early_termination":false},{"results":[{"id":"test","shape":"isoTrapezoid","outlier_type":2,"choice":0,"outlierPosition":0,"success":true,"majorityOfMostRegularShapes":true,"rt":1974.1000000014901,"rot1":-15,"rot2":-25,"rot3":15,"rot4":5,"rot5":-5,"rot6":25,"dil1":1.075,"dil2":1.125,"dil3":0.925,"dil4":1.025,"dil5":0.975,"dil6":0.875,"rots":[-15,-25,15,5,-5,25],"dils":[1.075,1.125,0.925,1.025,0.975,0.875]},{"id":"test","shape":"rustedHinge","outlier_type":1,"choice":1,"outlierPosition":1,"success":true,"majorityOfMostRegularShapes":false,"rt":3852.099999997765,"rot1":-5,"rot2":25,"rot3":5,"rot4":15,"rot5":-15,"rot6":-25,"dil1":0.925,"dil2":1.075,"dil3":1.125,"dil4":0.975,"dil5":0.875,"dil6":1.025,"rots":[-5,25,5,15,-15,-25],"dils":[0.925,1.075,1.125,0.975,0.875,1.025]},{"id":"test","shape":"random","outlier_type":2,"choice":1,"outlierPosition":1,"success":true,"majorityOfMostRegularShapes":false,"rt":2027.4000000022352,"rot1":-5,"rot2":-25,"rot3":5,"rot4":15,"rot5":-15,"rot6":25,"dil1":0.925,"dil2":0.875,"dil3":1.075,"dil4":1.125,"dil5":1.025,"dil6":0.975,"rots":[-5,-25,5,15,-15,25],"dils":[0.925,0.875,1.075,1.125,1.025,0.975]},{"id":"test","shape":"rightKite","outlier_type":1,"choice":2,"outlierPosition":1,"success":false,"majorityOfMostRegularShapes":true,"rt":6293,"rot1":-15,"rot2":5,"rot3":-5,"rot4":15,"rot5":-25,"rot6":25,"dil1":0.925,"dil2":1.125,"dil3":0.875,"dil4":1.025,"dil5":0.975,"dil6":1.075,"rots":[-15,5,-5,15,-25,25],"dils":[0.925,1.125,0.875,1.025,0.975,1.075]},{"id":"test","shape":"hinge","outlier_type":3,"choice":0,"outlierPosition":0,"success":true,"majorityOfMostRegularShapes":true,"rt":7198.29999999702,"rot1":5,"rot2":-15,"rot3":-5,"rot4":25,"rot5":-25,"rot6":15,"dil1":1.125,"dil2":0.875,"dil3":1.075,"dil4":0.925,"dil5":0.975,"dil6":1.025,"rots":[5,-15,-5,25,-25,15],"dils":[1.125,0.875,1.075,0.925,0.975,1.025]},{"id":"test","shape":"trapezoid","outlier_type":0,"choice":3,"outlierPosition":3,"success":true,"majorityOfMostRegularShapes":false,"rt":5496.39999999851,"rot1":-15,"rot2":15,"rot3":-5,"rot4":-25,"rot5":25,"rot6":5,"dil1":0.975,"dil2":1.125,"dil3":0.925,"dil4":0.875,"dil5":1.025,"dil6":1.075,"rots":[-15,15,-5,-25,25,5],"dils":[0.975,1.125,0.925,0.875,1.025,1.075]},{"id":"test","shape":"isoTrapezoid","outlier_type":3,"choice":0,"outlierPosition":0,"success":true,"majorityOfMostRegularShapes":true,"rt":2277.10000000149,"rot1":25,"rot2":15,"rot3":-5,"rot4":-15,"rot5":-25,"rot6":5,"dil1":1.125,"dil2":0.975,"dil3":1.025,"dil4":0.875,"dil5":1.075,"dil6":0.925,"rots":[25,15,-5,-15,-25,5],"dils":[1.125,0.975,1.025,0.875,1.075,0.925]},{"id":"test","shape":"rightKite","outlier_type":0,"choice":1,"outlierPosition":0,"success":false,"majorityOfMostRegularShapes":false,"rt":3076.89999999851,"rot1":-25,"rot2":-5,"rot3":5,"rot4":25,"rot5":15,"rot6":-15,"dil1":1.025,"dil2":0.875,"dil3":0.975,"dil4":1.075,"dil5":1.125,"dil6":0.925,"rots":[-25,-5,5,25,15,-15],"dils":[1.025,0.875,0.975,1.075,1.125,0.925]},{"id":"test","shape":"random","outlier_type":3,"choice":0,"outlierPosition":5,"success":false,"majorityOfMostRegularShapes":false,"rt":5584,"rot1":15,"rot2":5,"rot3":-5,"rot4":25,"rot5":-25,"rot6":-15,"dil1":0.875,"dil2":1.125,"dil3":1.075,"dil4":0.925,"dil5":1.025,"dil6":0.975,"rots":[15,5,-5,25,-25,-15],"dils":[0.875,1.125,1.075,0.925,1.025,0.975]},{"id":"test","shape":"losange","outlier_type":0,"choice":2,"outlierPosition":4,"success":false,"majorityOfMostRegularShapes":false,"rt":5376.20000000298,"rot1":5,"rot2":15,"rot3":-25,"rot4":-5,"rot5":-15,"rot6":25,"dil1":0.875,"dil2":0.975,"dil3":1.075,"dil4":0.925,"dil5":1.025,"dil6":1.125,"rots":[5,15,-25,-5,-15,25],"dils":[0.875,0.975,1.075,0.925,1.025,1.125]},{"id":"test","shape":"rightKite","outlier_type":2,"choice":0,"outlierPosition":3,"success":false,"majorityOfMostRegularShapes":true,"rt":5743.099999997765,"rot1":25,"rot2":5,"rot3":15,"rot4":-5,"rot5":-15,"rot6":-25,"dil1":0.875,"dil2":0.925,"dil3":1.125,"dil4":0.975,"dil5":1.025,"dil6":1.075,"rots":[25,5,15,-5,-15,-25],"dils":[0.875,0.925,1.125,0.975,1.025,1.075]},{"id":"test","shape":"rightKite","outlier_type":1,"choice":1,"outlierPosition":0,"success":false,"majorityOfMostRegularShapes":false,"rt":7268.39999999851,"rot1":-5,"rot2":15,"rot3":-15,"rot4":5,"rot5":-25,"rot6":25,"dil1":0.925,"dil2":1.075,"dil3":0.975,"dil4":0.875,"dil5":1.025,"dil6":1.125,"rots":[-5,15,-15,5,-25,25],"dils":[0.925,1.075,0.975,0.875,1.025,1.125]},{"id":"test","shape":"random","outlier_type":0,"choice":1,"outlierPosition":1,"success":true,"majorityOfMostRegularShapes":true,"rt":6379.900000002235,"rot1":-15,"rot2":-5,"rot3":-25,"rot4":15,"rot5":25,"rot6":5,"dil1":0.975,"dil2":0.925,"dil3":0.875,"dil4":1.125,"dil5":1.075,"dil6":1.025,"rots":[-15,-5,-25,15,25,5],"dils":[0.975,0.925,0.875,1.125,1.075,1.025]},{"id":"test","shape":"rectangle","outlier_type":3,"choice":1,"outlierPosition":1,"success":true,"majorityOfMostRegularShapes":false,"rt":1621.199999999255,"rot1":-25,"rot2":15,"rot3":5,"rot4":25,"rot5":-15,"rot6":-5,"dil1":1.125,"dil2":0.875,"dil3":1.025,"dil4":0.925,"dil5":1.075,"dil6":0.975,"rots":[-25,15,5,25,-15,-5],"dils":[1.125,0.875,1.025,0.925,1.075,0.975]},{"id":"test","shape":"losange","outlier_type":2,"choice":0,"outlierPosition":0,"success":true,"majorityOfMostRegularShapes":true,"rt":1152.4000000022352,"rot1":15,"rot2":25,"rot3":-5,"rot4":-15,"rot5":-25,"rot6":5,"dil1":0.875,"dil2":1.075,"dil3":0.925,"dil4":0.975,"dil5":1.025,"dil6":1.125,"rots":[15,25,-5,-15,-25,5],"dils":[0.875,1.075,0.925,0.975,1.025,1.125]},{"id":"test","shape":"parallelogram","outlier_type":3,"choice":5,"outlierPosition":1,"success":false,"majorityOfMostRegularShapes":true,"rt":1009.3000000007451,"rot1":15,"rot2":5,"rot3":25,"rot4":-25,"rot5":-15,"rot6":-5,"dil1":1.075,"dil2":0.925,"dil3":0.975,"dil4":1.125,"dil5":1.025,"dil6":0.875,"rots":[15,5,25,-25,-15,-5],"dils":[1.075,0.925,0.975,1.125,1.025,0.875]},{"id":"test","shape":"square","outlier_type":1,"choice":3,"outlierPosition":3,"success":true,"majorityOfMostRegularShapes":true,"rt":1204,"rot1":5,"rot2":-5,"rot3":15,"rot4":-15,"rot5":-25,"rot6":25,"dil1":1.125,"dil2":1.025,"dil3":0.975,"dil4":1.075,"dil5":0.925,"dil6":0.875,"rots":[5,-5,15,-15,-25,25],"dils":[1.125,1.025,0.975,1.075,0.925,0.875]},{"id":"test","shape":"losange","outlier_type":3,"choice":1,"outlierPosition":1,"success":true,"majorityOfMostRegularShapes":true,"rt":2244.599999997765,"rot1":-5,"rot2":-15,"rot3":15,"rot4":5,"rot5":25,"rot6":-25,"dil1":1.025,"dil2":1.075,"dil3":0.975,"dil4":0.875,"dil5":1.125,"dil6":0.925,"rots":[-5,-15,15,5,25,-25],"dils":[1.025,1.075,0.975,0.875,1.125,0.925]},{"id":"test","shape":"square","outlier_type":0,"choice":0,"outlierPosition":0,"success":true,"majorityOfMostRegularShapes":false,"rt":3580.89999999851,"rot1":-5,"rot2":25,"rot3":-25,"rot4":-15,"rot5":5,"rot6":15,"dil1":0.975,"dil2":1.075,"dil3":1.025,"dil4":0.925,"dil5":0.875,"dil6":1.125,"rots":[-5,25,-25,-15,5,15],"dils":[0.975,1.075,1.025,0.925,0.875,1.125]},{"id":"test","shape":"rightKite","outlier_type":3,"choice":0,"outlierPosition":0,"success":true,"majorityOfMostRegularShapes":false,"rt":2807.599999997765,"rot1":-25,"rot2":5,"rot3":-15,"rot4":-5,"rot5":25,"rot6":15,"dil1":0.875,"dil2":1.075,"dil3":0.975,"dil4":1.025,"dil5":0.925,"dil6":1.125,"rots":[-25,5,-15,-5,25,15],"dils":[0.875,1.075,0.975,1.025,0.925,1.125]},{"id":"test","shape":"hinge","outlier_type":1,"choice":3,"outlierPosition":4,"success":false,"majorityOfMostRegularShapes":true,"rt":2390.39999999851,"rot1":5,"rot2":15,"rot3":-15,"rot4":-25,"rot5":25,"rot6":-5,"dil1":0.975,"dil2":1.075,"dil3":1.025,"dil4":1.125,"dil5":0.875,"dil6":0.925,"rots":[5,15,-15,-25,25,-5],"dils":[0.975,1.075,1.025,1.125,0.875,0.925]},{"id":"test","shape":"rustedHinge","outlier_type":2,"choice":3,"outlierPosition":3,"success":true,"majorityOfMostRegularShapes":false,"rt":4426.89999999851,"rot1":-25,"rot2":-5,"rot3":5,"rot4":-15,"rot5":15,"rot6":25,"dil1":0.875,"dil2":1.075,"dil3":1.125,"dil4":0.975,"dil5":1.025,"dil6":0.925,"rots":[-25,-5,5,-15,15,25],"dils":[0.875,1.075,1.125,0.975,1.025,0.925]},{"id":"test","shape":"isoTrapezoid","outlier_type":1,"choice":4,"outlierPosition":4,"success":true,"majorityOfMostRegularShapes":false,"rt":2321.099999997765,"rot1":25,"rot2":-15,"rot3":-5,"rot4":-25,"rot5":5,"rot6":15,"dil1":0.875,"dil2":1.025,"dil3":0.925,"dil4":0.975,"dil5":1.075,"dil6":1.125,"rots":[25,-15,-5,-25,5,15],"dils":[0.875,1.025,0.925,0.975,1.075,1.125]},{"id":"test","shape":"square","outlier_type":3,"choice":1,"outlierPosition":4,"success":false,"majorityOfMostRegularShapes":true,"rt":1581.9000000022352,"rot1":5,"rot2":-15,"rot3":25,"rot4":-25,"rot5":-5,"rot6":15,"dil1":0.925,"dil2":0.975,"dil3":1.025,"dil4":1.075,"dil5":0.875,"dil6":1.125,"rots":[5,-15,25,-25,-5,15],"dils":[0.925,0.975,1.025,1.075,0.875,1.125]},{"id":"test","shape":"parallelogram","outlier_type":0,"choice":1,"outlierPosition":5,"success":false,"majorityOfMostRegularShapes":false,"rt":2135.10000000149,"rot1":5,"rot2":25,"rot3":-5,"rot4":-15,"rot5":-25,"rot6":15,"dil1":0.975,"dil2":0.925,"dil3":0.875,"dil4":1.125,"dil5":1.075,"dil6":1.025,"rots":[5,25,-5,-15,-25,15],"dils":[0.975,0.925,0.875,1.125,1.075,1.025]},{"id":"test","shape":"losange","outlier_type":3,"choice":1,"outlierPosition":1,"success":true,"majorityOfMostRegularShapes":false,"rt":2418.7000000029802,"rot1":15,"rot2":-25,"rot3":-5,"rot4":5,"rot5":-15,"rot6":25,"dil1":0.925,"dil2":0.975,"dil3":1.125,"dil4":1.025,"dil5":1.075,"dil6":0.875,"rots":[15,-25,-5,5,-15,25],"dils":[0.925,0.975,1.125,1.025,1.075,0.875]},{"id":"test","shape":"hinge","outlier_type":2,"choice":3,"outlierPosition":3,"success":true,"majorityOfMostRegularShapes":false,"rt":4554.5,"rot1":25,"rot2":-5,"rot3":-25,"rot4":15,"rot5":5,"rot6":-15,"dil1":0.975,"dil2":0.925,"dil3":1.125,"dil4":0.875,"dil5":1.025,"dil6":1.075,"rots":[25,-5,-25,15,5,-15],"dils":[0.975,0.925,1.125,0.875,1.025,1.075]},{"id":"test","shape":"square","outlier_type":1,"choice":0,"outlierPosition":0,"success":true,"majorityOfMostRegularShapes":false,"rt":2339.199999999255,"rot1":-15,"rot2":5,"rot3":25,"rot4":15,"rot5":-5,"rot6":-25,"dil1":0.875,"dil2":1.025,"dil3":1.075,"dil4":0.975,"dil5":1.125,"dil6":0.925,"rots":[-15,5,25,15,-5,-25],"dils":[0.875,1.025,1.075,0.975,1.125,0.925]},{"id":"test","shape":"parallelogram","outlier_type":0,"choice":5,"outlierPosition":5,"success":true,"majorityOfMostRegularShapes":true,"rt":3252,"rot1":15,"rot2":-25,"rot3":5,"rot4":-5,"rot5":25,"rot6":-15,"dil1":1.125,"dil2":0.975,"dil3":1.025,"dil4":0.875,"dil5":0.925,"dil6":1.075,"rots":[15,-25,5,-5,25,-15],"dils":[1.125,0.975,1.025,0.875,0.925,1.075]},{"id":"test","shape":"rectangle","outlier_type":1,"choice":2,"outlierPosition":2,"success":true,"majorityOfMostRegularShapes":true,"rt":2038.0999999977648,"rot1":15,"rot2":-25,"rot3":25,"rot4":-15,"rot5":5,"rot6":-5,"dil1":1.125,"dil2":0.925,"dil3":1.075,"dil4":1.025,"dil5":0.875,"dil6":0.975,"rots":[15,-25,25,-15,5,-5],"dils":[1.125,0.925,1.075,1.025,0.875,0.975]},{"id":"test","shape":"rustedHinge","outlier_type":2,"choice":5,"outlierPosition":4,"success":false,"majorityOfMostRegularShapes":true,"rt":4636.300000000745,"rot1":-5,"rot2":-15,"rot3":5,"rot4":-25,"rot5":15,"rot6":25,"dil1":0.975,"dil2":1.075,"dil3":1.125,"dil4":0.875,"dil5":1.025,"dil6":0.925,"rots":[-5,-15,5,-25,15,25],"dils":[0.975,1.075,1.125,0.875,1.025,0.925]},{"id":"test","shape":"trapezoid","outlier_type":0,"choice":2,"outlierPosition":4,"success":false,"majorityOfMostRegularShapes":true,"rt":2394.800000000745,"rot1":25,"rot2":-5,"rot3":-25,"rot4":-15,"rot5":5,"rot6":15,"dil1":0.975,"dil2":0.925,"dil3":1.075,"dil4":0.875,"dil5":1.125,"dil6":1.025,"rots":[25,-5,-25,-15,5,15],"dils":[0.975,0.925,1.075,0.875,1.125,1.025]},{"id":"test","shape":"random","outlier_type":1,"choice":4,"outlierPosition":5,"success":false,"majorityOfMostRegularShapes":true,"rt":5423.70000000298,"rot1":5,"rot2":25,"rot3":-5,"rot4":15,"rot5":-25,"rot6":-15,"dil1":0.875,"dil2":1.125,"dil3":0.975,"dil4":0.925,"dil5":1.075,"dil6":1.025,"rots":[5,25,-5,15,-25,-15],"dils":[0.875,1.125,0.975,0.925,1.075,1.025]},{"id":"test","shape":"random","outlier_type":2,"choice":3,"outlierPosition":4,"success":false,"majorityOfMostRegularShapes":true,"rt":3237.89999999851,"rot1":5,"rot2":15,"rot3":-5,"rot4":25,"rot5":-15,"rot6":-25,"dil1":0.875,"dil2":1.125,"dil3":1.075,"dil4":1.025,"dil5":0.925,"dil6":0.975,"rots":[5,15,-5,25,-15,-25],"dils":[0.875,1.125,1.075,1.025,0.925,0.975]},{"id":"test","shape":"rectangle","outlier_type":0,"choice":3,"outlierPosition":5,"success":false,"majorityOfMostRegularShapes":false,"rt":2747.5,"rot1":-25,"rot2":-5,"rot3":15,"rot4":25,"rot5":-15,"rot6":5,"dil1":0.875,"dil2":1.125,"dil3":0.975,"dil4":1.025,"dil5":0.925,"dil6":1.075,"rots":[-25,-5,15,25,-15,5],"dils":[0.875,1.125,0.975,1.025,0.925,1.075]},{"id":"test","shape":"rightKite","outlier_type":3,"choice":2,"outlierPosition":1,"success":false,"majorityOfMostRegularShapes":true,"rt":1455,"rot1":-5,"rot2":15,"rot3":-25,"rot4":-15,"rot5":5,"rot6":25,"dil1":0.975,"dil2":0.925,"dil3":1.075,"dil4":1.125,"dil5":0.875,"dil6":1.025,"rots":[-5,15,-25,-15,5,25],"dils":[0.975,0.925,1.075,1.125,0.875,1.025]},{"id":"test","shape":"hinge","outlier_type":2,"choice":1,"outlierPosition":1,"success":true,"majorityOfMostRegularShapes":true,"rt":4080.2000000029802,"rot1":25,"rot2":-5,"rot3":-15,"rot4":15,"rot5":-25,"rot6":5,"dil1":1.125,"dil2":0.875,"dil3":0.925,"dil4":1.075,"dil5":0.975,"dil6":1.025,"rots":[25,-5,-15,15,-25,5],"dils":[1.125,0.875,0.925,1.075,0.975,1.025]},{"id":"test","shape":"rustedHinge","outlier_type":3,"choice":1,"outlierPosition":1,"success":true,"majorityOfMostRegularShapes":true,"rt":2393.800000000745,"rot1":-5,"rot2":25,"rot3":-25,"rot4":15,"rot5":5,"rot6":-15,"dil1":0.975,"dil2":0.925,"dil3":1.025,"dil4":1.125,"dil5":1.075,"dil6":0.875,"rots":[-5,25,-25,15,5,-15],"dils":[0.975,0.925,1.025,1.125,1.075,0.875]},{"id":"test","shape":"parallelogram","outlier_type":1,"choice":0,"outlierPosition":0,"success":true,"majorityOfMostRegularShapes":false,"rt":3034.900000002235,"rot1":-25,"rot2":-5,"rot3":25,"rot4":15,"rot5":-15,"rot6":5,"dil1":0.975,"dil2":1.025,"dil3":1.075,"dil4":0.875,"dil5":0.925,"dil6":1.125,"rots":[-25,-5,25,15,-15,5],"dils":[0.975,1.025,1.075,0.875,0.925,1.125]},{"id":"test","shape":"isoTrapezoid","outlier_type":0,"choice":3,"outlierPosition":2,"success":false,"majorityOfMostRegularShapes":false,"rt":3728.2000000029802,"rot1":-5,"rot2":-15,"rot3":25,"rot4":5,"rot5":15,"rot6":-25,"dil1":0.975,"dil2":1.075,"dil3":0.875,"dil4":1.125,"dil5":0.925,"dil6":1.025,"rots":[-5,-15,25,5,15,-25],"dils":[0.975,1.075,0.875,1.125,0.925,1.025]},{"id":"test","shape":"kite","outlier_type":1,"choice":4,"outlierPosition":4,"success":true,"majorityOfMostRegularShapes":true,"rt":2556.5,"rot1":-25,"rot2":-5,"rot3":-15,"rot4":5,"rot5":25,"rot6":15,"dil1":0.975,"dil2":1.125,"dil3":0.875,"dil4":1.025,"dil5":1.075,"dil6":0.925,"rots":[-25,-5,-15,5,25,15],"dils":[0.975,1.125,0.875,1.025,1.075,0.925]},{"id":"test","shape":"parallelogram","outlier_type":2,"choice":3,"outlierPosition":3,"success":true,"majorityOfMostRegularShapes":true,"rt":3274.900000002235,"rot1":25,"rot2":5,"rot3":15,"rot4":-15,"rot5":-5,"rot6":-25,"dil1":1.075,"dil2":0.975,"dil3":0.925,"dil4":1.125,"dil5":1.025,"dil6":0.875,"rots":[25,5,15,-15,-5,-25],"dils":[1.075,0.975,0.925,1.125,1.025,0.875]},{"id":"test","shape":"isoTrapezoid","outlier_type":0,"choice":2,"outlierPosition":2,"success":true,"majorityOfMostRegularShapes":true,"rt":2708.5,"rot1":5,"rot2":-25,"rot3":15,"rot4":-5,"rot5":25,"rot6":-15,"dil1":1.125,"dil2":1.025,"dil3":0.875,"dil4":1.075,"dil5":0.925,"dil6":0.975,"rots":[5,-25,15,-5,25,-15],"dils":[1.125,1.025,0.875,1.075,0.925,0.975]},{"id":"test","shape":"rustedHinge","outlier_type":3,"choice":3,"outlierPosition":5,"success":false,"majorityOfMostRegularShapes":false,"rt":3253.800000000745,"rot1":-15,"rot2":15,"rot3":25,"rot4":5,"rot5":-25,"rot6":-5,"dil1":0.875,"dil2":0.975,"dil3":0.925,"dil4":1.125,"dil5":1.075,"dil6":1.025,"rots":[-15,15,25,5,-25,-5],"dils":[0.875,0.975,0.925,1.125,1.075,1.025]},{"id":"test","shape":"trapezoid","outlier_type":1,"choice":4,"outlierPosition":3,"success":false,"majorityOfMostRegularShapes":true,"rt":1642.2999999970198,"rot1":-5,"rot2":-25,"rot3":15,"rot4":25,"rot5":-15,"rot6":5,"dil1":0.925,"dil2":0.875,"dil3":1.025,"dil4":1.075,"dil5":1.125,"dil6":0.975,"rots":[-5,-25,15,25,-15,5],"dils":[0.925,0.875,1.025,1.075,1.125,0.975]},{"id":"test","shape":"kite","outlier_type":3,"choice":2,"outlierPosition":2,"success":true,"majorityOfMostRegularShapes":true,"rt":2268.300000000745,"rot1":-5,"rot2":15,"rot3":25,"rot4":5,"rot5":-15,"rot6":-25,"dil1":0.975,"dil2":0.925,"dil3":1.075,"dil4":0.875,"dil5":1.125,"dil6":1.025,"rots":[-5,15,25,5,-15,-25],"dils":[0.975,0.925,1.075,0.875,1.125,1.025]},{"id":"test","shape":"rustedHinge","outlier_type":0,"choice":4,"outlierPosition":2,"success":false,"majorityOfMostRegularShapes":false,"rt":2005,"rot1":-5,"rot2":-25,"rot3":-15,"rot4":25,"rot5":15,"rot6":5,"dil1":1.125,"dil2":1.075,"dil3":1.025,"dil4":0.875,"dil5":0.925,"dil6":0.975,"rots":[-5,-25,-15,25,15,5],"dils":[1.125,1.075,1.025,0.875,0.925,0.975]},{"id":"test","shape":"trapezoid","outlier_type":3,"choice":2,"outlierPosition":2,"success":true,"majorityOfMostRegularShapes":true,"rt":3003.199999999255,"rot1":5,"rot2":15,"rot3":25,"rot4":-15,"rot5":-5,"rot6":-25,"dil1":0.925,"dil2":1.025,"dil3":1.125,"dil4":0.875,"dil5":0.975,"dil6":1.075,"rots":[5,15,25,-15,-5,-25],"dils":[0.925,1.025,1.125,0.875,0.975,1.075]},{"id":"test","shape":"losange","outlier_type":1,"choice":5,"outlierPosition":5,"success":true,"majorityOfMostRegularShapes":true,"rt":1740.300000000745,"rot1":-15,"rot2":25,"rot3":-25,"rot4":5,"rot5":15,"rot6":-5,"dil1":1.025,"dil2":0.975,"dil3":1.125,"dil4":0.875,"dil5":0.925,"dil6":1.075,"rots":[-15,25,-25,5,15,-5],"dils":[1.025,0.975,1.125,0.875,0.925,1.075]},{"id":"test","shape":"square","outlier_type":0,"choice":0,"outlierPosition":0,"success":true,"majorityOfMostRegularShapes":true,"rt":1517.199999999255,"rot1":15,"rot2":-5,"rot3":-25,"rot4":-15,"rot5":25,"rot6":5,"dil1":0.875,"dil2":0.975,"dil3":1.025,"dil4":0.925,"dil5":1.075,"dil6":1.125,"rots":[15,-5,-25,-15,25,5],"dils":[0.875,0.975,1.025,0.925,1.075,1.125]},{"id":"test","shape":"kite","outlier_type":3,"choice":2,"outlierPosition":2,"success":true,"majorityOfMostRegularShapes":false,"rt":1937.3999999985099,"rot1":5,"rot2":-15,"rot3":-5,"rot4":-25,"rot5":15,"rot6":25,"dil1":0.875,"dil2":1.025,"dil3":1.075,"dil4":0.975,"dil5":0.925,"dil6":1.125,"rots":[5,-15,-5,-25,15,25],"dils":[0.875,1.025,1.075,0.975,0.925,1.125]},{"id":"test","shape":"losange","outlier_type":0,"choice":2,"outlierPosition":2,"success":true,"majorityOfMostRegularShapes":true,"rt":1829,"rot1":15,"rot2":-25,"rot3":25,"rot4":-15,"rot5":5,"rot6":-5,"dil1":1.075,"dil2":0.975,"dil3":1.025,"dil4":0.875,"dil5":0.925,"dil6":1.125,"rots":[15,-25,25,-15,5,-5],"dils":[1.075,0.975,1.025,0.875,0.925,1.125]},{"id":"test","shape":"rectangle","outlier_type":2,"choice":0,"outlierPosition":0,"success":true,"majorityOfMostRegularShapes":true,"rt":1000,"rot1":-15,"rot2":-5,"rot3":-25,"rot4":5,"rot5":15,"rot6":25,"dil1":1.125,"dil2":1.075,"dil3":0.875,"dil4":0.925,"dil5":1.025,"dil6":0.975,"rots":[-15,-5,-25,5,15,25],"dils":[1.125,1.075,0.875,0.925,1.025,0.975]},{"id":"test","shape":"random","outlier_type":1,"choice":2,"outlierPosition":4,"success":false,"majorityOfMostRegularShapes":false,"rt":2716.900000002235,"rot1":25,"rot2":-15,"rot3":15,"rot4":5,"rot5":-5,"rot6":-25,"dil1":1.025,"dil2":1.075,"dil3":0.925,"dil4":1.125,"dil5":0.875,"dil6":0.975,"rots":[25,-15,15,5,-5,-25],"dils":[1.025,1.075,0.925,1.125,0.875,0.975]},{"id":"test","shape":"kite","outlier_type":0,"choice":5,"outlierPosition":0,"success":false,"majorityOfMostRegularShapes":false,"rt":2870.89999999851,"rot1":5,"rot2":-25,"rot3":15,"rot4":-5,"rot5":25,"rot6":-15,"dil1":1.025,"dil2":0.975,"dil3":0.875,"dil4":1.075,"dil5":0.925,"dil6":1.125,"rots":[5,-25,15,-5,25,-15],"dils":[1.025,0.975,0.875,1.075,0.925,1.125]},{"id":"test","shape":"isoTrapezoid","outlier_type":1,"choice":1,"outlierPosition":1,"success":true,"majorityOfMostRegularShapes":true,"rt":3851.400000002235,"rot1":25,"rot2":15,"rot3":5,"rot4":-5,"rot5":-25,"rot6":-15,"dil1":0.925,"dil2":0.975,"dil3":1.025,"dil4":1.075,"dil5":1.125,"dil6":0.875,"rots":[25,15,5,-5,-25,-15],"dils":[0.925,0.975,1.025,1.075,1.125,0.875]},{"id":"test","shape":"parallelogram","outlier_type":2,"choice":3,"outlierPosition":3,"success":true,"majorityOfMostRegularShapes":false,"rt":2145,"rot1":-15,"rot2":5,"rot3":25,"rot4":-25,"rot5":-5,"rot6":15,"dil1":0.975,"dil2":1.025,"dil3":1.075,"dil4":0.875,"dil5":1.125,"dil6":0.925,"rots":[-15,5,25,-25,-5,15],"dils":[0.975,1.025,1.075,0.875,1.125,0.925]},{"id":"test","shape":"trapezoid","outlier_type":3,"choice":5,"outlierPosition":5,"success":true,"majorityOfMostRegularShapes":false,"rt":1853.6000000014901,"rot1":-5,"rot2":15,"rot3":-15,"rot4":5,"rot5":-25,"rot6":25,"dil1":0.975,"dil2":1.025,"dil3":0.925,"dil4":1.075,"dil5":1.125,"dil6":0.875,"rots":[-5,15,-15,5,-25,25],"dils":[0.975,1.025,0.925,1.075,1.125,0.875]},{"id":"test","shape":"rustedHinge","outlier_type":0,"choice":2,"outlierPosition":3,"success":false,"majorityOfMostRegularShapes":true,"rt":2129.89999999851,"rot1":-5,"rot2":15,"rot3":25,"rot4":5,"rot5":-15,"rot6":-25,"dil1":1.025,"dil2":0.875,"dil3":0.975,"dil4":1.075,"dil5":1.125,"dil6":0.925,"rots":[-5,15,25,5,-15,-25],"dils":[1.025,0.875,0.975,1.075,1.125,0.925]},{"id":"test","shape":"losange","outlier_type":1,"choice":4,"outlierPosition":5,"success":false,"majorityOfMostRegularShapes":false,"rt":1799.3999999985099,"rot1":15,"rot2":-25,"rot3":-15,"rot4":5,"rot5":25,"rot6":-5,"dil1":0.975,"dil2":0.925,"dil3":1.075,"dil4":1.125,"dil5":0.875,"dil6":1.025,"rots":[15,-25,-15,5,25,-5],"dils":[0.975,0.925,1.075,1.125,0.875,1.025]},{"id":"test","shape":"rightKite","outlier_type":2,"choice":3,"outlierPosition":3,"success":true,"majorityOfMostRegularShapes":false,"rt":4373.099999997765,"rot1":-5,"rot2":5,"rot3":15,"rot4":-15,"rot5":25,"rot6":-25,"dil1":1.125,"dil2":0.975,"dil3":0.875,"dil4":0.925,"dil5":1.025,"dil6":1.075,"rots":[-5,5,15,-15,25,-25],"dils":[1.125,0.975,0.875,0.925,1.025,1.075]},{"id":"test","shape":"random","outlier_type":0,"choice":1,"outlierPosition":0,"success":false,"majorityOfMostRegularShapes":false,"rt":2164.699999999255,"rot1":15,"rot2":-25,"rot3":-15,"rot4":5,"rot5":25,"rot6":-5,"dil1":0.975,"dil2":1.125,"dil3":0.875,"dil4":1.075,"dil5":0.925,"dil6":1.025,"rots":[15,-25,-15,5,25,-5],"dils":[0.975,1.125,0.875,1.075,0.925,1.025]},{"id":"test","shape":"kite","outlier_type":2,"choice":5,"outlierPosition":3,"success":false,"majorityOfMostRegularShapes":false,"rt":1691,"rot1":5,"rot2":15,"rot3":-5,"rot4":-15,"rot5":-25,"rot6":25,"dil1":0.875,"dil2":1.075,"dil3":1.025,"dil4":0.925,"dil5":1.125,"dil6":0.975,"rots":[5,15,-5,-15,-25,25],"dils":[0.875,1.075,1.025,0.925,1.125,0.975]},{"id":"test","shape":"rightKite","outlier_type":0,"choice":0,"outlierPosition":4,"success":false,"majorityOfMostRegularShapes":true,"rt":2484.599999997765,"rot1":25,"rot2":-25,"rot3":15,"rot4":5,"rot5":-15,"rot6":-5,"dil1":1.125,"dil2":0.875,"dil3":1.025,"dil4":0.975,"dil5":0.925,"dil6":1.075,"rots":[25,-25,15,5,-15,-5],"dils":[1.125,0.875,1.025,0.975,0.925,1.075]},{"id":"test","shape":"rustedHinge","outlier_type":1,"choice":5,"outlierPosition":5,"success":true,"majorityOfMostRegularShapes":true,"rt":1463.7999999970198,"rot1":15,"rot2":5,"rot3":-15,"rot4":-5,"rot5":25,"rot6":-25,"dil1":0.925,"dil2":1.125,"dil3":1.025,"dil4":1.075,"dil5":0.875,"dil6":0.975,"rots":[15,5,-15,-5,25,-25],"dils":[0.925,1.125,1.025,1.075,0.875,0.975]},{"id":"test","shape":"hinge","outlier_type":3,"choice":4,"outlierPosition":4,"success":true,"majorityOfMostRegularShapes":false,"rt":2054.60000000149,"rot1":15,"rot2":-15,"rot3":25,"rot4":-5,"rot5":-25,"rot6":5,"dil1":1.025,"dil2":1.075,"dil3":0.875,"dil4":0.975,"dil5":1.125,"dil6":0.925,"rots":[15,-15,25,-5,-25,5],"dils":[1.025,1.075,0.875,0.975,1.125,0.925]},{"id":"test","shape":"kite","outlier_type":0,"choice":2,"outlierPosition":2,"success":true,"majorityOfMostRegularShapes":true,"rt":2891.699999999255,"rot1":5,"rot2":-15,"rot3":25,"rot4":-25,"rot5":-5,"rot6":15,"dil1":1.075,"dil2":1.025,"dil3":0.875,"dil4":1.125,"dil5":0.975,"dil6":0.925,"rots":[5,-15,25,-25,-5,15],"dils":[1.075,1.025,0.875,1.125,0.975,0.925]},{"id":"test","shape":"square","outlier_type":3,"choice":0,"outlierPosition":0,"success":true,"majorityOfMostRegularShapes":false,"rt":2188.10000000149,"rot1":15,"rot2":5,"rot3":-15,"rot4":-25,"rot5":25,"rot6":-5,"dil1":0.925,"dil2":1.125,"dil3":0.975,"dil4":0.875,"dil5":1.075,"dil6":1.025,"rots":[15,5,-15,-25,25,-5],"dils":[0.925,1.125,0.975,0.875,1.075,1.025]},{"id":"test","shape":"hinge","outlier_type":0,"choice":1,"outlierPosition":1,"success":true,"majorityOfMostRegularShapes":true,"rt":2750.699999999255,"rot1":5,"rot2":25,"rot3":-15,"rot4":-5,"rot5":15,"rot6":-25,"dil1":0.875,"dil2":1.025,"dil3":1.125,"dil4":0.925,"dil5":0.975,"dil6":1.075,"rots":[5,25,-15,-5,15,-25],"dils":[0.875,1.025,1.125,0.925,0.975,1.075]},{"id":"test","shape":"kite","outlier_type":1,"choice":5,"outlierPosition":3,"success":false,"majorityOfMostRegularShapes":false,"rt":5337.800000000745,"rot1":5,"rot2":-25,"rot3":-5,"rot4":-15,"rot5":15,"rot6":25,"dil1":1.025,"dil2":0.975,"dil3":1.125,"dil4":0.875,"dil5":1.075,"dil6":0.925,"rots":[5,-25,-5,-15,15,25],"dils":[1.025,0.975,1.125,0.875,1.075,0.925]},{"id":"test","shape":"rectangle","outlier_type":3,"choice":2,"outlierPosition":2,"success":true,"majorityOfMostRegularShapes":true,"rt":1089.4000000022352,"rot1":15,"rot2":5,"rot3":25,"rot4":-25,"rot5":-15,"rot6":-5,"dil1":0.875,"dil2":1.025,"dil3":0.925,"dil4":1.125,"dil5":0.975,"dil6":1.075,"rots":[15,5,25,-25,-15,-5],"dils":[0.875,1.025,0.925,1.125,0.975,1.075]},{"id":"test","shape":"trapezoid","outlier_type":2,"choice":0,"outlierPosition":3,"success":false,"majorityOfMostRegularShapes":false,"rt":2297.099999997765,"rot1":25,"rot2":-5,"rot3":-15,"rot4":15,"rot5":-25,"rot6":5,"dil1":0.925,"dil2":0.875,"dil3":1.025,"dil4":1.125,"dil5":1.075,"dil6":0.975,"rots":[25,-5,-15,15,-25,5],"dils":[0.925,0.875,1.025,1.125,1.075,0.975]},{"id":"test","shape":"parallelogram","outlier_type":3,"choice":1,"outlierPosition":1,"success":true,"majorityOfMostRegularShapes":false,"rt":2020.199999999255,"rot1":25,"rot2":-25,"rot3":-5,"rot4":-15,"rot5":15,"rot6":5,"dil1":1.075,"dil2":0.975,"dil3":0.875,"dil4":1.125,"dil5":0.925,"dil6":1.025,"rots":[25,-25,-5,-15,15,5],"dils":[1.075,0.975,0.875,1.125,0.925,1.025]},{"id":"test","shape":"rectangle","outlier_type":2,"choice":3,"outlierPosition":3,"success":true,"majorityOfMostRegularShapes":false,"rt":1418.199999999255,"rot1":-15,"rot2":-25,"rot3":-5,"rot4":5,"rot5":25,"rot6":15,"dil1":1.025,"dil2":1.075,"dil3":1.125,"dil4":0.925,"dil5":0.875,"dil6":0.975,"rots":[-15,-25,-5,5,25,15],"dils":[1.025,1.075,1.125,0.925,0.875,0.975]},{"id":"test","shape":"trapezoid","outlier_type":1,"choice":5,"outlierPosition":5,"success":true,"majorityOfMostRegularShapes":false,"rt":2581.199999999255,"rot1":15,"rot2":-15,"rot3":5,"rot4":-25,"rot5":25,"rot6":-5,"dil1":1.075,"dil2":0.875,"dil3":0.975,"dil4":0.925,"dil5":1.025,"dil6":1.125,"rots":[15,-15,5,-25,25,-5],"dils":[1.075,0.875,0.975,0.925,1.025,1.125]},{"id":"test","shape":"isoTrapezoid","outlier_type":2,"choice":4,"outlierPosition":5,"success":false,"majorityOfMostRegularShapes":false,"rt":3016.5,"rot1":-15,"rot2":5,"rot3":25,"rot4":-5,"rot5":15,"rot6":-25,"dil1":1.075,"dil2":1.025,"dil3":0.925,"dil4":0.875,"dil5":1.125,"dil6":0.975,"rots":[-15,5,25,-5,15,-25],"dils":[1.075,1.025,0.925,0.875,1.125,0.975]},{"id":"test","shape":"hinge","outlier_type":1,"choice":3,"outlierPosition":4,"success":false,"majorityOfMostRegularShapes":false,"rt":2193.7999999970198,"rot1":5,"rot2":-25,"rot3":15,"rot4":-5,"rot5":25,"rot6":-15,"dil1":0.875,"dil2":0.975,"dil3":1.025,"dil4":0.925,"dil5":1.075,"dil6":1.125,"rots":[5,-25,15,-5,25,-15],"dils":[0.875,0.975,1.025,0.925,1.075,1.125]},{"id":"test","shape":"rectangle","outlier_type":0,"choice":0,"outlierPosition":3,"success":false,"majorityOfMostRegularShapes":true,"rt":1309,"rot1":-5,"rot2":15,"rot3":-15,"rot4":-25,"rot5":5,"rot6":25,"dil1":0.975,"dil2":1.025,"dil3":1.125,"dil4":0.925,"dil5":0.875,"dil6":1.075,"rots":[-5,15,-15,-25,5,25],"dils":[0.975,1.025,1.125,0.925,0.875,1.075]},{"id":"test","shape":"square","outlier_type":2,"choice":0,"outlierPosition":0,"success":true,"majorityOfMostRegularShapes":false,"rt":1638.0999999977648,"rot1":5,"rot2":15,"rot3":-15,"rot4":-25,"rot5":-5,"rot6":25,"dil1":0.975,"dil2":1.125,"dil3":0.875,"dil4":1.075,"dil5":0.925,"dil6":1.025,"rots":[5,15,-15,-25,-5,25],"dils":[0.975,1.125,0.875,1.075,0.925,1.025]},{"id":"test","shape":"random","outlier_type":3,"choice":2,"outlierPosition":5,"success":false,"majorityOfMostRegularShapes":true,"rt":4393,"rot1":-25,"rot2":15,"rot3":-5,"rot4":25,"rot5":-15,"rot6":5,"dil1":0.975,"dil2":0.925,"dil3":0.875,"dil4":1.075,"dil5":1.025,"dil6":1.125,"rots":[-25,15,-5,25,-15,5],"dils":[0.975,0.925,0.875,1.075,1.025,1.125]},{"id":"test","shape":"parallelogram","outlier_type":1,"choice":1,"outlierPosition":1,"success":true,"majorityOfMostRegularShapes":true,"rt":2131.699999999255,"rot1":-25,"rot2":5,"rot3":15,"rot4":-5,"rot5":25,"rot6":-15,"dil1":1.025,"dil2":0.875,"dil3":0.975,"dil4":1.125,"dil5":0.925,"dil6":1.075,"rots":[-25,5,15,-5,25,-15],"dils":[1.025,0.875,0.975,1.125,0.925,1.075]},{"id":"test","shape":"kite","outlier_type":2,"choice":4,"outlierPosition":4,"success":true,"majorityOfMostRegularShapes":true,"rt":2599.5,"rot1":-15,"rot2":-25,"rot3":-5,"rot4":5,"rot5":25,"rot6":15,"dil1":1.125,"dil2":0.875,"dil3":1.025,"dil4":0.975,"dil5":1.075,"dil6":0.925,"rots":[-15,-25,-5,5,25,15],"dils":[1.125,0.875,1.025,0.975,1.075,0.925]},{"id":"test","shape":"isoTrapezoid","outlier_type":3,"choice":1,"outlierPosition":1,"success":true,"majorityOfMostRegularShapes":false,"rt":1928.199999999255,"rot1":-15,"rot2":-25,"rot3":5,"rot4":25,"rot5":15,"rot6":-5,"dil1":1.125,"dil2":1.075,"dil3":1.025,"dil4":0.925,"dil5":0.875,"dil6":0.975,"rots":[-15,-25,5,25,15,-5],"dils":[1.125,1.075,1.025,0.925,0.875,0.975]},{"id":"test","shape":"rectangle","outlier_type":1,"choice":2,"outlierPosition":2,"success":true,"majorityOfMostRegularShapes":false,"rt":1990,"rot1":-5,"rot2":5,"rot3":25,"rot4":15,"rot5":-25,"rot6":-15,"dil1":0.975,"dil2":1.125,"dil3":0.925,"dil4":1.025,"dil5":1.075,"dil6":0.875,"rots":[-5,5,25,15,-25,-15],"dils":[0.975,1.125,0.925,1.025,1.075,0.875]},{"id":"test","shape":"losange","outlier_type":2,"choice":4,"outlierPosition":4,"success":true,"majorityOfMostRegularShapes":false,"rt":1383.2000000029802,"rot1":5,"rot2":-25,"rot3":15,"rot4":25,"rot5":-15,"rot6":-5,"dil1":1.125,"dil2":1.075,"dil3":1.025,"dil4":0.875,"dil5":0.975,"dil6":0.925,"rots":[5,-25,15,25,-15,-5],"dils":[1.125,1.075,1.025,0.875,0.975,0.925]},{"id":"test","shape":"hinge","outlier_type":0,"choice":2,"outlierPosition":1,"success":false,"majorityOfMostRegularShapes":false,"rt":2898.199999999255,"rot1":5,"rot2":-5,"rot3":-25,"rot4":15,"rot5":25,"rot6":-15,"dil1":0.975,"dil2":0.925,"dil3":0.875,"dil4":1.075,"dil5":1.025,"dil6":1.125,"rots":[5,-5,-25,15,25,-15],"dils":[0.975,0.925,0.875,1.075,1.025,1.125]},{"id":"test","shape":"square","outlier_type":2,"choice":4,"outlierPosition":4,"success":true,"majorityOfMostRegularShapes":true,"rt":1667.5,"rot1":15,"rot2":-15,"rot3":25,"rot4":-25,"rot5":5,"rot6":-5,"dil1":1.025,"dil2":1.075,"dil3":0.975,"dil4":0.925,"dil5":1.125,"dil6":0.875,"rots":[15,-15,25,-25,5,-5],"dils":[1.025,1.075,0.975,0.925,1.125,0.875]},{"id":"test","shape":"trapezoid","outlier_type":2,"choice":1,"outlierPosition":4,"success":false,"majorityOfMostRegularShapes":true,"rt":2830.7999999970198,"rot1":-5,"rot2":-15,"rot3":15,"rot4":-25,"rot5":25,"rot6":5,"dil1":1.075,"dil2":0.875,"dil3":0.925,"dil4":1.025,"dil5":1.125,"dil6":0.975,"rots":[-5,-15,15,-25,25,5],"dils":[1.075,0.875,0.925,1.025,1.125,0.975]}],"desiredDistance":0.3,"trial_type":"oddball-grid","trial_index":5,"time_elapsed":898341,"internal_node_id":"0.0-5.0","score":0.6022727272727273,"early_termination":false}]