[{"rt":2162,"url":"external-consent.html","trial_type":"external-html","trial_index":0,"time_elapsed":2166,"internal_node_id":"0.0-0.0","score":0.9090909090909091,"early_termination":false},{"rt":3119.4000000003725,"responses":"{\"Q0\":\"NA\",\"Q1\":\"NA\",\"Q2\":\"NA\"}","trial_type":"survey-text","trial_index":1,"time_elapsed":5287,"internal_node_id":"0.0-1.0","score":0.9090909090909091,"early_termination":false},{"success":true,"trial_type":"fullscreen","trial_index":2,"time_elapsed":7711,"internal_node_id":"0.0-2.0","score":0.9090909090909091,"early_termination":false},{"results":[{"id":"train-images","loop_number":1,"shape":"test10","outlier_type":"NA","choice":2,"outlierPosition":2,"success":true,"majorityOfMostRegularShapes":true,"rt":2001.0999999996275,"rot1":-25,"rot2":15,"rot3":5,"rot4":-15,"rot5":-5,"rot6":25,"dil1":1.075,"dil2":0.925,"dil3":1.025,"dil4":1.125,"dil5":0.875,"dil6":0.975,"rots":[-25,15,5,-15,-5,25],"dils":[1.075,0.925,1.025,1.125,0.875,0.975],"possible_pos":[0,1,2,3,4,5]},{"id":"train-images","loop_number":1,"shape":"test4","outlier_type":"NA","choice":4,"outlierPosition":4,"success":true,"majorityOfMostRegularShapes":true,"rt":2115.5,"rot1":-25,"rot2":-5,"rot3":25,"rot4":5,"rot5":15,"rot6":-15,"dil1":1.075,"dil2":1.025,"dil3":0.875,"dil4":0.975,"dil5":1.125,"dil6":0.925,"rots":[-25,-5,25,5,15,-15],"dils":[1.075,1.025,0.875,0.975,1.125,0.925],"possible_pos":[0,1,2,3,4,5]},{"id":"train-images","loop_number":1,"shape":"test9","outlier_type":"NA","choice":0,"outlierPosition":0,"success":true,"majorityOfMostRegularShapes":false,"rt":1387.2999999998137,"rot1":25,"rot2":5,"rot3":-5,"rot4":-15,"rot5":15,"rot6":-25,"dil1":1.025,"dil2":0.875,"dil3":1.125,"dil4":0.975,"dil5":0.925,"dil6":1.075,"rots":[25,5,-5,-15,15,-25],"dils":[1.025,0.875,1.125,0.975,0.925,1.075],"possible_pos":[0,1,2,3,4,5]},{"id":"train-images","loop_number":1,"shape":"test1","outlier_type":"NA","choice":4,"outlierPosition":4,"success":true,"majorityOfMostRegularShapes":true,"rt":939.5,"rot1":-15,"rot2":5,"rot3":-25,"rot4":-5,"rot5":25,"rot6":15,"dil1":0.975,"dil2":0.925,"dil3":1.075,"dil4":1.025,"dil5":1.125,"dil6":0.875,"rots":[-15,5,-25,-5,25,15],"dils":[0.975,0.925,1.075,1.025,1.125,0.875],"possible_pos":[0,1,2,3,4,5]},{"id":"train-images","loop_number":1,"shape":"test6","outlier_type":"NA","choice":4,"outlierPosition":4,"success":true,"majorityOfMostRegularShapes":true,"rt":3098.800000000745,"rot1":-5,"rot2":25,"rot3":-15,"rot4":-25,"rot5":15,"rot6":5,"dil1":1.125,"dil2":0.875,"dil3":0.975,"dil4":1.025,"dil5":0.925,"dil6":1.075,"rots":[-5,25,-15,-25,15,5],"dils":[1.125,0.875,0.975,1.025,0.925,1.075],"possible_pos":[0,1,2,3,4,5]},{"id":"train-images","loop_number":1,"shape":"test10","outlier_type":"NA","choice":2,"outlierPosition":2,"success":true,"majorityOfMostRegularShapes":false,"rt":1835.5,"rot1":25,"rot2":5,"rot3":15,"rot4":-25,"rot5":-15,"rot6":-5,"dil1":1.125,"dil2":1.025,"dil3":1.075,"dil4":0.975,"dil5":0.925,"dil6":0.875,"rots":[25,5,15,-25,-15,-5],"dils":[1.125,1.025,1.075,0.975,0.925,0.875],"possible_pos":[0,1,2,3,4,5]},{"id":"train-images","loop_number":1,"shape":"test7","outlier_type":"NA","choice":3,"outlierPosition":3,"success":true,"majorityOfMostRegularShapes":true,"rt":2335.7999999998137,"rot1":5,"rot2":25,"rot3":-25,"rot4":-5,"rot5":15,"rot6":-15,"dil1":0.975,"dil2":1.125,"dil3":1.075,"dil4":1.025,"dil5":0.925,"dil6":0.875,"rots":[5,25,-25,-5,15,-15],"dils":[0.975,1.125,1.075,1.025,0.925,0.875],"possible_pos":[0,1,2,3,4,5]},{"id":"train-images","loop_number":1,"shape":"test3","outlier_type":"NA","choice":4,"outlierPosition":4,"success":true,"majorityOfMostRegularShapes":false,"rt":1565.5,"rot1":5,"rot2":15,"rot3":-15,"rot4":-5,"rot5":25,"rot6":-25,"dil1":0.875,"dil2":1.125,"dil3":0.925,"dil4":1.075,"dil5":0.975,"dil6":1.025,"rots":[5,15,-15,-5,25,-25],"dils":[0.875,1.125,0.925,1.075,0.975,1.025],"possible_pos":[0,1,2,3,4,5]},{"id":"train-images","loop_number":1,"shape":"test2","outlier_type":"NA","choice":1,"outlierPosition":1,"success":true,"majorityOfMostRegularShapes":true,"rt":1421.7999999998137,"rot1":-5,"rot2":5,"rot3":-15,"rot4":15,"rot5":-25,"rot6":25,"dil1":1.075,"dil2":0.875,"dil3":0.925,"dil4":1.125,"dil5":1.025,"dil6":0.975,"rots":[-5,5,-15,15,-25,25],"dils":[1.075,0.875,0.925,1.125,1.025,0.975],"possible_pos":[0,1,2,3,4,5]},{"id":"train-images","loop_number":1,"shape":"test3","outlier_type":"NA","choice":3,"outlierPosition":3,"success":true,"majorityOfMostRegularShapes":true,"rt":1405,"rot1":-15,"rot2":5,"rot3":-5,"rot4":-25,"rot5":15,"rot6":25,"dil1":1.125,"dil2":1.075,"dil3":0.925,"dil4":0.975,"dil5":0.875,"dil6":1.025,"rots":[-15,5,-5,-25,15,25],"dils":[1.125,1.075,0.925,0.975,0.875,1.025],"possible_pos":[0,1,2,3,4,5]},{"id":"train-images","loop_number":1,"shape":"test7","outlier_type":"NA","choice":0,"outlierPosition":0,"success":true,"majorityOfMostRegularShapes":false,"rt":1411.8999999994412,"rot1":25,"rot2":-25,"rot3":5,"rot4":15,"rot5":-15,"rot6":-5,"dil1":1.075,"dil2":1.125,"dil3":0.975,"dil4":0.925,"dil5":1.025,"dil6":0.875,"rots":[25,-25,5,15,-15,-5],"dils":[1.075,1.125,0.975,0.925,1.025,0.875],"possible_pos":[0,1,2,3,4,5]},{"id":"train-images","loop_number":1,"shape":"test5","outlier_type":"NA","choice":5,"outlierPosition":5,"success":true,"majorityOfMostRegularShapes":true,"rt":1404.8999999994412,"rot1":25,"rot2":-5,"rot3":-25,"rot4":15,"rot5":-15,"rot6":5,"dil1":0.975,"dil2":1.025,"dil3":0.925,"dil4":1.125,"dil5":0.875,"dil6":1.075,"rots":[25,-5,-25,15,-15,5],"dils":[0.975,1.025,0.925,1.125,0.875,1.075],"possible_pos":[0,1,2,3,4,5]},{"id":"train-images","loop_number":1,"shape":"test8","outlier_type":"NA","choice":0,"outlierPosition":0,"success":true,"majorityOfMostRegularShapes":true,"rt":1612.5,"rot1":15,"rot2":5,"rot3":-15,"rot4":-5,"rot5":25,"rot6":-25,"dil1":0.925,"dil2":1.075,"dil3":1.125,"dil4":1.025,"dil5":0.975,"dil6":0.875,"rots":[15,5,-15,-5,25,-25],"dils":[0.925,1.075,1.125,1.025,0.975,0.875],"possible_pos":[0,1,2,3,4,5]},{"id":"train-images","loop_number":1,"shape":"test5","outlier_type":"NA","choice":4,"outlierPosition":4,"success":true,"majorityOfMostRegularShapes":false,"rt":1530.2000000001863,"rot1":5,"rot2":-25,"rot3":-5,"rot4":15,"rot5":-15,"rot6":25,"dil1":1.025,"dil2":1.125,"dil3":0.875,"dil4":1.075,"dil5":0.975,"dil6":0.925,"rots":[5,-25,-5,15,-15,25],"dils":[1.025,1.125,0.875,1.075,0.975,0.925],"possible_pos":[0,1,2,3,4,5]},{"id":"train-images","loop_number":1,"shape":"test8","outlier_type":"NA","choice":2,"outlierPosition":2,"success":true,"majorityOfMostRegularShapes":false,"rt":1247.1000000005588,"rot1":-15,"rot2":25,"rot3":5,"rot4":-5,"rot5":15,"rot6":-25,"dil1":1.125,"dil2":0.975,"dil3":0.875,"dil4":1.075,"dil5":1.025,"dil6":0.925,"rots":[-15,25,5,-5,15,-25],"dils":[1.125,0.975,0.875,1.075,1.025,0.925],"possible_pos":[0,1,2,3,4,5]},{"id":"train-images","loop_number":1,"shape":"test4","outlier_type":"NA","choice":3,"outlierPosition":3,"success":true,"majorityOfMostRegularShapes":false,"rt":1437.800000000745,"rot1":5,"rot2":25,"rot3":-15,"rot4":-25,"rot5":-5,"rot6":15,"dil1":1.075,"dil2":0.875,"dil3":1.125,"dil4":1.025,"dil5":0.975,"dil6":0.925,"rots":[5,25,-15,-25,-5,15],"dils":[1.075,0.875,1.125,1.025,0.975,0.925],"possible_pos":[0,1,2,3,4,5]},{"id":"train-images","loop_number":1,"shape":"test9","outlier_type":"NA","choice":2,"outlierPosition":2,"success":true,"majorityOfMostRegularShapes":true,"rt":1494.699999999255,"rot1":-15,"rot2":25,"rot3":-25,"rot4":15,"rot5":5,"rot6":-5,"dil1":1.075,"dil2":1.025,"dil3":0.875,"dil4":1.125,"dil5":0.975,"dil6":0.925,"rots":[-15,25,-25,15,5,-5],"dils":[1.075,1.025,0.875,1.125,0.975,0.925],"possible_pos":[0,1,2,3,4,5]},{"id":"train-images","loop_number":1,"shape":"test6","outlier_type":"NA","choice":3,"outlierPosition":3,"success":true,"majorityOfMostRegularShapes":false,"rt":1757.7000000001863,"rot1":-5,"rot2":15,"rot3":-15,"rot4":25,"rot5":5,"rot6":-25,"dil1":1.025,"dil2":0.975,"dil3":0.925,"dil4":1.075,"dil5":0.875,"dil6":1.125,"rots":[-5,15,-15,25,5,-25],"dils":[1.025,0.975,0.925,1.075,0.875,1.125],"possible_pos":[0,1,2,3,4,5]},{"id":"train-images","loop_number":1,"shape":"test2","outlier_type":"NA","choice":3,"outlierPosition":3,"success":true,"majorityOfMostRegularShapes":false,"rt":1314.4000000003725,"rot1":-5,"rot2":15,"rot3":-15,"rot4":-25,"rot5":25,"rot6":5,"dil1":0.875,"dil2":1.075,"dil3":0.925,"dil4":0.975,"dil5":1.025,"dil6":1.125,"rots":[-5,15,-15,-25,25,5],"dils":[0.875,1.075,0.925,0.975,1.025,1.125],"possible_pos":[0,1,2,3,4,5]},{"id":"train-images","loop_number":1,"shape":"test1","outlier_type":"NA","choice":5,"outlierPosition":5,"success":true,"majorityOfMostRegularShapes":false,"rt":2515.0999999996275,"rot1":15,"rot2":25,"rot3":-15,"rot4":5,"rot5":-25,"rot6":-5,"dil1":0.875,"dil2":1.025,"dil3":0.925,"dil4":0.975,"dil5":1.075,"dil6":1.125,"rots":[15,25,-15,5,-25,-5],"dils":[0.875,1.025,0.925,0.975,1.075,1.125],"possible_pos":[0,1,2,3,4,5]}],"trial_type":"oddball-grid-image","trial_index":3,"time_elapsed":373904,"internal_node_id":"0.0-3.0","score":0.9090909090909091,"early_termination":false},{"results":[{"id":"gen2","loop_number":1,"shape":1,"outlier_type":"NA","choice":1,"outlierPosition":1,"success":true,"majorityOfMostRegularShapes":true,"rt":1262.1000000005588,"rot1":25,"rot2":5,"rot3":15,"rot4":-5,"rot5":-25,"rot6":-15,"dil1":0.975,"dil2":0.925,"dil3":1.025,"dil4":1.125,"dil5":0.875,"dil6":1.075,"rots":[25,5,15,-5,-25,-15],"dils":[0.975,0.925,1.025,1.125,0.875,1.075]},{"id":"gen2","loop_number":1,"shape":0,"outlier_type":"NA","choice":5,"outlierPosition":5,"success":true,"majorityOfMostRegularShapes":true,"rt":1324.5,"rot1":-15,"rot2":25,"rot3":-5,"rot4":15,"rot5":-25,"rot6":5,"dil1":0.975,"dil2":1.025,"dil3":0.925,"dil4":1.125,"dil5":1.075,"dil6":0.875,"rots":[-15,25,-5,15,-25,5],"dils":[0.975,1.025,0.925,1.125,1.075,0.875]},{"id":"gen2","loop_number":1,"shape":1,"outlier_type":"NA","choice":0,"outlierPosition":0,"success":true,"majorityOfMostRegularShapes":false,"rt":1240.7000000001863,"rot1":-15,"rot2":-25,"rot3":-5,"rot4":25,"rot5":15,"rot6":5,"dil1":1.025,"dil2":1.125,"dil3":1.075,"dil4":0.975,"dil5":0.925,"dil6":0.875,"rots":[-15,-25,-5,25,15,5],"dils":[1.025,1.125,1.075,0.975,0.925,0.875]},{"id":"gen2","loop_number":1,"shape":2,"outlier_type":"NA","choice":5,"outlierPosition":5,"success":true,"majorityOfMostRegularShapes":false,"rt":1142.800000000745,"rot1":15,"rot2":-15,"rot3":5,"rot4":-5,"rot5":25,"rot6":-25,"dil1":1.075,"dil2":1.025,"dil3":0.925,"dil4":1.125,"dil5":0.875,"dil6":0.975,"rots":[15,-15,5,-5,25,-25],"dils":[1.075,1.025,0.925,1.125,0.875,0.975]},{"id":"gen2","loop_number":1,"shape":0,"outlier_type":"NA","choice":4,"outlierPosition":4,"success":true,"majorityOfMostRegularShapes":false,"rt":1156.0999999996275,"rot1":25,"rot2":5,"rot3":-15,"rot4":-25,"rot5":15,"rot6":-5,"dil1":1.075,"dil2":0.925,"dil3":1.025,"dil4":0.875,"dil5":0.975,"dil6":1.125,"rots":[25,5,-15,-25,15,-5],"dils":[1.075,0.925,1.025,0.875,0.975,1.125]},{"id":"gen2","loop_number":1,"shape":2,"outlier_type":"NA","choice":3,"outlierPosition":3,"success":true,"majorityOfMostRegularShapes":true,"rt":1090.1000000005588,"rot1":-25,"rot2":5,"rot3":-5,"rot4":-15,"rot5":15,"rot6":25,"dil1":0.875,"dil2":1.125,"dil3":1.075,"dil4":0.925,"dil5":1.025,"dil6":0.975,"rots":[-25,5,-5,-15,15,25],"dils":[0.875,1.125,1.075,0.925,1.025,0.975]},{"id":"gen2","loop_number":1,"shape":1,"outlier_type":"NA","choice":3,"outlierPosition":3,"success":true,"majorityOfMostRegularShapes":true,"rt":1272.2000000001863,"rot1":25,"rot2":15,"rot3":-25,"rot4":-5,"rot5":5,"rot6":-15,"dil1":0.975,"dil2":1.075,"dil3":0.875,"dil4":1.025,"dil5":1.125,"dil6":0.925,"rots":[25,15,-25,-5,5,-15],"dils":[0.975,1.075,0.875,1.025,1.125,0.925]},{"id":"gen2","loop_number":1,"shape":2,"outlier_type":"NA","choice":1,"outlierPosition":1,"success":true,"majorityOfMostRegularShapes":false,"rt":1071,"rot1":-5,"rot2":5,"rot3":15,"rot4":-25,"rot5":-15,"rot6":25,"dil1":1.025,"dil2":1.125,"dil3":0.925,"dil4":0.875,"dil5":0.975,"dil6":1.075,"rots":[-5,5,15,-25,-15,25],"dils":[1.025,1.125,0.925,0.875,0.975,1.075]},{"id":"gen2","loop_number":1,"shape":0,"outlier_type":"NA","choice":2,"outlierPosition":2,"success":true,"majorityOfMostRegularShapes":false,"rt":1092.9000000003725,"rot1":25,"rot2":-5,"rot3":-15,"rot4":5,"rot5":15,"rot6":-25,"dil1":0.975,"dil2":1.075,"dil3":1.025,"dil4":0.875,"dil5":0.925,"dil6":1.125,"rots":[25,-5,-15,5,15,-25],"dils":[0.975,1.075,1.025,0.875,0.925,1.125]},{"id":"gen2","loop_number":1,"shape":1,"outlier_type":"NA","choice":2,"outlierPosition":2,"success":true,"majorityOfMostRegularShapes":false,"rt":1044,"rot1":15,"rot2":-25,"rot3":25,"rot4":-5,"rot5":5,"rot6":-15,"dil1":0.975,"dil2":1.075,"dil3":1.025,"dil4":1.125,"dil5":0.925,"dil6":0.875,"rots":[15,-25,25,-5,5,-15],"dils":[0.975,1.075,1.025,1.125,0.925,0.875]},{"id":"gen2","loop_number":1,"shape":2,"outlier_type":"NA","choice":4,"outlierPosition":4,"success":true,"majorityOfMostRegularShapes":true,"rt":964.8000000007451,"rot1":5,"rot2":-25,"rot3":-15,"rot4":15,"rot5":-5,"rot6":25,"dil1":0.875,"dil2":1.125,"dil3":0.975,"dil4":0.925,"dil5":1.025,"dil6":1.075,"rots":[5,-25,-15,15,-5,25],"dils":[0.875,1.125,0.975,0.925,1.025,1.075]},{"id":"gen2","loop_number":1,"shape":0,"outlier_type":"NA","choice":0,"outlierPosition":0,"success":true,"majorityOfMostRegularShapes":true,"rt":1628.8999999994412,"rot1":-5,"rot2":25,"rot3":-25,"rot4":15,"rot5":5,"rot6":-15,"dil1":0.875,"dil2":1.075,"dil3":1.125,"dil4":1.025,"dil5":0.975,"dil6":0.925,"rots":[-5,25,-25,15,5,-15],"dils":[0.875,1.075,1.125,1.025,0.975,0.925]},{"id":"gen2","loop_number":1,"shape":1,"outlier_type":"NA","choice":2,"outlierPosition":2,"success":true,"majorityOfMostRegularShapes":false,"rt":894,"rot1":25,"rot2":-5,"rot3":5,"rot4":15,"rot5":-15,"rot6":-25,"dil1":0.975,"dil2":1.125,"dil3":0.875,"dil4":0.925,"dil5":1.025,"dil6":1.075,"rots":[25,-5,5,15,-15,-25],"dils":[0.975,1.125,0.875,0.925,1.025,1.075]},{"id":"gen2","loop_number":1,"shape":0,"outlier_type":"NA","choice":0,"outlierPosition":0,"success":true,"majorityOfMostRegularShapes":false,"rt":1164.6000000005588,"rot1":5,"rot2":-25,"rot3":25,"rot4":-5,"rot5":-15,"rot6":15,"dil1":0.975,"dil2":1.025,"dil3":1.075,"dil4":1.125,"dil5":0.875,"dil6":0.925,"rots":[5,-25,25,-5,-15,15],"dils":[0.975,1.025,1.075,1.125,0.875,0.925]},{"id":"gen2","loop_number":1,"shape":2,"outlier_type":"NA","choice":3,"outlierPosition":3,"success":true,"majorityOfMostRegularShapes":true,"rt":876.5,"rot1":-5,"rot2":-15,"rot3":-25,"rot4":15,"rot5":25,"rot6":5,"dil1":0.975,"dil2":1.125,"dil3":1.075,"dil4":1.025,"dil5":0.875,"dil6":0.925,"rots":[-5,-15,-25,15,25,5],"dils":[0.975,1.125,1.075,1.025,0.875,0.925]},{"id":"gen2","loop_number":1,"shape":0,"outlier_type":"NA","choice":1,"outlierPosition":1,"success":true,"majorityOfMostRegularShapes":true,"rt":906.7999999998137,"rot1":-25,"rot2":15,"rot3":-5,"rot4":25,"rot5":-15,"rot6":5,"dil1":1.025,"dil2":1.125,"dil3":1.075,"dil4":0.875,"dil5":0.925,"dil6":0.975,"rots":[-25,15,-5,25,-15,5],"dils":[1.025,1.125,1.075,0.875,0.925,0.975]},{"id":"gen2","loop_number":1,"shape":2,"outlier_type":"NA","choice":4,"outlierPosition":4,"success":true,"majorityOfMostRegularShapes":false,"rt":1009,"rot1":-25,"rot2":-15,"rot3":5,"rot4":25,"rot5":15,"rot6":-5,"dil1":0.875,"dil2":1.075,"dil3":0.925,"dil4":1.025,"dil5":0.975,"dil6":1.125,"rots":[-25,-15,5,25,15,-5],"dils":[0.875,1.075,0.925,1.025,0.975,1.125]},{"id":"gen2","loop_number":1,"shape":1,"outlier_type":"NA","choice":3,"outlierPosition":3,"success":true,"majorityOfMostRegularShapes":true,"rt":1028.0999999996275,"rot1":5,"rot2":25,"rot3":-25,"rot4":-15,"rot5":-5,"rot6":15,"dil1":0.875,"dil2":0.975,"dil3":0.925,"dil4":1.125,"dil5":1.025,"dil6":1.075,"rots":[5,25,-25,-15,-5,15],"dils":[0.875,0.975,0.925,1.125,1.025,1.075]}],"trial_type":"oddball-grid-easy","trial_index":4,"time_elapsed":421371,"internal_node_id":"0.0-4.0","score":0.9090909090909091,"early_termination":false},{"results":[{"id":"test","shape":"rustedHinge","outlier_type":1,"choice":0,"outlierPosition":0,"success":true,"majorityOfMostRegularShapes":true,"rt":8955.399999999441,"rot1":-5,"rot2":-15,"rot3":-25,"rot4":25,"rot5":5,"rot6":15,"dil1":1.125,"dil2":1.075,"dil3":0.925,"dil4":0.975,"dil5":0.875,"dil6":1.025,"rots":[-5,-15,-25,25,5,15],"dils":[1.125,1.075,0.925,0.975,0.875,1.025]},{"id":"test","shape":"random","outlier_type":1,"choice":1,"outlierPosition":1,"success":true,"majorityOfMostRegularShapes":true,"rt":3818.0999999996275,"rot1":25,"rot2":-25,"rot3":5,"rot4":15,"rot5":-5,"rot6":-15,"dil1":1.125,"dil2":1.075,"dil3":0.875,"dil4":0.925,"dil5":1.025,"dil6":0.975,"rots":[25,-25,5,15,-5,-15],"dils":[1.125,1.075,0.875,0.925,1.025,0.975]},{"id":"test","shape":"rustedHinge","outlier_type":0,"choice":5,"outlierPosition":5,"success":true,"majorityOfMostRegularShapes":true,"rt":2755.899999999441,"rot1":5,"rot2":-5,"rot3":-15,"rot4":25,"rot5":-25,"rot6":15,"dil1":1.125,"dil2":1.025,"dil3":0.925,"dil4":0.875,"dil5":0.975,"dil6":1.075,"rots":[5,-5,-15,25,-25,15],"dils":[1.125,1.025,0.925,0.875,0.975,1.075]},{"id":"test","shape":"trapezoid","outlier_type":1,"choice":4,"outlierPosition":4,"success":true,"majorityOfMostRegularShapes":false,"rt":2821.199999999255,"rot1":5,"rot2":-25,"rot3":-15,"rot4":-5,"rot5":25,"rot6":15,"dil1":0.975,"dil2":0.925,"dil3":1.025,"dil4":1.075,"dil5":1.125,"dil6":0.875,"rots":[5,-25,-15,-5,25,15],"dils":[0.975,0.925,1.025,1.075,1.125,0.875]},{"id":"test","shape":"losange","outlier_type":3,"choice":5,"outlierPosition":5,"success":true,"majorityOfMostRegularShapes":false,"rt":2151.899999999441,"rot1":-25,"rot2":-15,"rot3":5,"rot4":25,"rot5":15,"rot6":-5,"dil1":0.875,"dil2":1.125,"dil3":0.925,"dil4":1.075,"dil5":1.025,"dil6":0.975,"rots":[-25,-15,5,25,15,-5],"dils":[0.875,1.125,0.925,1.075,1.025,0.975]},{"id":"test","shape":"kite","outlier_type":2,"choice":3,"outlierPosition":3,"success":true,"majorityOfMostRegularShapes":true,"rt":9309.400000000373,"rot1":-25,"rot2":15,"rot3":-15,"rot4":5,"rot5":25,"rot6":-5,"dil1":0.975,"dil2":0.875,"dil3":1.125,"dil4":1.025,"dil5":1.075,"dil6":0.925,"rots":[-25,15,-15,5,25,-5],"dils":[0.975,0.875,1.125,1.025,1.075,0.925]},{"id":"test","shape":"trapezoid","outlier_type":1,"choice":1,"outlierPosition":1,"success":true,"majorityOfMostRegularShapes":true,"rt":4235.0999999996275,"rot1":5,"rot2":15,"rot3":25,"rot4":-25,"rot5":-15,"rot6":-5,"dil1":0.925,"dil2":0.875,"dil3":1.025,"dil4":1.075,"dil5":1.125,"dil6":0.975,"rots":[5,15,25,-25,-15,-5],"dils":[0.925,0.875,1.025,1.075,1.125,0.975]},{"id":"test","shape":"square","outlier_type":2,"choice":3,"outlierPosition":3,"success":true,"majorityOfMostRegularShapes":true,"rt":2166.5,"rot1":-25,"rot2":25,"rot3":5,"rot4":-15,"rot5":-5,"rot6":15,"dil1":1.125,"dil2":0.875,"dil3":1.075,"dil4":0.925,"dil5":1.025,"dil6":0.975,"rots":[-25,25,5,-15,-5,15],"dils":[1.125,0.875,1.075,0.925,1.025,0.975]},{"id":"test","shape":"rustedHinge","outlier_type":1,"choice":0,"outlierPosition":0,"success":true,"majorityOfMostRegularShapes":false,"rt":4115,"rot1":5,"rot2":-15,"rot3":15,"rot4":25,"rot5":-5,"rot6":-25,"dil1":0.875,"dil2":0.975,"dil3":1.075,"dil4":1.025,"dil5":1.125,"dil6":0.925,"rots":[5,-15,15,25,-5,-25],"dils":[0.875,0.975,1.075,1.025,1.125,0.925]},{"id":"test","shape":"rightKite","outlier_type":3,"choice":0,"outlierPosition":0,"success":true,"majorityOfMostRegularShapes":true,"rt":3871,"rot1":-5,"rot2":5,"rot3":25,"rot4":15,"rot5":-15,"rot6":-25,"dil1":1.025,"dil2":0.975,"dil3":1.075,"dil4":1.125,"dil5":0.925,"dil6":0.875,"rots":[-5,5,25,15,-15,-25],"dils":[1.025,0.975,1.075,1.125,0.925,0.875]},{"id":"test","shape":"square","outlier_type":1,"choice":4,"outlierPosition":4,"success":true,"majorityOfMostRegularShapes":true,"rt":1689.5999999996275,"rot1":25,"rot2":15,"rot3":5,"rot4":-5,"rot5":-15,"rot6":-25,"dil1":1.075,"dil2":0.925,"dil3":1.025,"dil4":0.975,"dil5":0.875,"dil6":1.125,"rots":[25,15,5,-5,-15,-25],"dils":[1.075,0.925,1.025,0.975,0.875,1.125]},{"id":"test","shape":"hinge","outlier_type":2,"choice":1,"outlierPosition":1,"success":true,"majorityOfMostRegularShapes":true,"rt":3214.9000000003725,"rot1":-5,"rot2":-25,"rot3":25,"rot4":-15,"rot5":5,"rot6":15,"dil1":0.925,"dil2":1.125,"dil3":1.025,"dil4":0.875,"dil5":1.075,"dil6":0.975,"rots":[-5,-25,25,-15,5,15],"dils":[0.925,1.125,1.025,0.875,1.075,0.975]},{"id":"test","shape":"losange","outlier_type":3,"choice":0,"outlierPosition":0,"success":true,"majorityOfMostRegularShapes":true,"rt":2818.4000000003725,"rot1":-25,"rot2":-15,"rot3":-5,"rot4":15,"rot5":5,"rot6":25,"dil1":1.125,"dil2":0.875,"dil3":0.975,"dil4":1.025,"dil5":1.075,"dil6":0.925,"rots":[-25,-15,-5,15,5,25],"dils":[1.125,0.875,0.975,1.025,1.075,0.925]},{"id":"test","shape":"isoTrapezoid","outlier_type":0,"choice":0,"outlierPosition":0,"success":true,"majorityOfMostRegularShapes":true,"rt":2676.5,"rot1":25,"rot2":5,"rot3":-5,"rot4":15,"rot5":-25,"rot6":-15,"dil1":1.075,"dil2":0.975,"dil3":0.925,"dil4":0.875,"dil5":1.025,"dil6":1.125,"rots":[25,5,-5,15,-25,-15],"dils":[1.075,0.975,0.925,0.875,1.025,1.125]},{"id":"test","shape":"parallelogram","outlier_type":2,"choice":2,"outlierPosition":2,"success":true,"majorityOfMostRegularShapes":false,"rt":7489.100000000559,"rot1":25,"rot2":-15,"rot3":5,"rot4":-5,"rot5":-25,"rot6":15,"dil1":0.925,"dil2":0.875,"dil3":0.975,"dil4":1.125,"dil5":1.025,"dil6":1.075,"rots":[25,-15,5,-5,-25,15],"dils":[0.925,0.875,0.975,1.125,1.025,1.075]},{"id":"test","shape":"hinge","outlier_type":0,"choice":5,"outlierPosition":5,"success":true,"majorityOfMostRegularShapes":false,"rt":3104.0999999996275,"rot1":5,"rot2":25,"rot3":-15,"rot4":-25,"rot5":-5,"rot6":15,"dil1":0.875,"dil2":0.975,"dil3":1.125,"dil4":1.025,"dil5":0.925,"dil6":1.075,"rots":[5,25,-15,-25,-5,15],"dils":[0.875,0.975,1.125,1.025,0.925,1.075]},{"id":"test","shape":"rectangle","outlier_type":3,"choice":2,"outlierPosition":2,"success":true,"majorityOfMostRegularShapes":true,"rt":4639.5,"rot1":25,"rot2":-15,"rot3":5,"rot4":-5,"rot5":-25,"rot6":15,"dil1":0.925,"dil2":1.025,"dil3":1.075,"dil4":0.875,"dil5":1.125,"dil6":0.975,"rots":[25,-15,5,-5,-25,15],"dils":[0.925,1.025,1.075,0.875,1.125,0.975]},{"id":"test","shape":"hinge","outlier_type":1,"choice":5,"outlierPosition":5,"success":true,"majorityOfMostRegularShapes":true,"rt":4357.5999999996275,"rot1":5,"rot2":-5,"rot3":-25,"rot4":-15,"rot5":25,"rot6":15,"dil1":0.975,"dil2":1.025,"dil3":1.075,"dil4":0.875,"dil5":0.925,"dil6":1.125,"rots":[5,-5,-25,-15,25,15],"dils":[0.975,1.025,1.075,0.875,0.925,1.125]},{"id":"test","shape":"square","outlier_type":2,"choice":3,"outlierPosition":3,"success":true,"majorityOfMostRegularShapes":false,"rt":2906.300000000745,"rot1":5,"rot2":25,"rot3":15,"rot4":-25,"rot5":-15,"rot6":-5,"dil1":0.875,"dil2":1.125,"dil3":0.975,"dil4":0.925,"dil5":1.025,"dil6":1.075,"rots":[5,25,15,-25,-15,-5],"dils":[0.875,1.125,0.975,0.925,1.025,1.075]},{"id":"test","shape":"rustedHinge","outlier_type":3,"choice":2,"outlierPosition":2,"success":true,"majorityOfMostRegularShapes":true,"rt":6445.200000000186,"rot1":-5,"rot2":5,"rot3":-25,"rot4":-15,"rot5":25,"rot6":15,"dil1":1.125,"dil2":1.075,"dil3":0.925,"dil4":1.025,"dil5":0.975,"dil6":0.875,"rots":[-5,5,-25,-15,25,15],"dils":[1.125,1.075,0.925,1.025,0.975,0.875]},{"id":"test","shape":"hinge","outlier_type":1,"choice":2,"outlierPosition":2,"success":true,"majorityOfMostRegularShapes":false,"rt":3009.5,"rot1":25,"rot2":5,"rot3":-5,"rot4":15,"rot5":-15,"rot6":-25,"dil1":1.075,"dil2":1.125,"dil3":0.975,"dil4":1.025,"dil5":0.925,"dil6":0.875,"rots":[25,5,-5,15,-15,-25],"dils":[1.075,1.125,0.975,1.025,0.925,0.875]},{"id":"test","shape":"isoTrapezoid","outlier_type":0,"choice":4,"outlierPosition":4,"success":true,"majorityOfMostRegularShapes":false,"rt":3058.4000000003725,"rot1":5,"rot2":-15,"rot3":-5,"rot4":15,"rot5":-25,"rot6":25,"dil1":0.925,"dil2":0.875,"dil3":1.125,"dil4":1.075,"dil5":0.975,"dil6":1.025,"rots":[5,-15,-5,15,-25,25],"dils":[0.925,0.875,1.125,1.075,0.975,1.025]},{"id":"test","shape":"parallelogram","outlier_type":3,"choice":5,"outlierPosition":5,"success":true,"majorityOfMostRegularShapes":false,"rt":3282.5,"rot1":-5,"rot2":5,"rot3":25,"rot4":15,"rot5":-25,"rot6":-15,"dil1":0.875,"dil2":0.975,"dil3":1.075,"dil4":1.125,"dil5":0.925,"dil6":1.025,"rots":[-5,5,25,15,-25,-15],"dils":[0.875,0.975,1.075,1.125,0.925,1.025]},{"id":"test","shape":"rectangle","outlier_type":2,"choice":2,"outlierPosition":2,"success":true,"majorityOfMostRegularShapes":true,"rt":2555,"rot1":5,"rot2":25,"rot3":-5,"rot4":15,"rot5":-25,"rot6":-15,"dil1":1.025,"dil2":0.925,"dil3":1.075,"dil4":0.975,"dil5":0.875,"dil6":1.125,"rots":[5,25,-5,15,-25,-15],"dils":[1.025,0.925,1.075,0.975,0.875,1.125]},{"id":"test","shape":"rustedHinge","outlier_type":3,"choice":3,"outlierPosition":3,"success":true,"majorityOfMostRegularShapes":false,"rt":2622.9000000003725,"rot1":-25,"rot2":5,"rot3":15,"rot4":-5,"rot5":-15,"rot6":25,"dil1":1.075,"dil2":0.875,"dil3":1.125,"dil4":0.925,"dil5":1.025,"dil6":0.975,"rots":[-25,5,15,-5,-15,25],"dils":[1.075,0.875,1.125,0.925,1.025,0.975]},{"id":"test","shape":"rightKite","outlier_type":0,"choice":2,"outlierPosition":5,"success":false,"majorityOfMostRegularShapes":false,"rt":7495.5,"rot1":5,"rot2":15,"rot3":25,"rot4":-25,"rot5":-15,"rot6":-5,"dil1":0.875,"dil2":0.925,"dil3":0.975,"dil4":1.025,"dil5":1.125,"dil6":1.075,"rots":[5,15,25,-25,-15,-5],"dils":[0.875,0.925,0.975,1.025,1.125,1.075]},{"id":"test","shape":"square","outlier_type":3,"choice":5,"outlierPosition":5,"success":true,"majorityOfMostRegularShapes":false,"rt":1761.300000000745,"rot1":-25,"rot2":15,"rot3":25,"rot4":-15,"rot5":5,"rot6":-5,"dil1":0.925,"dil2":1.125,"dil3":0.975,"dil4":1.025,"dil5":1.075,"dil6":0.875,"rots":[-25,15,25,-15,5,-5],"dils":[0.925,1.125,0.975,1.025,1.075,0.875]},{"id":"test","shape":"random","outlier_type":0,"choice":4,"outlierPosition":0,"success":false,"majorityOfMostRegularShapes":false,"rt":10435.5,"rot1":-25,"rot2":-5,"rot3":5,"rot4":-15,"rot5":15,"rot6":25,"dil1":1.125,"dil2":1.025,"dil3":0.975,"dil4":1.075,"dil5":0.875,"dil6":0.925,"rots":[-25,-5,5,-15,15,25],"dils":[1.125,1.025,0.975,1.075,0.875,0.925]},{"id":"test","shape":"losange","outlier_type":1,"choice":5,"outlierPosition":1,"success":false,"majorityOfMostRegularShapes":false,"rt":4025.100000000559,"rot1":-25,"rot2":15,"rot3":25,"rot4":-5,"rot5":5,"rot6":-15,"dil1":0.875,"dil2":0.925,"dil3":1.025,"dil4":0.975,"dil5":1.075,"dil6":1.125,"rots":[-25,15,25,-5,5,-15],"dils":[0.875,0.925,1.025,0.975,1.075,1.125]},{"id":"test","shape":"isoTrapezoid","outlier_type":3,"choice":5,"outlierPosition":5,"success":true,"majorityOfMostRegularShapes":true,"rt":3143,"rot1":5,"rot2":15,"rot3":-5,"rot4":-25,"rot5":25,"rot6":-15,"dil1":1.075,"dil2":0.875,"dil3":0.925,"dil4":1.125,"dil5":0.975,"dil6":1.025,"rots":[5,15,-5,-25,25,-15],"dils":[1.075,0.875,0.925,1.125,0.975,1.025]},{"id":"test","shape":"hinge","outlier_type":2,"choice":3,"outlierPosition":3,"success":true,"majorityOfMostRegularShapes":false,"rt":3973.9000000003725,"rot1":15,"rot2":-25,"rot3":25,"rot4":-5,"rot5":5,"rot6":-15,"dil1":0.925,"dil2":1.125,"dil3":0.875,"dil4":1.025,"dil5":0.975,"dil6":1.075,"rots":[15,-25,25,-5,5,-15],"dils":[0.925,1.125,0.875,1.025,0.975,1.075]},{"id":"test","shape":"rightKite","outlier_type":1,"choice":5,"outlierPosition":5,"success":true,"majorityOfMostRegularShapes":true,"rt":4859.5,"rot1":25,"rot2":15,"rot3":-15,"rot4":5,"rot5":-25,"rot6":-5,"dil1":0.875,"dil2":1.125,"dil3":0.975,"dil4":1.075,"dil5":0.925,"dil6":1.025,"rots":[25,15,-15,5,-25,-5],"dils":[0.875,1.125,0.975,1.075,0.925,1.025]},{"id":"test","shape":"kite","outlier_type":3,"choice":3,"outlierPosition":3,"success":true,"majorityOfMostRegularShapes":false,"rt":5719.5999999996275,"rot1":-25,"rot2":5,"rot3":25,"rot4":-15,"rot5":-5,"rot6":15,"dil1":0.975,"dil2":1.125,"dil3":0.925,"dil4":1.075,"dil5":1.025,"dil6":0.875,"rots":[-25,5,25,-15,-5,15],"dils":[0.975,1.125,0.925,1.075,1.025,0.875]},{"id":"test","shape":"parallelogram","outlier_type":0,"choice":5,"outlierPosition":5,"success":true,"majorityOfMostRegularShapes":true,"rt":4782.399999999441,"rot1":25,"rot2":5,"rot3":15,"rot4":-25,"rot5":-15,"rot6":-5,"dil1":1.125,"dil2":1.025,"dil3":1.075,"dil4":0.925,"dil5":0.875,"dil6":0.975,"rots":[25,5,15,-25,-15,-5],"dils":[1.125,1.025,1.075,0.925,0.875,0.975]},{"id":"test","shape":"random","outlier_type":3,"choice":4,"outlierPosition":4,"success":true,"majorityOfMostRegularShapes":false,"rt":4628.600000000559,"rot1":-5,"rot2":15,"rot3":-15,"rot4":25,"rot5":-25,"rot6":5,"dil1":1.075,"dil2":1.125,"dil3":0.975,"dil4":1.025,"dil5":0.875,"dil6":0.925,"rots":[-5,15,-15,25,-25,5],"dils":[1.075,1.125,0.975,1.025,0.875,0.925]},{"id":"test","shape":"rectangle","outlier_type":0,"choice":1,"outlierPosition":1,"success":true,"majorityOfMostRegularShapes":false,"rt":5041.200000000186,"rot1":-15,"rot2":-5,"rot3":-25,"rot4":5,"rot5":15,"rot6":25,"dil1":1.075,"dil2":0.925,"dil3":0.975,"dil4":1.025,"dil5":0.875,"dil6":1.125,"rots":[-15,-5,-25,5,15,25],"dils":[1.075,0.925,0.975,1.025,0.875,1.125]},{"id":"test","shape":"hinge","outlier_type":3,"choice":1,"outlierPosition":1,"success":true,"majorityOfMostRegularShapes":true,"rt":7345.5,"rot1":-25,"rot2":-15,"rot3":5,"rot4":-5,"rot5":25,"rot6":15,"dil1":1.125,"dil2":0.925,"dil3":0.875,"dil4":0.975,"dil5":1.075,"dil6":1.025,"rots":[-25,-15,5,-5,25,15],"dils":[1.125,0.925,0.875,0.975,1.075,1.025]},{"id":"test","shape":"random","outlier_type":2,"choice":2,"outlierPosition":2,"success":true,"majorityOfMostRegularShapes":true,"rt":11889,"rot1":5,"rot2":-5,"rot3":15,"rot4":-25,"rot5":-15,"rot6":25,"dil1":0.975,"dil2":1.075,"dil3":0.875,"dil4":1.125,"dil5":0.925,"dil6":1.025,"rots":[5,-5,15,-25,-15,25],"dils":[0.975,1.075,0.875,1.125,0.925,1.025]},{"id":"test","shape":"kite","outlier_type":1,"choice":3,"outlierPosition":3,"success":true,"majorityOfMostRegularShapes":false,"rt":10399.700000000186,"rot1":25,"rot2":15,"rot3":5,"rot4":-5,"rot5":-15,"rot6":-25,"dil1":1.075,"dil2":0.925,"dil3":0.875,"dil4":0.975,"dil5":1.025,"dil6":1.125,"rots":[25,15,5,-5,-15,-25],"dils":[1.075,0.925,0.875,0.975,1.025,1.125]},{"id":"test","shape":"losange","outlier_type":1,"choice":0,"outlierPosition":0,"success":true,"majorityOfMostRegularShapes":true,"rt":3048.699999999255,"rot1":15,"rot2":-25,"rot3":-5,"rot4":25,"rot5":-15,"rot6":5,"dil1":0.875,"dil2":0.975,"dil3":1.125,"dil4":1.025,"dil5":1.075,"dil6":0.925,"rots":[15,-25,-5,25,-15,5],"dils":[0.875,0.975,1.125,1.025,1.075,0.925]},{"id":"test","shape":"rustedHinge","outlier_type":2,"choice":0,"outlierPosition":0,"success":true,"majorityOfMostRegularShapes":true,"rt":12512.399999999441,"rot1":5,"rot2":-15,"rot3":-5,"rot4":15,"rot5":-25,"rot6":25,"dil1":1.025,"dil2":0.925,"dil3":1.075,"dil4":0.975,"dil5":0.875,"dil6":1.125,"rots":[5,-15,-5,15,-25,25],"dils":[1.025,0.925,1.075,0.975,0.875,1.125]},{"id":"test","shape":"random","outlier_type":0,"choice":2,"outlierPosition":0,"success":false,"majorityOfMostRegularShapes":true,"rt":12399.099999999627,"rot1":5,"rot2":-5,"rot3":-25,"rot4":25,"rot5":-15,"rot6":15,"dil1":0.975,"dil2":0.875,"dil3":0.925,"dil4":1.125,"dil5":1.075,"dil6":1.025,"rots":[5,-5,-25,25,-15,15],"dils":[0.975,0.875,0.925,1.125,1.075,1.025]},{"id":"test","shape":"rightKite","outlier_type":1,"choice":2,"outlierPosition":2,"success":true,"majorityOfMostRegularShapes":false,"rt":11126.400000000373,"rot1":-25,"rot2":15,"rot3":-5,"rot4":-15,"rot5":25,"rot6":5,"dil1":1.125,"dil2":0.875,"dil3":0.925,"dil4":1.025,"dil5":1.075,"dil6":0.975,"rots":[-25,15,-5,-15,25,5],"dils":[1.125,0.875,0.925,1.025,1.075,0.975]},{"id":"test","shape":"kite","outlier_type":2,"choice":4,"outlierPosition":4,"success":true,"majorityOfMostRegularShapes":false,"rt":2755.5,"rot1":-5,"rot2":-15,"rot3":5,"rot4":15,"rot5":25,"rot6":-25,"dil1":0.975,"dil2":1.125,"dil3":0.925,"dil4":0.875,"dil5":1.025,"dil6":1.075,"rots":[-5,-15,5,15,25,-25],"dils":[0.975,1.125,0.925,0.875,1.025,1.075]},{"id":"test","shape":"rightKite","outlier_type":3,"choice":5,"outlierPosition":5,"success":true,"majorityOfMostRegularShapes":false,"rt":5620,"rot1":-5,"rot2":25,"rot3":-25,"rot4":15,"rot5":-15,"rot6":5,"dil1":0.875,"dil2":0.925,"dil3":0.975,"dil4":1.025,"dil5":1.075,"dil6":1.125,"rots":[-5,25,-25,15,-15,5],"dils":[0.875,0.925,0.975,1.025,1.075,1.125]},{"id":"test","shape":"losange","outlier_type":2,"choice":3,"outlierPosition":3,"success":true,"majorityOfMostRegularShapes":true,"rt":2519.2999999998137,"rot1":25,"rot2":-15,"rot3":5,"rot4":-25,"rot5":-5,"rot6":15,"dil1":1.075,"dil2":0.925,"dil3":0.975,"dil4":1.025,"dil5":1.125,"dil6":0.875,"rots":[25,-15,5,-25,-5,15],"dils":[1.075,0.925,0.975,1.025,1.125,0.875]},{"id":"test","shape":"hinge","outlier_type":3,"choice":2,"outlierPosition":2,"success":true,"majorityOfMostRegularShapes":false,"rt":3617.899999999441,"rot1":25,"rot2":-25,"rot3":-5,"rot4":5,"rot5":15,"rot6":-15,"dil1":0.975,"dil2":0.925,"dil3":1.025,"dil4":0.875,"dil5":1.125,"dil6":1.075,"rots":[25,-25,-5,5,15,-15],"dils":[0.975,0.925,1.025,0.875,1.125,1.075]},{"id":"test","shape":"kite","outlier_type":1,"choice":5,"outlierPosition":5,"success":true,"majorityOfMostRegularShapes":true,"rt":6116.0999999996275,"rot1":-25,"rot2":25,"rot3":-15,"rot4":5,"rot5":15,"rot6":-5,"dil1":0.975,"dil2":0.925,"dil3":0.875,"dil4":1.075,"dil5":1.125,"dil6":1.025,"rots":[-25,25,-15,5,15,-5],"dils":[0.975,0.925,0.875,1.075,1.125,1.025]},{"id":"test","shape":"losange","outlier_type":0,"choice":5,"outlierPosition":2,"success":false,"majorityOfMostRegularShapes":false,"rt":14710.099999999627,"rot1":15,"rot2":-5,"rot3":25,"rot4":-15,"rot5":5,"rot6":-25,"dil1":0.975,"dil2":1.125,"dil3":1.025,"dil4":0.925,"dil5":1.075,"dil6":0.875,"rots":[15,-5,25,-15,5,-25],"dils":[0.975,1.125,1.025,0.925,1.075,0.875]},{"id":"test","shape":"random","outlier_type":2,"choice":4,"outlierPosition":4,"success":true,"majorityOfMostRegularShapes":false,"rt":7458.799999999814,"rot1":-5,"rot2":15,"rot3":-15,"rot4":25,"rot5":5,"rot6":-25,"dil1":0.975,"dil2":0.925,"dil3":1.025,"dil4":1.075,"dil5":0.875,"dil6":1.125,"rots":[-5,15,-15,25,5,-25],"dils":[0.975,0.925,1.025,1.075,0.875,1.125]},{"id":"test","shape":"parallelogram","outlier_type":1,"choice":4,"outlierPosition":4,"success":true,"majorityOfMostRegularShapes":true,"rt":3275.5,"rot1":15,"rot2":25,"rot3":5,"rot4":-5,"rot5":-25,"rot6":-15,"dil1":1.025,"dil2":1.075,"dil3":1.125,"dil4":0.925,"dil5":0.875,"dil6":0.975,"rots":[15,25,5,-5,-25,-15],"dils":[1.025,1.075,1.125,0.925,0.875,0.975]},{"id":"test","shape":"trapezoid","outlier_type":2,"choice":4,"outlierPosition":4,"success":true,"majorityOfMostRegularShapes":true,"rt":7772.100000000559,"rot1":5,"rot2":-25,"rot3":-15,"rot4":-5,"rot5":25,"rot6":15,"dil1":1.025,"dil2":1.125,"dil3":1.075,"dil4":0.875,"dil5":0.925,"dil6":0.975,"rots":[5,-25,-15,-5,25,15],"dils":[1.025,1.125,1.075,0.875,0.925,0.975]},{"id":"test","shape":"isoTrapezoid","outlier_type":1,"choice":3,"outlierPosition":3,"success":true,"majorityOfMostRegularShapes":false,"rt":4060.699999999255,"rot1":-5,"rot2":15,"rot3":25,"rot4":-15,"rot5":5,"rot6":-25,"dil1":0.875,"dil2":1.025,"dil3":0.925,"dil4":1.125,"dil5":0.975,"dil6":1.075,"rots":[-5,15,25,-15,5,-25],"dils":[0.875,1.025,0.925,1.125,0.975,1.075]},{"id":"test","shape":"rightKite","outlier_type":2,"choice":2,"outlierPosition":2,"success":true,"majorityOfMostRegularShapes":false,"rt":8435.5,"rot1":-5,"rot2":25,"rot3":-15,"rot4":15,"rot5":5,"rot6":-25,"dil1":1.025,"dil2":0.975,"dil3":1.075,"dil4":1.125,"dil5":0.875,"dil6":0.925,"rots":[-5,25,-15,15,5,-25],"dils":[1.025,0.975,1.075,1.125,0.875,0.925]},{"id":"test","shape":"random","outlier_type":3,"choice":0,"outlierPosition":1,"success":false,"majorityOfMostRegularShapes":true,"rt":12376.200000000186,"rot1":-15,"rot2":-25,"rot3":25,"rot4":5,"rot5":15,"rot6":-5,"dil1":1.075,"dil2":0.925,"dil3":0.875,"dil4":1.025,"dil5":0.975,"dil6":1.125,"rots":[-15,-25,25,5,15,-5],"dils":[1.075,0.925,0.875,1.025,0.975,1.125]},{"id":"test","shape":"square","outlier_type":0,"choice":1,"outlierPosition":1,"success":true,"majorityOfMostRegularShapes":false,"rt":2862.399999999441,"rot1":-25,"rot2":5,"rot3":15,"rot4":-5,"rot5":25,"rot6":-15,"dil1":1.025,"dil2":0.875,"dil3":1.075,"dil4":0.925,"dil5":1.125,"dil6":0.975,"rots":[-25,5,15,-5,25,-15],"dils":[1.025,0.875,1.075,0.925,1.125,0.975]},{"id":"test","shape":"kite","outlier_type":3,"choice":3,"outlierPosition":3,"success":true,"majorityOfMostRegularShapes":true,"rt":2834.899999999441,"rot1":5,"rot2":-15,"rot3":15,"rot4":-5,"rot5":25,"rot6":-25,"dil1":1.075,"dil2":0.925,"dil3":1.025,"dil4":1.125,"dil5":0.975,"dil6":0.875,"rots":[5,-15,15,-5,25,-25],"dils":[1.075,0.925,1.025,1.125,0.975,0.875]},{"id":"test","shape":"rectangle","outlier_type":0,"choice":1,"outlierPosition":1,"success":true,"majorityOfMostRegularShapes":true,"rt":2068.9000000003725,"rot1":5,"rot2":-25,"rot3":25,"rot4":-5,"rot5":15,"rot6":-15,"dil1":1.025,"dil2":1.125,"dil3":0.875,"dil4":0.925,"dil5":0.975,"dil6":1.075,"rots":[5,-25,25,-5,15,-15],"dils":[1.025,1.125,0.875,0.925,0.975,1.075]},{"id":"test","shape":"random","outlier_type":1,"choice":0,"outlierPosition":0,"success":true,"majorityOfMostRegularShapes":false,"rt":8275.700000000186,"rot1":15,"rot2":5,"rot3":25,"rot4":-15,"rot5":-25,"rot6":-5,"dil1":1.025,"dil2":0.875,"dil3":0.925,"dil4":0.975,"dil5":1.075,"dil6":1.125,"rots":[15,5,25,-15,-25,-5],"dils":[1.025,0.875,0.925,0.975,1.075,1.125]},{"id":"test","shape":"rustedHinge","outlier_type":0,"choice":1,"outlierPosition":1,"success":true,"majorityOfMostRegularShapes":false,"rt":4052,"rot1":15,"rot2":-25,"rot3":-5,"rot4":5,"rot5":25,"rot6":-15,"dil1":0.925,"dil2":0.875,"dil3":1.075,"dil4":1.025,"dil5":0.975,"dil6":1.125,"rots":[15,-25,-5,5,25,-15],"dils":[0.925,0.875,1.075,1.025,0.975,1.125]},{"id":"test","shape":"isoTrapezoid","outlier_type":3,"choice":3,"outlierPosition":3,"success":true,"majorityOfMostRegularShapes":false,"rt":4628.600000000559,"rot1":-5,"rot2":5,"rot3":-25,"rot4":15,"rot5":25,"rot6":-15,"dil1":0.875,"dil2":0.925,"dil3":1.125,"dil4":0.975,"dil5":1.025,"dil6":1.075,"rots":[-5,5,-25,15,25,-15],"dils":[0.875,0.925,1.125,0.975,1.025,1.075]},{"id":"test","shape":"losange","outlier_type":0,"choice":4,"outlierPosition":4,"success":true,"majorityOfMostRegularShapes":true,"rt":4949.399999999441,"rot1":-25,"rot2":-15,"rot3":5,"rot4":25,"rot5":-5,"rot6":15,"dil1":1.125,"dil2":1.025,"dil3":1.075,"dil4":0.975,"dil5":0.925,"dil6":0.875,"rots":[-25,-15,5,25,-5,15],"dils":[1.125,1.025,1.075,0.975,0.925,0.875]},{"id":"test","shape":"isoTrapezoid","outlier_type":1,"choice":1,"outlierPosition":1,"success":true,"majorityOfMostRegularShapes":true,"rt":3038.9000000003725,"rot1":-25,"rot2":25,"rot3":-15,"rot4":-5,"rot5":15,"rot6":5,"dil1":0.975,"dil2":1.125,"dil3":1.025,"dil4":0.875,"dil5":1.075,"dil6":0.925,"rots":[-25,25,-15,-5,15,5],"dils":[0.975,1.125,1.025,0.875,1.075,0.925]},{"id":"test","shape":"parallelogram","outlier_type":0,"choice":5,"outlierPosition":2,"success":false,"majorityOfMostRegularShapes":false,"rt":15153,"rot1":-25,"rot2":-5,"rot3":5,"rot4":15,"rot5":-15,"rot6":25,"dil1":0.975,"dil2":1.025,"dil3":0.925,"dil4":0.875,"dil5":1.075,"dil6":1.125,"rots":[-25,-5,5,15,-15,25],"dils":[0.975,1.025,0.925,0.875,1.075,1.125]},{"id":"test","shape":"rectangle","outlier_type":2,"choice":0,"outlierPosition":0,"success":true,"majorityOfMostRegularShapes":false,"rt":2930.5999999996275,"rot1":-15,"rot2":-5,"rot3":25,"rot4":5,"rot5":-25,"rot6":15,"dil1":0.975,"dil2":1.075,"dil3":0.875,"dil4":0.925,"dil5":1.125,"dil6":1.025,"rots":[-15,-5,25,5,-25,15],"dils":[0.975,1.075,0.875,0.925,1.125,1.025]},{"id":"test","shape":"square","outlier_type":1,"choice":0,"outlierPosition":0,"success":true,"majorityOfMostRegularShapes":false,"rt":1906,"rot1":-25,"rot2":5,"rot3":-5,"rot4":15,"rot5":-15,"rot6":25,"dil1":1.025,"dil2":0.975,"dil3":0.875,"dil4":1.125,"dil5":0.925,"dil6":1.075,"rots":[-25,5,-5,15,-15,25],"dils":[1.025,0.975,0.875,1.125,0.925,1.075]},{"id":"test","shape":"hinge","outlier_type":0,"choice":1,"outlierPosition":1,"success":true,"majorityOfMostRegularShapes":true,"rt":9025,"rot1":-15,"rot2":25,"rot3":5,"rot4":-25,"rot5":15,"rot6":-5,"dil1":0.925,"dil2":1.025,"dil3":1.075,"dil4":1.125,"dil5":0.875,"dil6":0.975,"rots":[-15,25,5,-25,15,-5],"dils":[0.925,1.025,1.075,1.125,0.875,0.975]},{"id":"test","shape":"trapezoid","outlier_type":3,"choice":0,"outlierPosition":0,"success":true,"majorityOfMostRegularShapes":true,"rt":5217.399999999441,"rot1":5,"rot2":-5,"rot3":-25,"rot4":-15,"rot5":25,"rot6":15,"dil1":0.925,"dil2":1.125,"dil3":0.875,"dil4":1.025,"dil5":1.075,"dil6":0.975,"rots":[5,-5,-25,-15,25,15],"dils":[0.925,1.125,0.875,1.025,1.075,0.975]},{"id":"test","shape":"rightKite","outlier_type":0,"choice":4,"outlierPosition":4,"success":true,"majorityOfMostRegularShapes":true,"rt":1935.2999999998137,"rot1":5,"rot2":25,"rot3":-5,"rot4":-15,"rot5":-25,"rot6":15,"dil1":1.025,"dil2":0.975,"dil3":1.075,"dil4":0.875,"dil5":1.125,"dil6":0.925,"rots":[5,25,-5,-15,-25,15],"dils":[1.025,0.975,1.075,0.875,1.125,0.925]},{"id":"test","shape":"rustedHinge","outlier_type":2,"choice":1,"outlierPosition":1,"success":true,"majorityOfMostRegularShapes":false,"rt":4218.700000000186,"rot1":25,"rot2":-25,"rot3":15,"rot4":-5,"rot5":-15,"rot6":5,"dil1":0.925,"dil2":1.025,"dil3":0.975,"dil4":1.075,"dil5":0.875,"dil6":1.125,"rots":[25,-25,15,-5,-15,5],"dils":[0.925,1.025,0.975,1.075,0.875,1.125]},{"id":"test","shape":"rectangle","outlier_type":1,"choice":3,"outlierPosition":3,"success":true,"majorityOfMostRegularShapes":false,"rt":3066.899999999441,"rot1":-25,"rot2":-5,"rot3":5,"rot4":-15,"rot5":25,"rot6":15,"dil1":1.075,"dil2":1.125,"dil3":1.025,"dil4":0.925,"dil5":0.975,"dil6":0.875,"rots":[-25,-5,5,-15,25,15],"dils":[1.075,1.125,1.025,0.925,0.975,0.875]},{"id":"test","shape":"trapezoid","outlier_type":3,"choice":0,"outlierPosition":0,"success":true,"majorityOfMostRegularShapes":false,"rt":4589.199999999255,"rot1":25,"rot2":-25,"rot3":-15,"rot4":-5,"rot5":15,"rot6":5,"dil1":1.075,"dil2":0.975,"dil3":0.875,"dil4":1.125,"dil5":1.025,"dil6":0.925,"rots":[25,-25,-15,-5,15,5],"dils":[1.075,0.975,0.875,1.125,1.025,0.925]},{"id":"test","shape":"parallelogram","outlier_type":2,"choice":2,"outlierPosition":2,"success":true,"majorityOfMostRegularShapes":true,"rt":2739.2000000001863,"rot1":-15,"rot2":5,"rot3":15,"rot4":-5,"rot5":-25,"rot6":25,"dil1":0.925,"dil2":0.875,"dil3":0.975,"dil4":1.075,"dil5":1.025,"dil6":1.125,"rots":[-15,5,15,-5,-25,25],"dils":[0.925,0.875,0.975,1.075,1.025,1.125]},{"id":"test","shape":"square","outlier_type":0,"choice":0,"outlierPosition":0,"success":true,"majorityOfMostRegularShapes":true,"rt":2288.9000000003725,"rot1":-5,"rot2":5,"rot3":15,"rot4":-25,"rot5":25,"rot6":-15,"dil1":0.975,"dil2":1.075,"dil3":1.025,"dil4":1.125,"dil5":0.925,"dil6":0.875,"rots":[-5,5,15,-25,25,-15],"dils":[0.975,1.075,1.025,1.125,0.925,0.875]},{"id":"test","shape":"losange","outlier_type":2,"choice":3,"outlierPosition":3,"success":true,"majorityOfMostRegularShapes":false,"rt":3445.100000000559,"rot1":-15,"rot2":15,"rot3":-25,"rot4":5,"rot5":-5,"rot6":25,"dil1":1.025,"dil2":0.925,"dil3":0.975,"dil4":1.125,"dil5":0.875,"dil6":1.075,"rots":[-15,15,-25,5,-5,25],"dils":[1.025,0.925,0.975,1.125,0.875,1.075]},{"id":"test","shape":"rectangle","outlier_type":3,"choice":1,"outlierPosition":1,"success":true,"majorityOfMostRegularShapes":false,"rt":2582.699999999255,"rot1":-15,"rot2":15,"rot3":5,"rot4":-5,"rot5":-25,"rot6":25,"dil1":1.075,"dil2":0.925,"dil3":1.025,"dil4":0.975,"dil5":1.125,"dil6":0.875,"rots":[-15,15,5,-5,-25,25],"dils":[1.075,0.925,1.025,0.975,1.125,0.875]},{"id":"test","shape":"trapezoid","outlier_type":2,"choice":2,"outlierPosition":2,"success":true,"majorityOfMostRegularShapes":false,"rt":7271.800000000745,"rot1":15,"rot2":-5,"rot3":25,"rot4":-15,"rot5":5,"rot6":-25,"dil1":0.925,"dil2":0.875,"dil3":1.125,"dil4":1.025,"dil5":1.075,"dil6":0.975,"rots":[15,-5,25,-15,5,-25],"dils":[0.925,0.875,1.125,1.025,1.075,0.975]},{"id":"test","shape":"parallelogram","outlier_type":1,"choice":4,"outlierPosition":4,"success":true,"majorityOfMostRegularShapes":false,"rt":2977.7000000001863,"rot1":-15,"rot2":-25,"rot3":5,"rot4":25,"rot5":-5,"rot6":15,"dil1":1.075,"dil2":1.025,"dil3":0.875,"dil4":0.975,"dil5":0.925,"dil6":1.125,"rots":[-15,-25,5,25,-5,15],"dils":[1.075,1.025,0.875,0.975,0.925,1.125]},{"id":"test","shape":"kite","outlier_type":0,"choice":5,"outlierPosition":5,"success":true,"majorityOfMostRegularShapes":true,"rt":4205.5,"rot1":15,"rot2":-5,"rot3":5,"rot4":25,"rot5":-25,"rot6":-15,"dil1":1.075,"dil2":1.025,"dil3":0.875,"dil4":1.125,"dil5":0.925,"dil6":0.975,"rots":[15,-5,5,25,-25,-15],"dils":[1.075,1.025,0.875,1.125,0.925,0.975]},{"id":"test","shape":"rightKite","outlier_type":2,"choice":0,"outlierPosition":0,"success":true,"majorityOfMostRegularShapes":true,"rt":6977.5,"rot1":25,"rot2":15,"rot3":5,"rot4":-15,"rot5":-5,"rot6":-25,"dil1":0.925,"dil2":0.975,"dil3":0.875,"dil4":1.025,"dil5":1.075,"dil6":1.125,"rots":[25,15,5,-15,-5,-25],"dils":[0.925,0.975,0.875,1.025,1.075,1.125]},{"id":"test","shape":"parallelogram","outlier_type":3,"choice":3,"outlierPosition":3,"success":true,"majorityOfMostRegularShapes":true,"rt":2588.4000000003725,"rot1":5,"rot2":-25,"rot3":-15,"rot4":-5,"rot5":25,"rot6":15,"dil1":0.875,"dil2":1.125,"dil3":1.075,"dil4":0.975,"dil5":0.925,"dil6":1.025,"rots":[5,-25,-15,-5,25,15],"dils":[0.875,1.125,1.075,0.975,0.925,1.025]},{"id":"test","shape":"rectangle","outlier_type":1,"choice":4,"outlierPosition":4,"success":true,"majorityOfMostRegularShapes":true,"rt":1538.9000000003725,"rot1":5,"rot2":-5,"rot3":25,"rot4":-15,"rot5":15,"rot6":-25,"dil1":1.025,"dil2":1.125,"dil3":1.075,"dil4":0.925,"dil5":0.975,"dil6":0.875,"rots":[5,-5,25,-15,15,-25],"dils":[1.025,1.125,1.075,0.925,0.975,0.875]},{"id":"test","shape":"kite","outlier_type":0,"choice":3,"outlierPosition":3,"success":true,"majorityOfMostRegularShapes":false,"rt":2665.2999999998137,"rot1":-5,"rot2":-25,"rot3":15,"rot4":25,"rot5":-15,"rot6":5,"dil1":1.075,"dil2":1.125,"dil3":0.975,"dil4":0.875,"dil5":1.025,"dil6":0.925,"rots":[-5,-25,15,25,-15,5],"dils":[1.075,1.125,0.975,0.875,1.025,0.925]},{"id":"test","shape":"square","outlier_type":3,"choice":5,"outlierPosition":5,"success":true,"majorityOfMostRegularShapes":true,"rt":2421.7000000001863,"rot1":15,"rot2":-5,"rot3":-15,"rot4":25,"rot5":5,"rot6":-25,"dil1":1.025,"dil2":1.125,"dil3":0.875,"dil4":0.925,"dil5":1.075,"dil6":0.975,"rots":[15,-5,-15,25,5,-25],"dils":[1.025,1.125,0.875,0.925,1.075,0.975]},{"id":"test","shape":"isoTrapezoid","outlier_type":2,"choice":3,"outlierPosition":3,"success":true,"majorityOfMostRegularShapes":true,"rt":2146.5,"rot1":5,"rot2":-5,"rot3":-25,"rot4":25,"rot5":15,"rot6":-15,"dil1":1.025,"dil2":1.125,"dil3":0.875,"dil4":0.925,"dil5":0.975,"dil6":1.075,"rots":[5,-5,-25,25,15,-15],"dils":[1.025,1.125,0.875,0.925,0.975,1.075]},{"id":"test","shape":"trapezoid","outlier_type":0,"choice":4,"outlierPosition":2,"success":false,"majorityOfMostRegularShapes":true,"rt":2423.7999999998137,"rot1":5,"rot2":-5,"rot3":-15,"rot4":25,"rot5":-25,"rot6":15,"dil1":1.075,"dil2":1.025,"dil3":1.125,"dil4":0.875,"dil5":0.925,"dil6":0.975,"rots":[5,-5,-15,25,-25,15],"dils":[1.075,1.025,1.125,0.875,0.925,0.975]},{"id":"test","shape":"isoTrapezoid","outlier_type":2,"choice":5,"outlierPosition":5,"success":true,"majorityOfMostRegularShapes":false,"rt":3877.4000000003725,"rot1":-5,"rot2":-25,"rot3":-15,"rot4":15,"rot5":25,"rot6":5,"dil1":1.075,"dil2":0.875,"dil3":1.025,"dil4":0.925,"dil5":1.125,"dil6":0.975,"rots":[-5,-25,-15,15,25,5],"dils":[1.075,0.875,1.025,0.925,1.125,0.975]},{"id":"test","shape":"trapezoid","outlier_type":0,"choice":4,"outlierPosition":4,"success":true,"majorityOfMostRegularShapes":false,"rt":10542.299999999814,"rot1":25,"rot2":5,"rot3":-15,"rot4":-25,"rot5":15,"rot6":-5,"dil1":0.925,"dil2":0.975,"dil3":1.125,"dil4":1.025,"dil5":0.875,"dil6":1.075,"rots":[25,5,-15,-25,15,-5],"dils":[0.925,0.975,1.125,1.025,0.875,1.075]}],"desiredDistance":0.3,"trial_type":"oddball-grid","trial_index":5,"time_elapsed":1011091,"internal_node_id":"0.0-5.0","score":0.9090909090909091,"early_termination":false}]