[{"rt":2226,"url":"external-consent.html","trial_type":"external-html","trial_index":0,"time_elapsed":2294,"internal_node_id":"0.0-0.0","score":0.5795454545454546,"early_termination":false},{"rt":52685,"responses":"{\"Q0\":\"0/0/0\",\"Q1\":\"NA\",\"Q2\":\"F\"}","trial_type":"survey-text","trial_index":1,"time_elapsed":54981,"internal_node_id":"0.0-1.0","score":0.5795454545454546,"early_termination":false},{"success":true,"trial_type":"fullscreen","trial_index":2,"time_elapsed":230662,"internal_node_id":"0.0-2.0","score":0.5795454545454546,"early_termination":false},{"results":[{"id":"train-images","loop_number":1,"shape":"test2","outlier_type":"NA","choice":1,"outlierPosition":1,"success":true,"majorityOfMostRegularShapes":false,"rt":1020,"rot1":25,"rot2":5,"rot3":-25,"rot4":15,"rot5":-5,"rot6":-15,"dil1":0.975,"dil2":1.025,"dil3":1.125,"dil4":1.075,"dil5":0.925,"dil6":0.875,"rots":[25,5,-25,15,-5,-15],"dils":[0.975,1.025,1.125,1.075,0.925,0.875],"possible_pos":[0,1,2,3,4,5]},{"id":"train-images","loop_number":1,"shape":"test10","outlier_type":"NA","choice":3,"outlierPosition":3,"success":true,"majorityOfMostRegularShapes":true,"rt":1036,"rot1":-5,"rot2":15,"rot3":-15,"rot4":25,"rot5":5,"rot6":-25,"dil1":0.875,"dil2":1.075,"dil3":1.125,"dil4":1.025,"dil5":0.925,"dil6":0.975,"rots":[-5,15,-15,25,5,-25],"dils":[0.875,1.075,1.125,1.025,0.925,0.975],"possible_pos":[0,1,2,3,4,5]},{"id":"train-images","loop_number":1,"shape":"test8","outlier_type":"NA","choice":2,"outlierPosition":2,"success":true,"majorityOfMostRegularShapes":false,"rt":805,"rot1":5,"rot2":15,"rot3":-15,"rot4":25,"rot5":-25,"rot6":-5,"dil1":1.075,"dil2":0.925,"dil3":1.025,"dil4":0.875,"dil5":0.975,"dil6":1.125,"rots":[5,15,-15,25,-25,-5],"dils":[1.075,0.925,1.025,0.875,0.975,1.125],"possible_pos":[0,1,2,3,4,5]},{"id":"train-images","loop_number":1,"shape":"test5","outlier_type":"NA","choice":5,"outlierPosition":5,"success":true,"majorityOfMostRegularShapes":true,"rt":700,"rot1":5,"rot2":25,"rot3":-25,"rot4":15,"rot5":-5,"rot6":-15,"dil1":0.925,"dil2":1.125,"dil3":1.025,"dil4":0.875,"dil5":0.975,"dil6":1.075,"rots":[5,25,-25,15,-5,-15],"dils":[0.925,1.125,1.025,0.875,0.975,1.075],"possible_pos":[0,1,2,3,4,5]},{"id":"train-images","loop_number":1,"shape":"test1","outlier_type":"NA","choice":2,"outlierPosition":2,"success":true,"majorityOfMostRegularShapes":true,"rt":826,"rot1":25,"rot2":5,"rot3":-25,"rot4":15,"rot5":-5,"rot6":-15,"dil1":1.075,"dil2":0.975,"dil3":1.025,"dil4":0.875,"dil5":1.125,"dil6":0.925,"rots":[25,5,-25,15,-5,-15],"dils":[1.075,0.975,1.025,0.875,1.125,0.925],"possible_pos":[0,1,2,3,4,5]},{"id":"train-images","loop_number":1,"shape":"test4","outlier_type":"NA","choice":0,"outlierPosition":0,"success":true,"majorityOfMostRegularShapes":false,"rt":1672,"rot1":-15,"rot2":25,"rot3":-5,"rot4":-25,"rot5":15,"rot6":5,"dil1":1.125,"dil2":1.075,"dil3":0.925,"dil4":0.875,"dil5":1.025,"dil6":0.975,"rots":[-15,25,-5,-25,15,5],"dils":[1.125,1.075,0.925,0.875,1.025,0.975],"possible_pos":[0,1,2,3,4,5]},{"id":"train-images","loop_number":1,"shape":"test1","outlier_type":"NA","choice":2,"outlierPosition":2,"success":true,"majorityOfMostRegularShapes":false,"rt":2506,"rot1":15,"rot2":-15,"rot3":-5,"rot4":25,"rot5":-25,"rot6":5,"dil1":1.075,"dil2":0.925,"dil3":0.975,"dil4":1.025,"dil5":0.875,"dil6":1.125,"rots":[15,-15,-5,25,-25,5],"dils":[1.075,0.925,0.975,1.025,0.875,1.125],"possible_pos":[0,1,2,3,4,5]},{"id":"train-images","loop_number":1,"shape":"test6","outlier_type":"NA","choice":3,"outlierPosition":3,"success":true,"majorityOfMostRegularShapes":false,"rt":2809,"rot1":-25,"rot2":-15,"rot3":5,"rot4":25,"rot5":-5,"rot6":15,"dil1":0.975,"dil2":0.925,"dil3":0.875,"dil4":1.075,"dil5":1.025,"dil6":1.125,"rots":[-25,-15,5,25,-5,15],"dils":[0.975,0.925,0.875,1.075,1.025,1.125],"possible_pos":[0,1,2,3,4,5]},{"id":"train-images","loop_number":1,"shape":"test9","outlier_type":"NA","choice":1,"outlierPosition":1,"success":true,"majorityOfMostRegularShapes":false,"rt":1513,"rot1":15,"rot2":25,"rot3":-5,"rot4":-25,"rot5":-15,"rot6":5,"dil1":1.025,"dil2":1.075,"dil3":0.975,"dil4":0.925,"dil5":1.125,"dil6":0.875,"rots":[15,25,-5,-25,-15,5],"dils":[1.025,1.075,0.975,0.925,1.125,0.875],"possible_pos":[0,1,2,3,4,5]},{"id":"train-images","loop_number":1,"shape":"test7","outlier_type":"NA","choice":1,"outlierPosition":1,"success":true,"majorityOfMostRegularShapes":false,"rt":1005,"rot1":-5,"rot2":-15,"rot3":-25,"rot4":5,"rot5":25,"rot6":15,"dil1":0.875,"dil2":0.925,"dil3":0.975,"dil4":1.075,"dil5":1.125,"dil6":1.025,"rots":[-5,-15,-25,5,25,15],"dils":[0.875,0.925,0.975,1.075,1.125,1.025],"possible_pos":[0,1,2,3,4,5]},{"id":"train-images","loop_number":1,"shape":"test3","outlier_type":"NA","choice":3,"outlierPosition":3,"success":true,"majorityOfMostRegularShapes":false,"rt":1469,"rot1":-15,"rot2":25,"rot3":5,"rot4":-25,"rot5":-5,"rot6":15,"dil1":0.925,"dil2":1.125,"dil3":0.875,"dil4":1.025,"dil5":0.975,"dil6":1.075,"rots":[-15,25,5,-25,-5,15],"dils":[0.925,1.125,0.875,1.025,0.975,1.075],"possible_pos":[0,1,2,3,4,5]},{"id":"train-images","loop_number":1,"shape":"test8","outlier_type":"NA","choice":2,"outlierPosition":2,"success":true,"majorityOfMostRegularShapes":true,"rt":817,"rot1":25,"rot2":-15,"rot3":-5,"rot4":5,"rot5":15,"rot6":-25,"dil1":1.025,"dil2":0.975,"dil3":1.125,"dil4":0.875,"dil5":1.075,"dil6":0.925,"rots":[25,-15,-5,5,15,-25],"dils":[1.025,0.975,1.125,0.875,1.075,0.925],"possible_pos":[0,1,2,3,4,5]},{"id":"train-images","loop_number":1,"shape":"test9","outlier_type":"NA","choice":0,"outlierPosition":0,"success":true,"majorityOfMostRegularShapes":true,"rt":924,"rot1":-5,"rot2":25,"rot3":15,"rot4":-15,"rot5":5,"rot6":-25,"dil1":1.025,"dil2":1.075,"dil3":0.875,"dil4":0.975,"dil5":0.925,"dil6":1.125,"rots":[-5,25,15,-15,5,-25],"dils":[1.025,1.075,0.875,0.975,0.925,1.125],"possible_pos":[0,1,2,3,4,5]},{"id":"train-images","loop_number":1,"shape":"test3","outlier_type":"NA","choice":4,"outlierPosition":4,"success":true,"majorityOfMostRegularShapes":true,"rt":2480,"rot1":-15,"rot2":-25,"rot3":5,"rot4":15,"rot5":25,"rot6":-5,"dil1":1.075,"dil2":1.025,"dil3":1.125,"dil4":0.875,"dil5":0.975,"dil6":0.925,"rots":[-15,-25,5,15,25,-5],"dils":[1.075,1.025,1.125,0.875,0.975,0.925],"possible_pos":[0,1,2,3,4,5]},{"id":"train-images","loop_number":1,"shape":"test4","outlier_type":"NA","choice":4,"outlierPosition":4,"success":true,"majorityOfMostRegularShapes":true,"rt":2793,"rot1":15,"rot2":-5,"rot3":-15,"rot4":5,"rot5":25,"rot6":-25,"dil1":1.125,"dil2":0.925,"dil3":1.075,"dil4":0.875,"dil5":1.025,"dil6":0.975,"rots":[15,-5,-15,5,25,-25],"dils":[1.125,0.925,1.075,0.875,1.025,0.975],"possible_pos":[0,1,2,3,4,5]},{"id":"train-images","loop_number":1,"shape":"test7","outlier_type":"NA","choice":1,"outlierPosition":1,"success":true,"majorityOfMostRegularShapes":true,"rt":1653,"rot1":25,"rot2":-5,"rot3":15,"rot4":5,"rot5":-15,"rot6":-25,"dil1":1.075,"dil2":1.025,"dil3":0.925,"dil4":0.975,"dil5":0.875,"dil6":1.125,"rots":[25,-5,15,5,-15,-25],"dils":[1.075,1.025,0.925,0.975,0.875,1.125],"possible_pos":[0,1,2,3,4,5]},{"id":"train-images","loop_number":1,"shape":"test10","outlier_type":"NA","choice":3,"outlierPosition":3,"success":true,"majorityOfMostRegularShapes":false,"rt":2813,"rot1":25,"rot2":5,"rot3":-5,"rot4":-15,"rot5":-25,"rot6":15,"dil1":1.125,"dil2":0.925,"dil3":1.025,"dil4":1.075,"dil5":0.975,"dil6":0.875,"rots":[25,5,-5,-15,-25,15],"dils":[1.125,0.925,1.025,1.075,0.975,0.875],"possible_pos":[0,1,2,3,4,5]},{"id":"train-images","loop_number":1,"shape":"test2","outlier_type":"NA","choice":4,"outlierPosition":4,"success":true,"majorityOfMostRegularShapes":true,"rt":932,"rot1":15,"rot2":5,"rot3":-25,"rot4":25,"rot5":-15,"rot6":-5,"dil1":1.025,"dil2":0.875,"dil3":1.075,"dil4":0.975,"dil5":0.925,"dil6":1.125,"rots":[15,5,-25,25,-15,-5],"dils":[1.025,0.875,1.075,0.975,0.925,1.125],"possible_pos":[0,1,2,3,4,5]},{"id":"train-images","loop_number":1,"shape":"test6","outlier_type":"NA","choice":0,"outlierPosition":0,"success":true,"majorityOfMostRegularShapes":true,"rt":3705,"rot1":5,"rot2":15,"rot3":-15,"rot4":-25,"rot5":-5,"rot6":25,"dil1":0.925,"dil2":1.075,"dil3":1.125,"dil4":0.975,"dil5":1.025,"dil6":0.875,"rots":[5,15,-15,-25,-5,25],"dils":[0.925,1.075,1.125,0.975,1.025,0.875],"possible_pos":[0,1,2,3,4,5]},{"id":"train-images","loop_number":1,"shape":"test5","outlier_type":"NA","choice":0,"outlierPosition":0,"success":true,"majorityOfMostRegularShapes":false,"rt":2570,"rot1":-5,"rot2":15,"rot3":25,"rot4":-25,"rot5":5,"rot6":-15,"dil1":0.975,"dil2":1.025,"dil3":1.075,"dil4":0.875,"dil5":1.125,"dil6":0.925,"rots":[-5,15,25,-25,5,-15],"dils":[0.975,1.025,1.075,0.875,1.125,0.925],"possible_pos":[0,1,2,3,4,5]}],"trial_type":"oddball-grid-image","trial_index":3,"time_elapsed":372783,"internal_node_id":"0.0-3.0","score":0.5795454545454546,"early_termination":false},{"results":[{"id":"gen2","loop_number":1,"shape":2,"outlier_type":"NA","choice":5,"outlierPosition":5,"success":true,"majorityOfMostRegularShapes":true,"rt":992,"rot1":15,"rot2":25,"rot3":-25,"rot4":5,"rot5":-5,"rot6":-15,"dil1":1.075,"dil2":0.925,"dil3":0.975,"dil4":1.025,"dil5":0.875,"dil6":1.125,"rots":[15,25,-25,5,-5,-15],"dils":[1.075,0.925,0.975,1.025,0.875,1.125]},{"id":"gen2","loop_number":1,"shape":1,"outlier_type":"NA","choice":3,"outlierPosition":3,"success":true,"majorityOfMostRegularShapes":true,"rt":970,"rot1":15,"rot2":5,"rot3":25,"rot4":-15,"rot5":-5,"rot6":-25,"dil1":0.925,"dil2":0.975,"dil3":1.075,"dil4":0.875,"dil5":1.125,"dil6":1.025,"rots":[15,5,25,-15,-5,-25],"dils":[0.925,0.975,1.075,0.875,1.125,1.025]},{"id":"gen2","loop_number":1,"shape":0,"outlier_type":"NA","choice":1,"outlierPosition":1,"success":true,"majorityOfMostRegularShapes":false,"rt":996,"rot1":15,"rot2":-25,"rot3":-15,"rot4":5,"rot5":-5,"rot6":25,"dil1":1.075,"dil2":0.925,"dil3":0.875,"dil4":0.975,"dil5":1.025,"dil6":1.125,"rots":[15,-25,-15,5,-5,25],"dils":[1.075,0.925,0.875,0.975,1.025,1.125]},{"id":"gen2","loop_number":1,"shape":1,"outlier_type":"NA","choice":2,"outlierPosition":2,"success":true,"majorityOfMostRegularShapes":false,"rt":1429,"rot1":-5,"rot2":15,"rot3":5,"rot4":-15,"rot5":-25,"rot6":25,"dil1":0.925,"dil2":0.875,"dil3":0.975,"dil4":1.025,"dil5":1.125,"dil6":1.075,"rots":[-5,15,5,-15,-25,25],"dils":[0.925,0.875,0.975,1.025,1.125,1.075]},{"id":"gen2","loop_number":1,"shape":2,"outlier_type":"NA","choice":2,"outlierPosition":2,"success":true,"majorityOfMostRegularShapes":false,"rt":1150,"rot1":5,"rot2":-25,"rot3":-5,"rot4":15,"rot5":25,"rot6":-15,"dil1":0.875,"dil2":1.125,"dil3":0.925,"dil4":0.975,"dil5":1.025,"dil6":1.075,"rots":[5,-25,-5,15,25,-15],"dils":[0.875,1.125,0.925,0.975,1.025,1.075]},{"id":"gen2","loop_number":1,"shape":1,"outlier_type":"NA","choice":5,"outlierPosition":5,"success":true,"majorityOfMostRegularShapes":true,"rt":1300,"rot1":25,"rot2":15,"rot3":5,"rot4":-25,"rot5":-15,"rot6":-5,"dil1":1.075,"dil2":0.875,"dil3":1.125,"dil4":1.025,"dil5":0.975,"dil6":0.925,"rots":[25,15,5,-25,-15,-5],"dils":[1.075,0.875,1.125,1.025,0.975,0.925]},{"id":"gen2","loop_number":1,"shape":0,"outlier_type":"NA","choice":3,"outlierPosition":3,"success":true,"majorityOfMostRegularShapes":true,"rt":1568,"rot1":25,"rot2":-15,"rot3":-5,"rot4":-25,"rot5":5,"rot6":15,"dil1":1.075,"dil2":0.875,"dil3":0.925,"dil4":1.025,"dil5":1.125,"dil6":0.975,"rots":[25,-15,-5,-25,5,15],"dils":[1.075,0.875,0.925,1.025,1.125,0.975]},{"id":"gen2","loop_number":1,"shape":2,"outlier_type":"NA","choice":3,"outlierPosition":3,"success":true,"majorityOfMostRegularShapes":true,"rt":949,"rot1":25,"rot2":-5,"rot3":5,"rot4":-25,"rot5":-15,"rot6":15,"dil1":0.925,"dil2":1.025,"dil3":1.125,"dil4":0.975,"dil5":1.075,"dil6":0.875,"rots":[25,-5,5,-25,-15,15],"dils":[0.925,1.025,1.125,0.975,1.075,0.875]},{"id":"gen2","loop_number":1,"shape":0,"outlier_type":"NA","choice":3,"outlierPosition":3,"success":true,"majorityOfMostRegularShapes":false,"rt":1139,"rot1":5,"rot2":15,"rot3":-15,"rot4":25,"rot5":-5,"rot6":-25,"dil1":1.125,"dil2":0.975,"dil3":0.875,"dil4":0.925,"dil5":1.025,"dil6":1.075,"rots":[5,15,-15,25,-5,-25],"dils":[1.125,0.975,0.875,0.925,1.025,1.075]},{"id":"gen2","loop_number":1,"shape":1,"outlier_type":"NA","choice":4,"outlierPosition":4,"success":true,"majorityOfMostRegularShapes":true,"rt":1868,"rot1":-15,"rot2":-5,"rot3":5,"rot4":-25,"rot5":25,"rot6":15,"dil1":1.075,"dil2":1.025,"dil3":0.975,"dil4":0.925,"dil5":1.125,"dil6":0.875,"rots":[-15,-5,5,-25,25,15],"dils":[1.075,1.025,0.975,0.925,1.125,0.875]},{"id":"gen2","loop_number":1,"shape":2,"outlier_type":"NA","choice":1,"outlierPosition":1,"success":true,"majorityOfMostRegularShapes":false,"rt":1501,"rot1":5,"rot2":25,"rot3":15,"rot4":-5,"rot5":-15,"rot6":-25,"dil1":0.925,"dil2":0.875,"dil3":1.025,"dil4":0.975,"dil5":1.075,"dil6":1.125,"rots":[5,25,15,-5,-15,-25],"dils":[0.925,0.875,1.025,0.975,1.075,1.125]},{"id":"gen2","loop_number":1,"shape":0,"outlier_type":"NA","choice":4,"outlierPosition":4,"success":true,"majorityOfMostRegularShapes":false,"rt":1719,"rot1":25,"rot2":-5,"rot3":-15,"rot4":-25,"rot5":5,"rot6":15,"dil1":0.875,"dil2":0.925,"dil3":1.075,"dil4":1.025,"dil5":0.975,"dil6":1.125,"rots":[25,-5,-15,-25,5,15],"dils":[0.875,0.925,1.075,1.025,0.975,1.125]},{"id":"gen2","loop_number":1,"shape":1,"outlier_type":"NA","choice":0,"outlierPosition":0,"success":true,"majorityOfMostRegularShapes":false,"rt":1312,"rot1":25,"rot2":15,"rot3":5,"rot4":-15,"rot5":-25,"rot6":-5,"dil1":0.925,"dil2":0.875,"dil3":1.025,"dil4":1.075,"dil5":1.125,"dil6":0.975,"rots":[25,15,5,-15,-25,-5],"dils":[0.925,0.875,1.025,1.075,1.125,0.975]},{"id":"gen2","loop_number":1,"shape":2,"outlier_type":"NA","choice":4,"outlierPosition":4,"success":true,"majorityOfMostRegularShapes":true,"rt":838,"rot1":-5,"rot2":15,"rot3":-25,"rot4":5,"rot5":25,"rot6":-15,"dil1":1.125,"dil2":1.075,"dil3":0.875,"dil4":0.975,"dil5":0.925,"dil6":1.025,"rots":[-5,15,-25,5,25,-15],"dils":[1.125,1.075,0.875,0.975,0.925,1.025]},{"id":"gen2","loop_number":1,"shape":0,"outlier_type":"NA","choice":0,"outlierPosition":0,"success":true,"majorityOfMostRegularShapes":true,"rt":1386,"rot1":25,"rot2":-25,"rot3":5,"rot4":-5,"rot5":-15,"rot6":15,"dil1":0.975,"dil2":0.875,"dil3":0.925,"dil4":1.125,"dil5":1.025,"dil6":1.075,"rots":[25,-25,5,-5,-15,15],"dils":[0.975,0.875,0.925,1.125,1.025,1.075]},{"id":"gen2","loop_number":1,"shape":2,"outlier_type":"NA","choice":5,"outlierPosition":5,"success":true,"majorityOfMostRegularShapes":false,"rt":2119,"rot1":-5,"rot2":-25,"rot3":15,"rot4":-15,"rot5":25,"rot6":5,"dil1":1.025,"dil2":1.075,"dil3":0.975,"dil4":0.925,"dil5":0.875,"dil6":1.125,"rots":[-5,-25,15,-15,25,5],"dils":[1.025,1.075,0.975,0.925,0.875,1.125]},{"id":"gen2","loop_number":1,"shape":1,"outlier_type":"NA","choice":5,"outlierPosition":5,"success":true,"majorityOfMostRegularShapes":false,"rt":1479,"rot1":5,"rot2":15,"rot3":-5,"rot4":25,"rot5":-25,"rot6":-15,"dil1":0.875,"dil2":1.075,"dil3":1.025,"dil4":0.975,"dil5":0.925,"dil6":1.125,"rots":[5,15,-5,25,-25,-15],"dils":[0.875,1.075,1.025,0.975,0.925,1.125]},{"id":"gen2","loop_number":1,"shape":0,"outlier_type":"NA","choice":0,"outlierPosition":0,"success":true,"majorityOfMostRegularShapes":true,"rt":2396,"rot1":-25,"rot2":15,"rot3":-15,"rot4":5,"rot5":25,"rot6":-5,"dil1":1.025,"dil2":1.075,"dil3":1.125,"dil4":0.875,"dil5":0.925,"dil6":0.975,"rots":[-25,15,-15,5,25,-5],"dils":[1.025,1.075,1.125,0.875,0.925,0.975]}],"trial_type":"oddball-grid-easy","trial_index":4,"time_elapsed":425457,"internal_node_id":"0.0-4.0","score":0.5795454545454546,"early_termination":false},{"results":[{"id":"test","shape":"isoTrapezoid","outlier_type":1,"choice":3,"outlierPosition":3,"success":true,"majorityOfMostRegularShapes":true,"rt":5445,"rot1":5,"rot2":15,"rot3":25,"rot4":-25,"rot5":-5,"rot6":-15,"dil1":0.875,"dil2":0.925,"dil3":1.125,"dil4":1.025,"dil5":0.975,"dil6":1.075,"rots":[5,15,25,-25,-5,-15],"dils":[0.875,0.925,1.125,1.025,0.975,1.075]},{"id":"test","shape":"kite","outlier_type":3,"choice":2,"outlierPosition":2,"success":true,"majorityOfMostRegularShapes":false,"rt":6456,"rot1":-25,"rot2":-5,"rot3":15,"rot4":5,"rot5":-15,"rot6":25,"dil1":0.975,"dil2":1.075,"dil3":0.925,"dil4":1.025,"dil5":0.875,"dil6":1.125,"rots":[-25,-5,15,5,-15,25],"dils":[0.975,1.075,0.925,1.025,0.875,1.125]},{"id":"test","shape":"rightKite","outlier_type":0,"choice":1,"outlierPosition":1,"success":true,"majorityOfMostRegularShapes":false,"rt":6846,"rot1":-25,"rot2":5,"rot3":25,"rot4":-5,"rot5":-15,"rot6":15,"dil1":1.025,"dil2":0.875,"dil3":1.125,"dil4":0.975,"dil5":0.925,"dil6":1.075,"rots":[-25,5,25,-5,-15,15],"dils":[1.025,0.875,1.125,0.975,0.925,1.075]},{"id":"test","shape":"random","outlier_type":1,"choice":4,"outlierPosition":0,"success":false,"majorityOfMostRegularShapes":false,"rt":6819,"rot1":-5,"rot2":-25,"rot3":15,"rot4":-15,"rot5":25,"rot6":5,"dil1":0.875,"dil2":1.125,"dil3":0.925,"dil4":1.075,"dil5":1.025,"dil6":0.975,"rots":[-5,-25,15,-15,25,5],"dils":[0.875,1.125,0.925,1.075,1.025,0.975]},{"id":"test","shape":"rectangle","outlier_type":2,"choice":2,"outlierPosition":2,"success":true,"majorityOfMostRegularShapes":true,"rt":2164,"rot1":5,"rot2":-25,"rot3":-15,"rot4":25,"rot5":-5,"rot6":15,"dil1":0.975,"dil2":1.025,"dil3":1.075,"dil4":1.125,"dil5":0.925,"dil6":0.875,"rots":[5,-25,-15,25,-5,15],"dils":[0.975,1.025,1.075,1.125,0.925,0.875]},{"id":"test","shape":"square","outlier_type":2,"choice":3,"outlierPosition":3,"success":true,"majorityOfMostRegularShapes":true,"rt":1292,"rot1":5,"rot2":15,"rot3":-15,"rot4":25,"rot5":-5,"rot6":-25,"dil1":1.125,"dil2":0.925,"dil3":0.975,"dil4":1.025,"dil5":0.875,"dil6":1.075,"rots":[5,15,-15,25,-5,-25],"dils":[1.125,0.925,0.975,1.025,0.875,1.075]},{"id":"test","shape":"kite","outlier_type":1,"choice":1,"outlierPosition":1,"success":true,"majorityOfMostRegularShapes":true,"rt":3933,"rot1":-15,"rot2":-25,"rot3":5,"rot4":-5,"rot5":25,"rot6":15,"dil1":1.125,"dil2":1.075,"dil3":1.025,"dil4":0.925,"dil5":0.875,"dil6":0.975,"rots":[-15,-25,5,-5,25,15],"dils":[1.125,1.075,1.025,0.925,0.875,0.975]},{"id":"test","shape":"hinge","outlier_type":0,"choice":5,"outlierPosition":4,"success":false,"majorityOfMostRegularShapes":true,"rt":7273,"rot1":5,"rot2":15,"rot3":-15,"rot4":-25,"rot5":25,"rot6":-5,"dil1":0.925,"dil2":1.075,"dil3":1.025,"dil4":0.975,"dil5":1.125,"dil6":0.875,"rots":[5,15,-15,-25,25,-5],"dils":[0.925,1.075,1.025,0.975,1.125,0.875]},{"id":"test","shape":"rightKite","outlier_type":3,"choice":3,"outlierPosition":3,"success":true,"majorityOfMostRegularShapes":false,"rt":4383,"rot1":-25,"rot2":5,"rot3":-15,"rot4":25,"rot5":-5,"rot6":15,"dil1":0.975,"dil2":0.875,"dil3":0.925,"dil4":1.075,"dil5":1.025,"dil6":1.125,"rots":[-25,5,-15,25,-5,15],"dils":[0.975,0.875,0.925,1.075,1.025,1.125]},{"id":"test","shape":"square","outlier_type":0,"choice":3,"outlierPosition":3,"success":true,"majorityOfMostRegularShapes":true,"rt":2085,"rot1":-5,"rot2":15,"rot3":5,"rot4":25,"rot5":-15,"rot6":-25,"dil1":1.025,"dil2":0.925,"dil3":0.975,"dil4":1.125,"dil5":0.875,"dil6":1.075,"rots":[-5,15,5,25,-15,-25],"dils":[1.025,0.925,0.975,1.125,0.875,1.075]},{"id":"test","shape":"rustedHinge","outlier_type":3,"choice":2,"outlierPosition":1,"success":false,"majorityOfMostRegularShapes":true,"rt":6403,"rot1":-5,"rot2":-25,"rot3":-15,"rot4":5,"rot5":15,"rot6":25,"dil1":0.975,"dil2":0.925,"dil3":1.125,"dil4":1.025,"dil5":1.075,"dil6":0.875,"rots":[-5,-25,-15,5,15,25],"dils":[0.975,0.925,1.125,1.025,1.075,0.875]},{"id":"test","shape":"square","outlier_type":1,"choice":3,"outlierPosition":3,"success":true,"majorityOfMostRegularShapes":true,"rt":2739,"rot1":-5,"rot2":-15,"rot3":25,"rot4":5,"rot5":15,"rot6":-25,"dil1":1.075,"dil2":1.025,"dil3":0.875,"dil4":1.125,"dil5":0.925,"dil6":0.975,"rots":[-5,-15,25,5,15,-25],"dils":[1.075,1.025,0.875,1.125,0.925,0.975]},{"id":"test","shape":"losange","outlier_type":0,"choice":4,"outlierPosition":3,"success":false,"majorityOfMostRegularShapes":true,"rt":3428,"rot1":5,"rot2":25,"rot3":-25,"rot4":-15,"rot5":-5,"rot6":15,"dil1":0.875,"dil2":1.125,"dil3":1.075,"dil4":0.975,"dil5":0.925,"dil6":1.025,"rots":[5,25,-25,-15,-5,15],"dils":[0.875,1.125,1.075,0.975,0.925,1.025]},{"id":"test","shape":"losange","outlier_type":2,"choice":3,"outlierPosition":1,"success":false,"majorityOfMostRegularShapes":false,"rt":2281,"rot1":-15,"rot2":5,"rot3":15,"rot4":25,"rot5":-25,"rot6":-5,"dil1":0.975,"dil2":0.925,"dil3":1.075,"dil4":0.875,"dil5":1.125,"dil6":1.025,"rots":[-15,5,15,25,-25,-5],"dils":[0.975,0.925,1.075,0.875,1.125,1.025]},{"id":"test","shape":"hinge","outlier_type":3,"choice":0,"outlierPosition":0,"success":true,"majorityOfMostRegularShapes":false,"rt":5945,"rot1":15,"rot2":-25,"rot3":-5,"rot4":25,"rot5":5,"rot6":-15,"dil1":0.925,"dil2":1.125,"dil3":1.025,"dil4":0.875,"dil5":1.075,"dil6":0.975,"rots":[15,-25,-5,25,5,-15],"dils":[0.925,1.125,1.025,0.875,1.075,0.975]},{"id":"test","shape":"trapezoid","outlier_type":0,"choice":1,"outlierPosition":1,"success":true,"majorityOfMostRegularShapes":false,"rt":6522,"rot1":-25,"rot2":-5,"rot3":-15,"rot4":15,"rot5":5,"rot6":25,"dil1":0.875,"dil2":1.125,"dil3":0.925,"dil4":0.975,"dil5":1.075,"dil6":1.025,"rots":[-25,-5,-15,15,5,25],"dils":[0.875,1.125,0.925,0.975,1.075,1.025]},{"id":"test","shape":"rustedHinge","outlier_type":1,"choice":0,"outlierPosition":0,"success":true,"majorityOfMostRegularShapes":true,"rt":5492,"rot1":-25,"rot2":25,"rot3":5,"rot4":-15,"rot5":15,"rot6":-5,"dil1":1.075,"dil2":0.925,"dil3":0.975,"dil4":1.125,"dil5":1.025,"dil6":0.875,"rots":[-25,25,5,-15,15,-5],"dils":[1.075,0.925,0.975,1.125,1.025,0.875]},{"id":"test","shape":"parallelogram","outlier_type":3,"choice":2,"outlierPosition":2,"success":true,"majorityOfMostRegularShapes":true,"rt":3225,"rot1":-5,"rot2":-25,"rot3":25,"rot4":15,"rot5":-15,"rot6":5,"dil1":1.125,"dil2":1.075,"dil3":0.975,"dil4":0.925,"dil5":1.025,"dil6":0.875,"rots":[-5,-25,25,15,-15,5],"dils":[1.125,1.075,0.975,0.925,1.025,0.875]},{"id":"test","shape":"rustedHinge","outlier_type":1,"choice":0,"outlierPosition":0,"success":true,"majorityOfMostRegularShapes":false,"rt":10805,"rot1":-15,"rot2":15,"rot3":5,"rot4":-5,"rot5":25,"rot6":-25,"dil1":0.875,"dil2":1.125,"dil3":0.975,"dil4":0.925,"dil5":1.075,"dil6":1.025,"rots":[-15,15,5,-5,25,-25],"dils":[0.875,1.125,0.975,0.925,1.075,1.025]},{"id":"test","shape":"kite","outlier_type":3,"choice":4,"outlierPosition":4,"success":true,"majorityOfMostRegularShapes":true,"rt":4196,"rot1":5,"rot2":-5,"rot3":25,"rot4":-15,"rot5":15,"rot6":-25,"dil1":1.025,"dil2":1.075,"dil3":0.925,"dil4":1.125,"dil5":0.975,"dil6":0.875,"rots":[5,-5,25,-15,15,-25],"dils":[1.025,1.075,0.925,1.125,0.975,0.875]},{"id":"test","shape":"trapezoid","outlier_type":2,"choice":2,"outlierPosition":2,"success":true,"majorityOfMostRegularShapes":false,"rt":8019,"rot1":-25,"rot2":5,"rot3":-5,"rot4":15,"rot5":-15,"rot6":25,"dil1":0.925,"dil2":1.125,"dil3":1.075,"dil4":0.975,"dil5":0.875,"dil6":1.025,"rots":[-25,5,-5,15,-15,25],"dils":[0.925,1.125,1.075,0.975,0.875,1.025]},{"id":"test","shape":"square","outlier_type":1,"choice":3,"outlierPosition":3,"success":true,"majorityOfMostRegularShapes":false,"rt":3994,"rot1":25,"rot2":-15,"rot3":-5,"rot4":15,"rot5":-25,"rot6":5,"dil1":1.025,"dil2":0.975,"dil3":0.875,"dil4":0.925,"dil5":1.075,"dil6":1.125,"rots":[25,-15,-5,15,-25,5],"dils":[1.025,0.975,0.875,0.925,1.075,1.125]},{"id":"test","shape":"rustedHinge","outlier_type":2,"choice":3,"outlierPosition":0,"success":false,"majorityOfMostRegularShapes":false,"rt":9383,"rot1":-15,"rot2":-5,"rot3":25,"rot4":5,"rot5":-25,"rot6":15,"dil1":1.125,"dil2":0.925,"dil3":0.975,"dil4":1.025,"dil5":1.075,"dil6":0.875,"rots":[-15,-5,25,5,-25,15],"dils":[1.125,0.925,0.975,1.025,1.075,0.875]},{"id":"test","shape":"losange","outlier_type":1,"choice":2,"outlierPosition":1,"success":false,"majorityOfMostRegularShapes":false,"rt":11225,"rot1":-15,"rot2":25,"rot3":5,"rot4":15,"rot5":-25,"rot6":-5,"dil1":0.975,"dil2":1.025,"dil3":0.875,"dil4":1.125,"dil5":1.075,"dil6":0.925,"rots":[-15,25,5,15,-25,-5],"dils":[0.975,1.025,0.875,1.125,1.075,0.925]},{"id":"test","shape":"kite","outlier_type":0,"choice":4,"outlierPosition":4,"success":true,"majorityOfMostRegularShapes":true,"rt":6606,"rot1":-25,"rot2":-15,"rot3":15,"rot4":-5,"rot5":25,"rot6":5,"dil1":0.875,"dil2":0.975,"dil3":0.925,"dil4":1.125,"dil5":1.075,"dil6":1.025,"rots":[-25,-15,15,-5,25,5],"dils":[0.875,0.975,0.925,1.125,1.075,1.025]},{"id":"test","shape":"rightKite","outlier_type":2,"choice":3,"outlierPosition":3,"success":true,"majorityOfMostRegularShapes":false,"rt":8135,"rot1":-5,"rot2":5,"rot3":-15,"rot4":25,"rot5":15,"rot6":-25,"dil1":1.025,"dil2":0.875,"dil3":0.975,"dil4":1.125,"dil5":0.925,"dil6":1.075,"rots":[-5,5,-15,25,15,-25],"dils":[1.025,0.875,0.975,1.125,0.925,1.075]},{"id":"test","shape":"square","outlier_type":3,"choice":2,"outlierPosition":2,"success":true,"majorityOfMostRegularShapes":true,"rt":2412,"rot1":15,"rot2":-25,"rot3":5,"rot4":-5,"rot5":25,"rot6":-15,"dil1":0.975,"dil2":1.125,"dil3":0.925,"dil4":1.075,"dil5":0.875,"dil6":1.025,"rots":[15,-25,5,-5,25,-15],"dils":[0.975,1.125,0.925,1.075,0.875,1.025]},{"id":"test","shape":"parallelogram","outlier_type":2,"choice":5,"outlierPosition":5,"success":true,"majorityOfMostRegularShapes":true,"rt":2811,"rot1":25,"rot2":-25,"rot3":-15,"rot4":15,"rot5":5,"rot6":-5,"dil1":0.925,"dil2":1.125,"dil3":1.075,"dil4":1.025,"dil5":0.975,"dil6":0.875,"rots":[25,-25,-15,15,5,-5],"dils":[0.925,1.125,1.075,1.025,0.975,0.875]},{"id":"test","shape":"isoTrapezoid","outlier_type":0,"choice":2,"outlierPosition":2,"success":true,"majorityOfMostRegularShapes":true,"rt":8669,"rot1":-25,"rot2":-15,"rot3":5,"rot4":25,"rot5":-5,"rot6":15,"dil1":0.975,"dil2":1.075,"dil3":0.875,"dil4":0.925,"dil5":1.025,"dil6":1.125,"rots":[-25,-15,5,25,-5,15],"dils":[0.975,1.075,0.875,0.925,1.025,1.125]},{"id":"test","shape":"square","outlier_type":2,"choice":1,"outlierPosition":1,"success":true,"majorityOfMostRegularShapes":false,"rt":5463,"rot1":15,"rot2":-25,"rot3":-15,"rot4":25,"rot5":-5,"rot6":5,"dil1":0.925,"dil2":1.125,"dil3":1.025,"dil4":1.075,"dil5":0.975,"dil6":0.875,"rots":[15,-25,-15,25,-5,5],"dils":[0.925,1.125,1.025,1.075,0.975,0.875]},{"id":"test","shape":"random","outlier_type":1,"choice":4,"outlierPosition":3,"success":false,"majorityOfMostRegularShapes":true,"rt":6761,"rot1":-5,"rot2":-25,"rot3":5,"rot4":15,"rot5":-15,"rot6":25,"dil1":1.025,"dil2":1.125,"dil3":0.975,"dil4":1.075,"dil5":0.925,"dil6":0.875,"rots":[-5,-25,5,15,-15,25],"dils":[1.025,1.125,0.975,1.075,0.925,0.875]},{"id":"test","shape":"rustedHinge","outlier_type":0,"choice":1,"outlierPosition":1,"success":true,"majorityOfMostRegularShapes":true,"rt":6033,"rot1":-5,"rot2":-25,"rot3":-15,"rot4":15,"rot5":5,"rot6":25,"dil1":1.075,"dil2":1.125,"dil3":0.975,"dil4":0.875,"dil5":1.025,"dil6":0.925,"rots":[-5,-25,-15,15,5,25],"dils":[1.075,1.125,0.975,0.875,1.025,0.925]},{"id":"test","shape":"rightKite","outlier_type":3,"choice":1,"outlierPosition":3,"success":false,"majorityOfMostRegularShapes":true,"rt":11904,"rot1":15,"rot2":-15,"rot3":-5,"rot4":-25,"rot5":5,"rot6":25,"dil1":0.925,"dil2":1.075,"dil3":0.975,"dil4":1.025,"dil5":0.875,"dil6":1.125,"rots":[15,-15,-5,-25,5,25],"dils":[0.925,1.075,0.975,1.025,0.875,1.125]},{"id":"test","shape":"random","outlier_type":0,"choice":1,"outlierPosition":4,"success":false,"majorityOfMostRegularShapes":true,"rt":10085,"rot1":25,"rot2":-15,"rot3":-25,"rot4":5,"rot5":15,"rot6":-5,"dil1":0.875,"dil2":1.125,"dil3":1.025,"dil4":1.075,"dil5":0.925,"dil6":0.975,"rots":[25,-15,-25,5,15,-5],"dils":[0.875,1.125,1.025,1.075,0.925,0.975]},{"id":"test","shape":"hinge","outlier_type":1,"choice":4,"outlierPosition":0,"success":false,"majorityOfMostRegularShapes":true,"rt":12605,"rot1":5,"rot2":-5,"rot3":15,"rot4":25,"rot5":-15,"rot6":-25,"dil1":0.975,"dil2":0.925,"dil3":1.025,"dil4":1.075,"dil5":1.125,"dil6":0.875,"rots":[5,-5,15,25,-15,-25],"dils":[0.975,0.925,1.025,1.075,1.125,0.875]},{"id":"test","shape":"isoTrapezoid","outlier_type":2,"choice":3,"outlierPosition":3,"success":true,"majorityOfMostRegularShapes":true,"rt":3050,"rot1":-5,"rot2":15,"rot3":-15,"rot4":-25,"rot5":5,"rot6":25,"dil1":1.025,"dil2":0.975,"dil3":1.125,"dil4":1.075,"dil5":0.875,"dil6":0.925,"rots":[-5,15,-15,-25,5,25],"dils":[1.025,0.975,1.125,1.075,0.875,0.925]},{"id":"test","shape":"trapezoid","outlier_type":1,"choice":2,"outlierPosition":2,"success":true,"majorityOfMostRegularShapes":false,"rt":2006,"rot1":-5,"rot2":-15,"rot3":5,"rot4":-25,"rot5":15,"rot6":25,"dil1":0.925,"dil2":1.125,"dil3":1.025,"dil4":1.075,"dil5":0.875,"dil6":0.975,"rots":[-5,-15,5,-25,15,25],"dils":[0.925,1.125,1.025,1.075,0.875,0.975]},{"id":"test","shape":"random","outlier_type":0,"choice":3,"outlierPosition":5,"success":false,"majorityOfMostRegularShapes":false,"rt":12902,"rot1":-25,"rot2":5,"rot3":25,"rot4":-5,"rot5":-15,"rot6":15,"dil1":0.975,"dil2":0.875,"dil3":1.025,"dil4":1.125,"dil5":1.075,"dil6":0.925,"rots":[-25,5,25,-5,-15,15],"dils":[0.975,0.875,1.025,1.125,1.075,0.925]},{"id":"test","shape":"losange","outlier_type":2,"choice":3,"outlierPosition":3,"success":true,"majorityOfMostRegularShapes":true,"rt":6889,"rot1":-15,"rot2":-25,"rot3":25,"rot4":5,"rot5":15,"rot6":-5,"dil1":1.025,"dil2":0.925,"dil3":1.075,"dil4":0.975,"dil5":1.125,"dil6":0.875,"rots":[-15,-25,25,5,15,-5],"dils":[1.025,0.925,1.075,0.975,1.125,0.875]},{"id":"test","shape":"rectangle","outlier_type":3,"choice":4,"outlierPosition":4,"success":true,"majorityOfMostRegularShapes":true,"rt":4791,"rot1":-25,"rot2":25,"rot3":-5,"rot4":-15,"rot5":5,"rot6":15,"dil1":0.925,"dil2":0.875,"dil3":1.075,"dil4":1.125,"dil5":1.025,"dil6":0.975,"rots":[-25,25,-5,-15,5,15],"dils":[0.925,0.875,1.075,1.125,1.025,0.975]},{"id":"test","shape":"losange","outlier_type":1,"choice":1,"outlierPosition":2,"success":false,"majorityOfMostRegularShapes":true,"rt":2062,"rot1":-5,"rot2":-15,"rot3":-25,"rot4":5,"rot5":15,"rot6":25,"dil1":0.875,"dil2":1.075,"dil3":0.975,"dil4":0.925,"dil5":1.125,"dil6":1.025,"rots":[-5,-15,-25,5,15,25],"dils":[0.875,1.075,0.975,0.925,1.125,1.025]},{"id":"test","shape":"random","outlier_type":2,"choice":1,"outlierPosition":2,"success":false,"majorityOfMostRegularShapes":true,"rt":4703,"rot1":-15,"rot2":25,"rot3":15,"rot4":-25,"rot5":-5,"rot6":5,"dil1":1.025,"dil2":1.075,"dil3":1.125,"dil4":0.875,"dil5":0.925,"dil6":0.975,"rots":[-15,25,15,-25,-5,5],"dils":[1.025,1.075,1.125,0.875,0.925,0.975]},{"id":"test","shape":"parallelogram","outlier_type":3,"choice":1,"outlierPosition":1,"success":true,"majorityOfMostRegularShapes":false,"rt":5608,"rot1":15,"rot2":-5,"rot3":-25,"rot4":-15,"rot5":5,"rot6":25,"dil1":1.025,"dil2":0.925,"dil3":0.975,"dil4":0.875,"dil5":1.125,"dil6":1.075,"rots":[15,-5,-25,-15,5,25],"dils":[1.025,0.925,0.975,0.875,1.125,1.075]},{"id":"test","shape":"isoTrapezoid","outlier_type":2,"choice":0,"outlierPosition":0,"success":true,"majorityOfMostRegularShapes":false,"rt":4446,"rot1":5,"rot2":-15,"rot3":-5,"rot4":-25,"rot5":25,"rot6":15,"dil1":1.075,"dil2":0.875,"dil3":1.025,"dil4":0.975,"dil5":1.125,"dil6":0.925,"rots":[5,-15,-5,-25,25,15],"dils":[1.075,0.875,1.025,0.975,1.125,0.925]},{"id":"test","shape":"kite","outlier_type":1,"choice":3,"outlierPosition":5,"success":false,"majorityOfMostRegularShapes":false,"rt":8280,"rot1":-5,"rot2":5,"rot3":-15,"rot4":25,"rot5":15,"rot6":-25,"dil1":1.075,"dil2":0.875,"dil3":1.125,"dil4":1.025,"dil5":0.925,"dil6":0.975,"rots":[-5,5,-15,25,15,-25],"dils":[1.075,0.875,1.125,1.025,0.925,0.975]},{"id":"test","shape":"rectangle","outlier_type":3,"choice":3,"outlierPosition":3,"success":true,"majorityOfMostRegularShapes":false,"rt":6174,"rot1":-25,"rot2":-5,"rot3":25,"rot4":-15,"rot5":5,"rot6":15,"dil1":1.025,"dil2":0.975,"dil3":0.925,"dil4":1.075,"dil5":0.875,"dil6":1.125,"rots":[-25,-5,25,-15,5,15],"dils":[1.025,0.975,0.925,1.075,0.875,1.125]},{"id":"test","shape":"rightKite","outlier_type":1,"choice":1,"outlierPosition":1,"success":true,"majorityOfMostRegularShapes":true,"rt":2079,"rot1":25,"rot2":5,"rot3":-15,"rot4":-5,"rot5":-25,"rot6":15,"dil1":1.075,"dil2":0.925,"dil3":0.875,"dil4":1.025,"dil5":0.975,"dil6":1.125,"rots":[25,5,-15,-5,-25,15],"dils":[1.075,0.925,0.875,1.025,0.975,1.125]},{"id":"test","shape":"losange","outlier_type":3,"choice":3,"outlierPosition":0,"success":false,"majorityOfMostRegularShapes":true,"rt":1266,"rot1":-15,"rot2":5,"rot3":15,"rot4":-25,"rot5":25,"rot6":-5,"dil1":0.975,"dil2":1.075,"dil3":0.875,"dil4":0.925,"dil5":1.025,"dil6":1.125,"rots":[-15,5,15,-25,25,-5],"dils":[0.975,1.075,0.875,0.925,1.025,1.125]},{"id":"test","shape":"parallelogram","outlier_type":0,"choice":1,"outlierPosition":1,"success":true,"majorityOfMostRegularShapes":false,"rt":4244,"rot1":25,"rot2":-5,"rot3":-15,"rot4":5,"rot5":-25,"rot6":15,"dil1":0.925,"dil2":0.975,"dil3":1.025,"dil4":1.125,"dil5":1.075,"dil6":0.875,"rots":[25,-5,-15,5,-25,15],"dils":[0.925,0.975,1.025,1.125,1.075,0.875]},{"id":"test","shape":"hinge","outlier_type":2,"choice":4,"outlierPosition":4,"success":true,"majorityOfMostRegularShapes":false,"rt":5358,"rot1":25,"rot2":5,"rot3":15,"rot4":-15,"rot5":-25,"rot6":-5,"dil1":1.075,"dil2":1.025,"dil3":0.925,"dil4":0.975,"dil5":0.875,"dil6":1.125,"rots":[25,5,15,-15,-25,-5],"dils":[1.075,1.025,0.925,0.975,0.875,1.125]},{"id":"test","shape":"square","outlier_type":3,"choice":0,"outlierPosition":0,"success":true,"majorityOfMostRegularShapes":false,"rt":2972,"rot1":5,"rot2":15,"rot3":25,"rot4":-25,"rot5":-5,"rot6":-15,"dil1":1.025,"dil2":1.125,"dil3":0.925,"dil4":0.875,"dil5":1.075,"dil6":0.975,"rots":[5,15,25,-25,-5,-15],"dils":[1.025,1.125,0.925,0.875,1.075,0.975]},{"id":"test","shape":"trapezoid","outlier_type":0,"choice":4,"outlierPosition":1,"success":false,"majorityOfMostRegularShapes":true,"rt":5393,"rot1":25,"rot2":5,"rot3":-5,"rot4":15,"rot5":-25,"rot6":-15,"dil1":1.075,"dil2":1.025,"dil3":0.875,"dil4":0.925,"dil5":1.125,"dil6":0.975,"rots":[25,5,-5,15,-25,-15],"dils":[1.075,1.025,0.875,0.925,1.125,0.975]},{"id":"test","shape":"rightKite","outlier_type":1,"choice":3,"outlierPosition":4,"success":false,"majorityOfMostRegularShapes":false,"rt":1852,"rot1":25,"rot2":-5,"rot3":-15,"rot4":5,"rot5":-25,"rot6":15,"dil1":0.925,"dil2":0.875,"dil3":0.975,"dil4":1.075,"dil5":1.125,"dil6":1.025,"rots":[25,-5,-15,5,-25,15],"dils":[0.925,0.875,0.975,1.075,1.125,1.025]},{"id":"test","shape":"losange","outlier_type":0,"choice":5,"outlierPosition":1,"success":false,"majorityOfMostRegularShapes":false,"rt":2079,"rot1":25,"rot2":-5,"rot3":-15,"rot4":5,"rot5":15,"rot6":-25,"dil1":0.875,"dil2":0.925,"dil3":1.075,"dil4":1.125,"dil5":0.975,"dil6":1.025,"rots":[25,-5,-15,5,15,-25],"dils":[0.875,0.925,1.075,1.125,0.975,1.025]},{"id":"test","shape":"rustedHinge","outlier_type":2,"choice":1,"outlierPosition":4,"success":false,"majorityOfMostRegularShapes":true,"rt":4976,"rot1":-5,"rot2":-25,"rot3":5,"rot4":-15,"rot5":15,"rot6":25,"dil1":0.925,"dil2":0.875,"dil3":1.025,"dil4":1.075,"dil5":1.125,"dil6":0.975,"rots":[-5,-25,5,-15,15,25],"dils":[0.925,0.875,1.025,1.075,1.125,0.975]},{"id":"test","shape":"rectangle","outlier_type":0,"choice":0,"outlierPosition":0,"success":true,"majorityOfMostRegularShapes":false,"rt":2685,"rot1":-25,"rot2":15,"rot3":25,"rot4":-15,"rot5":-5,"rot6":5,"dil1":0.875,"dil2":1.025,"dil3":1.125,"dil4":0.925,"dil5":1.075,"dil6":0.975,"rots":[-25,15,25,-15,-5,5],"dils":[0.875,1.025,1.125,0.925,1.075,0.975]},{"id":"test","shape":"hinge","outlier_type":2,"choice":2,"outlierPosition":2,"success":true,"majorityOfMostRegularShapes":true,"rt":1323,"rot1":-15,"rot2":-5,"rot3":-25,"rot4":25,"rot5":15,"rot6":5,"dil1":0.975,"dil2":0.875,"dil3":1.025,"dil4":1.075,"dil5":0.925,"dil6":1.125,"rots":[-15,-5,-25,25,15,5],"dils":[0.975,0.875,1.025,1.075,0.925,1.125]},{"id":"test","shape":"parallelogram","outlier_type":0,"choice":5,"outlierPosition":0,"success":false,"majorityOfMostRegularShapes":true,"rt":1048,"rot1":25,"rot2":15,"rot3":5,"rot4":-5,"rot5":-15,"rot6":-25,"dil1":0.975,"dil2":1.125,"dil3":1.075,"dil4":0.925,"dil5":1.025,"dil6":0.875,"rots":[25,15,5,-5,-15,-25],"dils":[0.975,1.125,1.075,0.925,1.025,0.875]},{"id":"test","shape":"trapezoid","outlier_type":2,"choice":1,"outlierPosition":1,"success":true,"majorityOfMostRegularShapes":true,"rt":2829,"rot1":-5,"rot2":25,"rot3":15,"rot4":5,"rot5":-25,"rot6":-15,"dil1":1.125,"dil2":1.025,"dil3":0.925,"dil4":0.975,"dil5":1.075,"dil6":0.875,"rots":[-5,25,15,5,-25,-15],"dils":[1.125,1.025,0.925,0.975,1.075,0.875]},{"id":"test","shape":"isoTrapezoid","outlier_type":3,"choice":5,"outlierPosition":5,"success":true,"majorityOfMostRegularShapes":true,"rt":2222,"rot1":-15,"rot2":-5,"rot3":5,"rot4":-25,"rot5":15,"rot6":25,"dil1":1.025,"dil2":0.975,"dil3":1.125,"dil4":0.925,"dil5":1.075,"dil6":0.875,"rots":[-15,-5,5,-25,15,25],"dils":[1.025,0.975,1.125,0.925,1.075,0.875]},{"id":"test","shape":"rustedHinge","outlier_type":0,"choice":3,"outlierPosition":3,"success":true,"majorityOfMostRegularShapes":false,"rt":1902,"rot1":15,"rot2":-15,"rot3":-5,"rot4":5,"rot5":-25,"rot6":25,"dil1":0.975,"dil2":1.075,"dil3":0.875,"dil4":1.025,"dil5":0.925,"dil6":1.125,"rots":[15,-15,-5,5,-25,25],"dils":[0.975,1.075,0.875,1.025,0.925,1.125]},{"id":"test","shape":"random","outlier_type":2,"choice":4,"outlierPosition":2,"success":false,"majorityOfMostRegularShapes":false,"rt":2337,"rot1":-25,"rot2":15,"rot3":5,"rot4":25,"rot5":-15,"rot6":-5,"dil1":1.125,"dil2":0.875,"dil3":0.975,"dil4":0.925,"dil5":1.075,"dil6":1.025,"rots":[-25,15,5,25,-15,-5],"dils":[1.125,0.875,0.975,0.925,1.075,1.025]},{"id":"test","shape":"hinge","outlier_type":3,"choice":0,"outlierPosition":3,"success":false,"majorityOfMostRegularShapes":true,"rt":1605,"rot1":15,"rot2":-5,"rot3":-25,"rot4":-15,"rot5":25,"rot6":5,"dil1":0.925,"dil2":1.025,"dil3":0.875,"dil4":1.125,"dil5":0.975,"dil6":1.075,"rots":[15,-5,-25,-15,25,5],"dils":[0.925,1.025,0.875,1.125,0.975,1.075]},{"id":"test","shape":"kite","outlier_type":2,"choice":3,"outlierPosition":2,"success":false,"majorityOfMostRegularShapes":false,"rt":1568,"rot1":15,"rot2":5,"rot3":-5,"rot4":-15,"rot5":25,"rot6":-25,"dil1":1.075,"dil2":1.025,"dil3":0.875,"dil4":0.975,"dil5":1.125,"dil6":0.925,"rots":[15,5,-5,-15,25,-25],"dils":[1.075,1.025,0.875,0.975,1.125,0.925]},{"id":"test","shape":"random","outlier_type":3,"choice":3,"outlierPosition":3,"success":true,"majorityOfMostRegularShapes":false,"rt":3703,"rot1":15,"rot2":25,"rot3":-5,"rot4":-15,"rot5":5,"rot6":-25,"dil1":0.925,"dil2":0.975,"dil3":0.875,"dil4":1.075,"dil5":1.125,"dil6":1.025,"rots":[15,25,-5,-15,5,-25],"dils":[0.925,0.975,0.875,1.075,1.125,1.025]},{"id":"test","shape":"kite","outlier_type":0,"choice":3,"outlierPosition":3,"success":true,"majorityOfMostRegularShapes":false,"rt":2682,"rot1":15,"rot2":-25,"rot3":-15,"rot4":-5,"rot5":5,"rot6":25,"dil1":1.025,"dil2":1.125,"dil3":0.925,"dil4":1.075,"dil5":0.975,"dil6":0.875,"rots":[15,-25,-15,-5,5,25],"dils":[1.025,1.125,0.925,1.075,0.975,0.875]},{"id":"test","shape":"hinge","outlier_type":1,"choice":4,"outlierPosition":0,"success":false,"majorityOfMostRegularShapes":false,"rt":1682,"rot1":-15,"rot2":5,"rot3":25,"rot4":-5,"rot5":15,"rot6":-25,"dil1":1.075,"dil2":1.125,"dil3":0.925,"dil4":1.025,"dil5":0.875,"dil6":0.975,"rots":[-15,5,25,-5,15,-25],"dils":[1.075,1.125,0.925,1.025,0.875,0.975]},{"id":"test","shape":"rectangle","outlier_type":0,"choice":3,"outlierPosition":3,"success":true,"majorityOfMostRegularShapes":true,"rt":1506,"rot1":-5,"rot2":-15,"rot3":5,"rot4":-25,"rot5":15,"rot6":25,"dil1":1.025,"dil2":0.925,"dil3":1.075,"dil4":0.975,"dil5":1.125,"dil6":0.875,"rots":[-5,-15,5,-25,15,25],"dils":[1.025,0.925,1.075,0.975,1.125,0.875]},{"id":"test","shape":"rightKite","outlier_type":2,"choice":1,"outlierPosition":0,"success":false,"majorityOfMostRegularShapes":true,"rt":2918,"rot1":-15,"rot2":15,"rot3":5,"rot4":-5,"rot5":-25,"rot6":25,"dil1":0.875,"dil2":0.975,"dil3":1.025,"dil4":1.075,"dil5":1.125,"dil6":0.925,"rots":[-15,15,5,-5,-25,25],"dils":[0.875,0.975,1.025,1.075,1.125,0.925]},{"id":"test","shape":"rustedHinge","outlier_type":3,"choice":5,"outlierPosition":4,"success":false,"majorityOfMostRegularShapes":false,"rt":5260,"rot1":25,"rot2":5,"rot3":-5,"rot4":-15,"rot5":15,"rot6":-25,"dil1":1.125,"dil2":1.075,"dil3":0.975,"dil4":0.875,"dil5":1.025,"dil6":0.925,"rots":[25,5,-5,-15,15,-25],"dils":[1.125,1.075,0.975,0.875,1.025,0.925]},{"id":"test","shape":"rectangle","outlier_type":2,"choice":4,"outlierPosition":4,"success":true,"majorityOfMostRegularShapes":false,"rt":2577,"rot1":-5,"rot2":-15,"rot3":5,"rot4":25,"rot5":-25,"rot6":15,"dil1":0.975,"dil2":1.075,"dil3":0.925,"dil4":1.025,"dil5":0.875,"dil6":1.125,"rots":[-5,-15,5,25,-25,15],"dils":[0.975,1.075,0.925,1.025,0.875,1.125]},{"id":"test","shape":"parallelogram","outlier_type":1,"choice":3,"outlierPosition":2,"success":false,"majorityOfMostRegularShapes":false,"rt":1569,"rot1":5,"rot2":25,"rot3":-5,"rot4":-15,"rot5":-25,"rot6":15,"dil1":0.875,"dil2":0.925,"dil3":1.025,"dil4":1.075,"dil5":1.125,"dil6":0.975,"rots":[5,25,-5,-15,-25,15],"dils":[0.875,0.925,1.025,1.075,1.125,0.975]},{"id":"test","shape":"trapezoid","outlier_type":3,"choice":4,"outlierPosition":4,"success":true,"majorityOfMostRegularShapes":false,"rt":1910,"rot1":-15,"rot2":25,"rot3":-5,"rot4":15,"rot5":5,"rot6":-25,"dil1":0.875,"dil2":1.075,"dil3":1.025,"dil4":1.125,"dil5":0.925,"dil6":0.975,"rots":[-15,25,-5,15,5,-25],"dils":[0.875,1.075,1.025,1.125,0.925,0.975]},{"id":"test","shape":"isoTrapezoid","outlier_type":0,"choice":3,"outlierPosition":3,"success":true,"majorityOfMostRegularShapes":false,"rt":1378,"rot1":15,"rot2":25,"rot3":-25,"rot4":-15,"rot5":-5,"rot6":5,"dil1":0.925,"dil2":0.975,"dil3":0.875,"dil4":1.025,"dil5":1.125,"dil6":1.075,"rots":[15,25,-25,-15,-5,5],"dils":[0.925,0.975,0.875,1.025,1.125,1.075]},{"id":"test","shape":"parallelogram","outlier_type":2,"choice":4,"outlierPosition":3,"success":false,"majorityOfMostRegularShapes":false,"rt":1226,"rot1":-5,"rot2":25,"rot3":-25,"rot4":15,"rot5":5,"rot6":-15,"dil1":1.075,"dil2":0.925,"dil3":0.975,"dil4":1.125,"dil5":0.875,"dil6":1.025,"rots":[-5,25,-25,15,5,-15],"dils":[1.075,0.925,0.975,1.125,0.875,1.025]},{"id":"test","shape":"losange","outlier_type":3,"choice":3,"outlierPosition":2,"success":false,"majorityOfMostRegularShapes":false,"rt":1204,"rot1":-5,"rot2":15,"rot3":-15,"rot4":25,"rot5":-25,"rot6":5,"dil1":0.875,"dil2":1.075,"dil3":0.975,"dil4":0.925,"dil5":1.025,"dil6":1.125,"rots":[-5,15,-15,25,-25,5],"dils":[0.875,1.075,0.975,0.925,1.025,1.125]},{"id":"test","shape":"isoTrapezoid","outlier_type":1,"choice":4,"outlierPosition":4,"success":true,"majorityOfMostRegularShapes":false,"rt":5437,"rot1":-25,"rot2":5,"rot3":-5,"rot4":15,"rot5":25,"rot6":-15,"dil1":0.975,"dil2":0.925,"dil3":1.075,"dil4":1.125,"dil5":1.025,"dil6":0.875,"rots":[-25,5,-5,15,25,-15],"dils":[0.975,0.925,1.075,1.125,1.025,0.875]},{"id":"test","shape":"square","outlier_type":0,"choice":5,"outlierPosition":1,"success":false,"majorityOfMostRegularShapes":false,"rt":1111,"rot1":-15,"rot2":25,"rot3":15,"rot4":5,"rot5":-5,"rot6":-25,"dil1":1.125,"dil2":0.975,"dil3":0.875,"dil4":1.025,"dil5":0.925,"dil6":1.075,"rots":[-15,25,15,5,-5,-25],"dils":[1.125,0.975,0.875,1.025,0.925,1.075]},{"id":"test","shape":"trapezoid","outlier_type":1,"choice":4,"outlierPosition":2,"success":false,"majorityOfMostRegularShapes":true,"rt":2591,"rot1":-5,"rot2":-25,"rot3":25,"rot4":15,"rot5":5,"rot6":-15,"dil1":1.125,"dil2":0.975,"dil3":1.025,"dil4":1.075,"dil5":0.875,"dil6":0.925,"rots":[-5,-25,25,15,5,-15],"dils":[1.125,0.975,1.025,1.075,0.875,0.925]},{"id":"test","shape":"rightKite","outlier_type":0,"choice":2,"outlierPosition":2,"success":true,"majorityOfMostRegularShapes":true,"rt":2909,"rot1":15,"rot2":25,"rot3":-25,"rot4":-5,"rot5":-15,"rot6":5,"dil1":1.125,"dil2":0.925,"dil3":0.975,"dil4":0.875,"dil5":1.025,"dil6":1.075,"rots":[15,25,-25,-5,-15,5],"dils":[1.125,0.925,0.975,0.875,1.025,1.075]},{"id":"test","shape":"parallelogram","outlier_type":1,"choice":4,"outlierPosition":1,"success":false,"majorityOfMostRegularShapes":true,"rt":1173,"rot1":5,"rot2":-5,"rot3":-25,"rot4":25,"rot5":-15,"rot6":15,"dil1":0.925,"dil2":1.125,"dil3":1.075,"dil4":0.975,"dil5":1.025,"dil6":0.875,"rots":[5,-5,-25,25,-15,15],"dils":[0.925,1.125,1.075,0.975,1.025,0.875]},{"id":"test","shape":"kite","outlier_type":2,"choice":3,"outlierPosition":3,"success":true,"majorityOfMostRegularShapes":true,"rt":2123,"rot1":15,"rot2":5,"rot3":25,"rot4":-5,"rot5":-25,"rot6":-15,"dil1":1.025,"dil2":1.125,"dil3":0.925,"dil4":1.075,"dil5":0.975,"dil6":0.875,"rots":[15,5,25,-5,-25,-15],"dils":[1.025,1.125,0.925,1.075,0.975,0.875]},{"id":"test","shape":"isoTrapezoid","outlier_type":3,"choice":4,"outlierPosition":0,"success":false,"majorityOfMostRegularShapes":false,"rt":3734,"rot1":-15,"rot2":5,"rot3":15,"rot4":-25,"rot5":25,"rot6":-5,"dil1":0.875,"dil2":0.925,"dil3":0.975,"dil4":1.125,"dil5":1.025,"dil6":1.075,"rots":[-15,5,15,-25,25,-5],"dils":[0.875,0.925,0.975,1.125,1.025,1.075]},{"id":"test","shape":"hinge","outlier_type":0,"choice":4,"outlierPosition":4,"success":true,"majorityOfMostRegularShapes":false,"rt":2959,"rot1":-5,"rot2":25,"rot3":5,"rot4":-15,"rot5":-25,"rot6":15,"dil1":0.875,"dil2":0.975,"dil3":1.025,"dil4":1.075,"dil5":1.125,"dil6":0.925,"rots":[-5,25,5,-15,-25,15],"dils":[0.875,0.975,1.025,1.075,1.125,0.925]},{"id":"test","shape":"random","outlier_type":3,"choice":5,"outlierPosition":1,"success":false,"majorityOfMostRegularShapes":true,"rt":1064,"rot1":-5,"rot2":25,"rot3":15,"rot4":-25,"rot5":5,"rot6":-15,"dil1":0.925,"dil2":0.975,"dil3":1.025,"dil4":1.075,"dil5":1.125,"dil6":0.875,"rots":[-5,25,15,-25,5,-15],"dils":[0.925,0.975,1.025,1.075,1.125,0.875]},{"id":"test","shape":"rectangle","outlier_type":1,"choice":1,"outlierPosition":2,"success":false,"majorityOfMostRegularShapes":false,"rt":1155,"rot1":-5,"rot2":-15,"rot3":25,"rot4":-25,"rot5":15,"rot6":5,"dil1":1.025,"dil2":0.875,"dil3":0.975,"dil4":1.075,"dil5":1.125,"dil6":0.925,"rots":[-5,-15,25,-25,15,5],"dils":[1.025,0.875,0.975,1.075,1.125,0.925]},{"id":"test","shape":"trapezoid","outlier_type":3,"choice":5,"outlierPosition":3,"success":false,"majorityOfMostRegularShapes":true,"rt":4197,"rot1":-25,"rot2":25,"rot3":15,"rot4":-5,"rot5":5,"rot6":-15,"dil1":0.925,"dil2":1.025,"dil3":1.125,"dil4":1.075,"dil5":0.875,"dil6":0.975,"rots":[-25,25,15,-5,5,-15],"dils":[0.925,1.025,1.125,1.075,0.875,0.975]},{"id":"test","shape":"rectangle","outlier_type":1,"choice":3,"outlierPosition":3,"success":true,"majorityOfMostRegularShapes":true,"rt":3186,"rot1":15,"rot2":25,"rot3":-5,"rot4":5,"rot5":-15,"rot6":-25,"dil1":1.025,"dil2":1.075,"dil3":0.975,"dil4":0.875,"dil5":0.925,"dil6":1.125,"rots":[15,25,-5,5,-15,-25],"dils":[1.025,1.075,0.975,0.875,0.925,1.125]}],"desiredDistance":0.3,"trial_type":"oddball-grid","trial_index":5,"time_elapsed":933073,"internal_node_id":"0.0-5.0","score":0.5795454545454546,"early_termination":false}]