[{"rt":6665,"url":"external-consent.html","trial_type":"external-html","trial_index":0,"time_elapsed":6669,"internal_node_id":"0.0-0.0","score":0.7954545454545454,"early_termination":false},{"rt":4445.10000000149,"responses":"{\"Q0\":\"NA\",\"Q1\":\"NA\",\"Q2\":\"NA\"}","trial_type":"survey-text","trial_index":1,"time_elapsed":11116,"internal_node_id":"0.0-1.0","score":0.7954545454545454,"early_termination":false},{"success":true,"trial_type":"fullscreen","trial_index":2,"time_elapsed":13689,"internal_node_id":"0.0-2.0","score":0.7954545454545454,"early_termination":false},{"results":[{"id":"train-images","loop_number":1,"shape":"test2","outlier_type":"NA","choice":2,"outlierPosition":2,"success":true,"majorityOfMostRegularShapes":false,"rt":1091.1000000014901,"rot1":-5,"rot2":-15,"rot3":5,"rot4":15,"rot5":25,"rot6":-25,"dil1":1.025,"dil2":0.875,"dil3":1.125,"dil4":0.925,"dil5":1.075,"dil6":0.975,"rots":[-5,-15,5,15,25,-25],"dils":[1.025,0.875,1.125,0.925,1.075,0.975],"possible_pos":[0,1,2,3,4,5]},{"id":"train-images","loop_number":1,"shape":"test8","outlier_type":"NA","choice":2,"outlierPosition":2,"success":true,"majorityOfMostRegularShapes":false,"rt":618.5,"rot1":25,"rot2":-5,"rot3":-15,"rot4":5,"rot5":-25,"rot6":15,"dil1":0.875,"dil2":0.975,"dil3":0.925,"dil4":1.075,"dil5":1.125,"dil6":1.025,"rots":[25,-5,-15,5,-25,15],"dils":[0.875,0.975,0.925,1.075,1.125,1.025],"possible_pos":[0,1,2,3,4,5]},{"id":"train-images","loop_number":1,"shape":"test7","outlier_type":"NA","choice":5,"outlierPosition":5,"success":true,"majorityOfMostRegularShapes":true,"rt":964.5999999940395,"rot1":25,"rot2":-15,"rot3":5,"rot4":15,"rot5":-25,"rot6":-5,"dil1":1.125,"dil2":0.875,"dil3":0.925,"dil4":1.075,"dil5":1.025,"dil6":0.975,"rots":[25,-15,5,15,-25,-5],"dils":[1.125,0.875,0.925,1.075,1.025,0.975],"possible_pos":[0,1,2,3,4,5]},{"id":"train-images","loop_number":1,"shape":"test5","outlier_type":"NA","choice":1,"outlierPosition":1,"success":true,"majorityOfMostRegularShapes":false,"rt":987.6000000014901,"rot1":-25,"rot2":-15,"rot3":25,"rot4":-5,"rot5":15,"rot6":5,"dil1":1.025,"dil2":1.075,"dil3":0.975,"dil4":1.125,"dil5":0.925,"dil6":0.875,"rots":[-25,-15,25,-5,15,5],"dils":[1.025,1.075,0.975,1.125,0.925,0.875],"possible_pos":[0,1,2,3,4,5]},{"id":"train-images","loop_number":1,"shape":"test6","outlier_type":"NA","choice":4,"outlierPosition":4,"success":true,"majorityOfMostRegularShapes":false,"rt":1756.1000000014901,"rot1":-15,"rot2":-25,"rot3":-5,"rot4":5,"rot5":15,"rot6":25,"dil1":0.925,"dil2":1.075,"dil3":1.025,"dil4":0.975,"dil5":0.875,"dil6":1.125,"rots":[-15,-25,-5,5,15,25],"dils":[0.925,1.075,1.025,0.975,0.875,1.125],"possible_pos":[0,1,2,3,4,5]},{"id":"train-images","loop_number":1,"shape":"test3","outlier_type":"NA","choice":1,"outlierPosition":1,"success":true,"majorityOfMostRegularShapes":true,"rt":1004.4000000059605,"rot1":-25,"rot2":5,"rot3":-5,"rot4":15,"rot5":-15,"rot6":25,"dil1":1.075,"dil2":0.975,"dil3":0.875,"dil4":1.125,"dil5":0.925,"dil6":1.025,"rots":[-25,5,-5,15,-15,25],"dils":[1.075,0.975,0.875,1.125,0.925,1.025],"possible_pos":[0,1,2,3,4,5]},{"id":"train-images","loop_number":1,"shape":"test10","outlier_type":"NA","choice":1,"outlierPosition":1,"success":true,"majorityOfMostRegularShapes":false,"rt":584.3999999985099,"rot1":5,"rot2":-5,"rot3":-25,"rot4":15,"rot5":25,"rot6":-15,"dil1":1.025,"dil2":1.125,"dil3":1.075,"dil4":0.875,"dil5":0.975,"dil6":0.925,"rots":[5,-5,-25,15,25,-15],"dils":[1.025,1.125,1.075,0.875,0.975,0.925],"possible_pos":[0,1,2,3,4,5]},{"id":"train-images","loop_number":1,"shape":"test4","outlier_type":"NA","choice":5,"outlierPosition":5,"success":true,"majorityOfMostRegularShapes":true,"rt":1007.3999999985099,"rot1":-5,"rot2":-15,"rot3":25,"rot4":-25,"rot5":15,"rot6":5,"dil1":0.975,"dil2":0.925,"dil3":1.025,"dil4":0.875,"dil5":1.125,"dil6":1.075,"rots":[-5,-15,25,-25,15,5],"dils":[0.975,0.925,1.025,0.875,1.125,1.075],"possible_pos":[0,1,2,3,4,5]},{"id":"train-images","loop_number":1,"shape":"test3","outlier_type":"NA","choice":2,"outlierPosition":2,"success":true,"majorityOfMostRegularShapes":false,"rt":692,"rot1":-25,"rot2":5,"rot3":25,"rot4":-15,"rot5":-5,"rot6":15,"dil1":0.875,"dil2":0.975,"dil3":1.075,"dil4":1.125,"dil5":0.925,"dil6":1.025,"rots":[-25,5,25,-15,-5,15],"dils":[0.875,0.975,1.075,1.125,0.925,1.025],"possible_pos":[0,1,2,3,4,5]},{"id":"train-images","loop_number":1,"shape":"test4","outlier_type":"NA","choice":2,"outlierPosition":2,"success":true,"majorityOfMostRegularShapes":false,"rt":697.7999999970198,"rot1":5,"rot2":-5,"rot3":-25,"rot4":25,"rot5":15,"rot6":-15,"dil1":1.125,"dil2":0.975,"dil3":0.875,"dil4":1.075,"dil5":1.025,"dil6":0.925,"rots":[5,-5,-25,25,15,-15],"dils":[1.125,0.975,0.875,1.075,1.025,0.925],"possible_pos":[0,1,2,3,4,5]},{"id":"train-images","loop_number":1,"shape":"test9","outlier_type":"NA","choice":5,"outlierPosition":5,"success":true,"majorityOfMostRegularShapes":true,"rt":654.5999999940395,"rot1":-15,"rot2":-5,"rot3":15,"rot4":-25,"rot5":25,"rot6":5,"dil1":0.975,"dil2":0.925,"dil3":1.075,"dil4":1.025,"dil5":1.125,"dil6":0.875,"rots":[-15,-5,15,-25,25,5],"dils":[0.975,0.925,1.075,1.025,1.125,0.875],"possible_pos":[0,1,2,3,4,5]},{"id":"train-images","loop_number":1,"shape":"test7","outlier_type":"NA","choice":5,"outlierPosition":5,"success":true,"majorityOfMostRegularShapes":false,"rt":628.8999999985099,"rot1":25,"rot2":5,"rot3":-25,"rot4":-15,"rot5":-5,"rot6":15,"dil1":1.125,"dil2":1.075,"dil3":0.975,"dil4":0.875,"dil5":1.025,"dil6":0.925,"rots":[25,5,-25,-15,-5,15],"dils":[1.125,1.075,0.975,0.875,1.025,0.925],"possible_pos":[0,1,2,3,4,5]},{"id":"train-images","loop_number":1,"shape":"test9","outlier_type":"NA","choice":5,"outlierPosition":5,"success":true,"majorityOfMostRegularShapes":false,"rt":623.3999999985099,"rot1":25,"rot2":5,"rot3":-5,"rot4":-15,"rot5":15,"rot6":-25,"dil1":0.925,"dil2":1.125,"dil3":0.875,"dil4":1.025,"dil5":1.075,"dil6":0.975,"rots":[25,5,-5,-15,15,-25],"dils":[0.925,1.125,0.875,1.025,1.075,0.975],"possible_pos":[0,1,2,3,4,5]},{"id":"train-images","loop_number":1,"shape":"test5","outlier_type":"NA","choice":5,"outlierPosition":5,"success":true,"majorityOfMostRegularShapes":true,"rt":796.5,"rot1":-15,"rot2":5,"rot3":-5,"rot4":25,"rot5":15,"rot6":-25,"dil1":0.925,"dil2":1.075,"dil3":1.025,"dil4":0.975,"dil5":1.125,"dil6":0.875,"rots":[-15,5,-5,25,15,-25],"dils":[0.925,1.075,1.025,0.975,1.125,0.875],"possible_pos":[0,1,2,3,4,5]},{"id":"train-images","loop_number":1,"shape":"test1","outlier_type":"NA","choice":4,"outlierPosition":4,"success":true,"majorityOfMostRegularShapes":false,"rt":655.1000000014901,"rot1":-5,"rot2":-15,"rot3":25,"rot4":15,"rot5":5,"rot6":-25,"dil1":0.875,"dil2":1.125,"dil3":0.975,"dil4":0.925,"dil5":1.025,"dil6":1.075,"rots":[-5,-15,25,15,5,-25],"dils":[0.875,1.125,0.975,0.925,1.025,1.075],"possible_pos":[0,1,2,3,4,5]},{"id":"train-images","loop_number":1,"shape":"test2","outlier_type":"NA","choice":0,"outlierPosition":0,"success":true,"majorityOfMostRegularShapes":true,"rt":688.7999999970198,"rot1":5,"rot2":-25,"rot3":-15,"rot4":15,"rot5":-5,"rot6":25,"dil1":1.025,"dil2":0.975,"dil3":1.125,"dil4":0.925,"dil5":0.875,"dil6":1.075,"rots":[5,-25,-15,15,-5,25],"dils":[1.025,0.975,1.125,0.925,0.875,1.075],"possible_pos":[0,1,2,3,4,5]},{"id":"train-images","loop_number":1,"shape":"test1","outlier_type":"NA","choice":5,"outlierPosition":5,"success":true,"majorityOfMostRegularShapes":true,"rt":561.7999999970198,"rot1":25,"rot2":5,"rot3":-5,"rot4":-25,"rot5":-15,"rot6":15,"dil1":0.975,"dil2":1.025,"dil3":0.925,"dil4":1.125,"dil5":1.075,"dil6":0.875,"rots":[25,5,-5,-25,-15,15],"dils":[0.975,1.025,0.925,1.125,1.075,0.875],"possible_pos":[0,1,2,3,4,5]},{"id":"train-images","loop_number":1,"shape":"test8","outlier_type":"NA","choice":4,"outlierPosition":4,"success":true,"majorityOfMostRegularShapes":true,"rt":726.7000000029802,"rot1":-15,"rot2":-5,"rot3":15,"rot4":-25,"rot5":25,"rot6":5,"dil1":0.875,"dil2":1.125,"dil3":0.975,"dil4":1.075,"dil5":0.925,"dil6":1.025,"rots":[-15,-5,15,-25,25,5],"dils":[0.875,1.125,0.975,1.075,0.925,1.025],"possible_pos":[0,1,2,3,4,5]},{"id":"train-images","loop_number":1,"shape":"test10","outlier_type":"NA","choice":5,"outlierPosition":5,"success":true,"majorityOfMostRegularShapes":true,"rt":857.3000000044703,"rot1":5,"rot2":-15,"rot3":-25,"rot4":15,"rot5":-5,"rot6":25,"dil1":0.875,"dil2":0.975,"dil3":0.925,"dil4":1.075,"dil5":1.125,"dil6":1.025,"rots":[5,-15,-25,15,-5,25],"dils":[0.875,0.975,0.925,1.075,1.125,1.025],"possible_pos":[0,1,2,3,4,5]},{"id":"train-images","loop_number":1,"shape":"test6","outlier_type":"NA","choice":5,"outlierPosition":5,"success":true,"majorityOfMostRegularShapes":true,"rt":601.7000000029802,"rot1":5,"rot2":-5,"rot3":15,"rot4":25,"rot5":-25,"rot6":-15,"dil1":0.975,"dil2":0.925,"dil3":1.125,"dil4":1.075,"dil5":0.875,"dil6":1.025,"rots":[5,-5,15,25,-25,-15],"dils":[0.975,0.925,1.125,1.075,0.875,1.025],"possible_pos":[0,1,2,3,4,5]}],"trial_type":"oddball-grid-image","trial_index":3,"time_elapsed":283298,"internal_node_id":"0.0-3.0","score":0.7954545454545454,"early_termination":false},{"results":[{"id":"gen2","loop_number":1,"shape":2,"outlier_type":"NA","choice":2,"outlierPosition":2,"success":true,"majorityOfMostRegularShapes":true,"rt":783,"rot1":15,"rot2":25,"rot3":5,"rot4":-25,"rot5":-5,"rot6":-15,"dil1":0.875,"dil2":0.925,"dil3":1.025,"dil4":0.975,"dil5":1.075,"dil6":1.125,"rots":[15,25,5,-25,-5,-15],"dils":[0.875,0.925,1.025,0.975,1.075,1.125]},{"id":"gen2","loop_number":1,"shape":1,"outlier_type":"NA","choice":2,"outlierPosition":2,"success":true,"majorityOfMostRegularShapes":false,"rt":563.1000000014901,"rot1":25,"rot2":5,"rot3":-5,"rot4":15,"rot5":-15,"rot6":-25,"dil1":1.125,"dil2":0.975,"dil3":0.875,"dil4":1.075,"dil5":1.025,"dil6":0.925,"rots":[25,5,-5,15,-15,-25],"dils":[1.125,0.975,0.875,1.075,1.025,0.925]},{"id":"gen2","loop_number":1,"shape":0,"outlier_type":"NA","choice":1,"outlierPosition":1,"success":true,"majorityOfMostRegularShapes":false,"rt":667.3000000044703,"rot1":-5,"rot2":25,"rot3":-25,"rot4":5,"rot5":-15,"rot6":15,"dil1":0.875,"dil2":1.125,"dil3":0.975,"dil4":1.025,"dil5":1.075,"dil6":0.925,"rots":[-5,25,-25,5,-15,15],"dils":[0.875,1.125,0.975,1.025,1.075,0.925]},{"id":"gen2","loop_number":1,"shape":2,"outlier_type":"NA","choice":2,"outlierPosition":2,"success":true,"majorityOfMostRegularShapes":false,"rt":637.3999999985099,"rot1":5,"rot2":-15,"rot3":15,"rot4":25,"rot5":-5,"rot6":-25,"dil1":1.125,"dil2":0.975,"dil3":0.925,"dil4":1.025,"dil5":0.875,"dil6":1.075,"rots":[5,-15,15,25,-5,-25],"dils":[1.125,0.975,0.925,1.025,0.875,1.075]},{"id":"gen2","loop_number":1,"shape":1,"outlier_type":"NA","choice":0,"outlierPosition":0,"success":true,"majorityOfMostRegularShapes":true,"rt":593.0999999940395,"rot1":-25,"rot2":-5,"rot3":25,"rot4":-15,"rot5":15,"rot6":5,"dil1":0.975,"dil2":0.875,"dil3":1.025,"dil4":1.075,"dil5":1.125,"dil6":0.925,"rots":[-25,-5,25,-15,15,5],"dils":[0.975,0.875,1.025,1.075,1.125,0.925]},{"id":"gen2","loop_number":1,"shape":0,"outlier_type":"NA","choice":2,"outlierPosition":2,"success":true,"majorityOfMostRegularShapes":true,"rt":787.7000000029802,"rot1":-25,"rot2":25,"rot3":-15,"rot4":15,"rot5":-5,"rot6":5,"dil1":0.875,"dil2":0.925,"dil3":1.075,"dil4":0.975,"dil5":1.025,"dil6":1.125,"rots":[-25,25,-15,15,-5,5],"dils":[0.875,0.925,1.075,0.975,1.025,1.125]},{"id":"gen2","loop_number":1,"shape":1,"outlier_type":"NA","choice":5,"outlierPosition":5,"success":true,"majorityOfMostRegularShapes":true,"rt":623,"rot1":-5,"rot2":-25,"rot3":25,"rot4":5,"rot5":-15,"rot6":15,"dil1":1.125,"dil2":1.075,"dil3":0.925,"dil4":0.875,"dil5":1.025,"dil6":0.975,"rots":[-5,-25,25,5,-15,15],"dils":[1.125,1.075,0.925,0.875,1.025,0.975]},{"id":"gen2","loop_number":1,"shape":2,"outlier_type":"NA","choice":4,"outlierPosition":4,"success":true,"majorityOfMostRegularShapes":true,"rt":936.1000000014901,"rot1":15,"rot2":-25,"rot3":25,"rot4":5,"rot5":-15,"rot6":-5,"dil1":0.925,"dil2":1.075,"dil3":0.875,"dil4":0.975,"dil5":1.025,"dil6":1.125,"rots":[15,-25,25,5,-15,-5],"dils":[0.925,1.075,0.875,0.975,1.025,1.125]},{"id":"gen2","loop_number":1,"shape":0,"outlier_type":"NA","choice":4,"outlierPosition":4,"success":true,"majorityOfMostRegularShapes":false,"rt":779,"rot1":25,"rot2":-15,"rot3":-5,"rot4":-25,"rot5":15,"rot6":5,"dil1":0.975,"dil2":1.025,"dil3":0.875,"dil4":1.125,"dil5":1.075,"dil6":0.925,"rots":[25,-15,-5,-25,15,5],"dils":[0.975,1.025,0.875,1.125,1.075,0.925]},{"id":"gen2","loop_number":1,"shape":1,"outlier_type":"NA","choice":2,"outlierPosition":2,"success":true,"majorityOfMostRegularShapes":true,"rt":552.8000000044703,"rot1":-5,"rot2":5,"rot3":-25,"rot4":-15,"rot5":25,"rot6":15,"dil1":1.125,"dil2":0.875,"dil3":0.975,"dil4":1.025,"dil5":0.925,"dil6":1.075,"rots":[-5,5,-25,-15,25,15],"dils":[1.125,0.875,0.975,1.025,0.925,1.075]},{"id":"gen2","loop_number":1,"shape":2,"outlier_type":"NA","choice":5,"outlierPosition":5,"success":true,"majorityOfMostRegularShapes":true,"rt":709.2000000029802,"rot1":-15,"rot2":-5,"rot3":25,"rot4":5,"rot5":-25,"rot6":15,"dil1":0.975,"dil2":1.125,"dil3":1.025,"dil4":0.925,"dil5":1.075,"dil6":0.875,"rots":[-15,-5,25,5,-25,15],"dils":[0.975,1.125,1.025,0.925,1.075,0.875]},{"id":"gen2","loop_number":1,"shape":0,"outlier_type":"NA","choice":2,"outlierPosition":2,"success":true,"majorityOfMostRegularShapes":true,"rt":777.7999999970198,"rot1":-15,"rot2":5,"rot3":-5,"rot4":15,"rot5":-25,"rot6":25,"dil1":1.125,"dil2":0.925,"dil3":0.875,"dil4":1.075,"dil5":0.975,"dil6":1.025,"rots":[-15,5,-5,15,-25,25],"dils":[1.125,0.925,0.875,1.075,0.975,1.025]},{"id":"gen2","loop_number":1,"shape":2,"outlier_type":"NA","choice":0,"outlierPosition":0,"success":true,"majorityOfMostRegularShapes":false,"rt":723.3999999985099,"rot1":5,"rot2":-15,"rot3":-5,"rot4":15,"rot5":25,"rot6":-25,"dil1":1.125,"dil2":0.975,"dil3":0.875,"dil4":1.025,"dil5":0.925,"dil6":1.075,"rots":[5,-15,-5,15,25,-25],"dils":[1.125,0.975,0.875,1.025,0.925,1.075]},{"id":"gen2","loop_number":1,"shape":1,"outlier_type":"NA","choice":1,"outlierPosition":1,"success":true,"majorityOfMostRegularShapes":false,"rt":1010,"rot1":5,"rot2":-15,"rot3":-5,"rot4":-25,"rot5":25,"rot6":15,"dil1":1.025,"dil2":1.075,"dil3":0.925,"dil4":0.875,"dil5":1.125,"dil6":0.975,"rots":[5,-15,-5,-25,25,15],"dils":[1.025,1.075,0.925,0.875,1.125,0.975]},{"id":"gen2","loop_number":1,"shape":0,"outlier_type":"NA","choice":4,"outlierPosition":4,"success":true,"majorityOfMostRegularShapes":false,"rt":625.1000000014901,"rot1":-15,"rot2":15,"rot3":5,"rot4":-5,"rot5":-25,"rot6":25,"dil1":1.075,"dil2":1.025,"dil3":0.925,"dil4":0.975,"dil5":1.125,"dil6":0.875,"rots":[-15,15,5,-5,-25,25],"dils":[1.075,1.025,0.925,0.975,1.125,0.875]},{"id":"gen2","loop_number":1,"shape":1,"outlier_type":"NA","choice":5,"outlierPosition":5,"success":true,"majorityOfMostRegularShapes":false,"rt":778.2000000029802,"rot1":5,"rot2":15,"rot3":-5,"rot4":-15,"rot5":-25,"rot6":25,"dil1":0.925,"dil2":1.025,"dil3":0.975,"dil4":1.125,"dil5":0.875,"dil6":1.075,"rots":[5,15,-5,-15,-25,25],"dils":[0.925,1.025,0.975,1.125,0.875,1.075]},{"id":"gen2","loop_number":1,"shape":0,"outlier_type":"NA","choice":0,"outlierPosition":0,"success":true,"majorityOfMostRegularShapes":true,"rt":1079.7999999970198,"rot1":-15,"rot2":-5,"rot3":25,"rot4":5,"rot5":-25,"rot6":15,"dil1":0.875,"dil2":1.125,"dil3":1.025,"dil4":0.975,"dil5":1.075,"dil6":0.925,"rots":[-15,-5,25,5,-25,15],"dils":[0.875,1.125,1.025,0.975,1.075,0.925]},{"id":"gen2","loop_number":1,"shape":2,"outlier_type":"NA","choice":0,"outlierPosition":0,"success":true,"majorityOfMostRegularShapes":false,"rt":749.6000000014901,"rot1":25,"rot2":-15,"rot3":-25,"rot4":5,"rot5":-5,"rot6":15,"dil1":0.975,"dil2":0.875,"dil3":1.075,"dil4":0.925,"dil5":1.025,"dil6":1.125,"rots":[25,-15,-25,5,-5,15],"dils":[0.975,0.875,1.075,0.925,1.025,1.125]}],"trial_type":"oddball-grid-easy","trial_index":4,"time_elapsed":325821,"internal_node_id":"0.0-4.0","score":0.7954545454545454,"early_termination":false},{"results":[{"id":"test","shape":"square","outlier_type":1,"choice":5,"outlierPosition":5,"success":true,"majorityOfMostRegularShapes":true,"rt":831.3000000044703,"rot1":15,"rot2":-25,"rot3":25,"rot4":-15,"rot5":-5,"rot6":5,"dil1":1.075,"dil2":0.875,"dil3":0.975,"dil4":1.125,"dil5":0.925,"dil6":1.025,"rots":[15,-25,25,-15,-5,5],"dils":[1.075,0.875,0.975,1.125,0.925,1.025]},{"id":"test","shape":"rectangle","outlier_type":3,"choice":0,"outlierPosition":0,"success":true,"majorityOfMostRegularShapes":true,"rt":1330.5999999940395,"rot1":-5,"rot2":-25,"rot3":5,"rot4":15,"rot5":25,"rot6":-15,"dil1":0.875,"dil2":0.925,"dil3":1.025,"dil4":0.975,"dil5":1.075,"dil6":1.125,"rots":[-5,-25,5,15,25,-15],"dils":[0.875,0.925,1.025,0.975,1.075,1.125]},{"id":"test","shape":"hinge","outlier_type":0,"choice":1,"outlierPosition":2,"success":false,"majorityOfMostRegularShapes":true,"rt":2878,"rot1":-25,"rot2":25,"rot3":-5,"rot4":15,"rot5":-15,"rot6":5,"dil1":1.075,"dil2":0.925,"dil3":0.875,"dil4":1.125,"dil5":1.025,"dil6":0.975,"rots":[-25,25,-5,15,-15,5],"dils":[1.075,0.925,0.875,1.125,1.025,0.975]},{"id":"test","shape":"rightKite","outlier_type":2,"choice":5,"outlierPosition":5,"success":true,"majorityOfMostRegularShapes":false,"rt":2581.7000000029802,"rot1":25,"rot2":5,"rot3":-5,"rot4":-25,"rot5":15,"rot6":-15,"dil1":1.125,"dil2":1.025,"dil3":1.075,"dil4":0.875,"dil5":0.925,"dil6":0.975,"rots":[25,5,-5,-25,15,-15],"dils":[1.125,1.025,1.075,0.875,0.925,0.975]},{"id":"test","shape":"rectangle","outlier_type":1,"choice":5,"outlierPosition":5,"success":true,"majorityOfMostRegularShapes":true,"rt":786,"rot1":5,"rot2":-5,"rot3":-15,"rot4":25,"rot5":15,"rot6":-25,"dil1":0.925,"dil2":1.025,"dil3":1.125,"dil4":0.975,"dil5":1.075,"dil6":0.875,"rots":[5,-5,-15,25,15,-25],"dils":[0.925,1.025,1.125,0.975,1.075,0.875]},{"id":"test","shape":"random","outlier_type":0,"choice":5,"outlierPosition":1,"success":false,"majorityOfMostRegularShapes":false,"rt":3461.7999999970198,"rot1":15,"rot2":-5,"rot3":5,"rot4":-25,"rot5":25,"rot6":-15,"dil1":1.025,"dil2":1.075,"dil3":0.925,"dil4":0.875,"dil5":0.975,"dil6":1.125,"rots":[15,-5,5,-25,25,-15],"dils":[1.025,1.075,0.925,0.875,0.975,1.125]},{"id":"test","shape":"parallelogram","outlier_type":3,"choice":4,"outlierPosition":4,"success":true,"majorityOfMostRegularShapes":true,"rt":2072.2000000029802,"rot1":-25,"rot2":5,"rot3":-5,"rot4":-15,"rot5":15,"rot6":25,"dil1":1.125,"dil2":1.025,"dil3":0.875,"dil4":0.925,"dil5":0.975,"dil6":1.075,"rots":[-25,5,-5,-15,15,25],"dils":[1.125,1.025,0.875,0.925,0.975,1.075]},{"id":"test","shape":"square","outlier_type":0,"choice":1,"outlierPosition":1,"success":true,"majorityOfMostRegularShapes":true,"rt":1949.1000000014901,"rot1":-15,"rot2":-5,"rot3":15,"rot4":25,"rot5":-25,"rot6":5,"dil1":0.975,"dil2":0.925,"dil3":1.025,"dil4":1.075,"dil5":0.875,"dil6":1.125,"rots":[-15,-5,15,25,-25,5],"dils":[0.975,0.925,1.025,1.075,0.875,1.125]},{"id":"test","shape":"rightKite","outlier_type":2,"choice":1,"outlierPosition":1,"success":true,"majorityOfMostRegularShapes":true,"rt":4414.20000000298,"rot1":-15,"rot2":25,"rot3":15,"rot4":5,"rot5":-5,"rot6":-25,"dil1":0.975,"dil2":1.025,"dil3":1.075,"dil4":0.925,"dil5":0.875,"dil6":1.125,"rots":[-15,25,15,5,-5,-25],"dils":[0.975,1.025,1.075,0.925,0.875,1.125]},{"id":"test","shape":"isoTrapezoid","outlier_type":3,"choice":1,"outlierPosition":1,"success":true,"majorityOfMostRegularShapes":false,"rt":2005.7000000029802,"rot1":-25,"rot2":25,"rot3":-5,"rot4":-15,"rot5":15,"rot6":5,"dil1":1.075,"dil2":0.875,"dil3":1.025,"dil4":0.925,"dil5":0.975,"dil6":1.125,"rots":[-25,25,-5,-15,15,5],"dils":[1.075,0.875,1.025,0.925,0.975,1.125]},{"id":"test","shape":"rectangle","outlier_type":0,"choice":5,"outlierPosition":5,"success":true,"majorityOfMostRegularShapes":false,"rt":1895.5,"rot1":-25,"rot2":-5,"rot3":15,"rot4":5,"rot5":25,"rot6":-15,"dil1":1.075,"dil2":0.925,"dil3":0.875,"dil4":0.975,"dil5":1.025,"dil6":1.125,"rots":[-25,-5,15,5,25,-15],"dils":[1.075,0.925,0.875,0.975,1.025,1.125]},{"id":"test","shape":"losange","outlier_type":2,"choice":3,"outlierPosition":3,"success":true,"majorityOfMostRegularShapes":false,"rt":2798.5,"rot1":-15,"rot2":15,"rot3":25,"rot4":5,"rot5":-25,"rot6":-5,"dil1":0.925,"dil2":0.875,"dil3":0.975,"dil4":1.125,"dil5":1.025,"dil6":1.075,"rots":[-15,15,25,5,-25,-5],"dils":[0.925,0.875,0.975,1.125,1.025,1.075]},{"id":"test","shape":"rustedHinge","outlier_type":0,"choice":0,"outlierPosition":0,"success":true,"majorityOfMostRegularShapes":true,"rt":3843.7000000029802,"rot1":-25,"rot2":-15,"rot3":5,"rot4":25,"rot5":15,"rot6":-5,"dil1":0.875,"dil2":1.025,"dil3":0.975,"dil4":1.075,"dil5":0.925,"dil6":1.125,"rots":[-25,-15,5,25,15,-5],"dils":[0.875,1.025,0.975,1.075,0.925,1.125]},{"id":"test","shape":"kite","outlier_type":1,"choice":1,"outlierPosition":1,"success":true,"majorityOfMostRegularShapes":false,"rt":2226.5,"rot1":-5,"rot2":-15,"rot3":-25,"rot4":15,"rot5":25,"rot6":5,"dil1":1.025,"dil2":0.875,"dil3":0.975,"dil4":0.925,"dil5":1.075,"dil6":1.125,"rots":[-5,-15,-25,15,25,5],"dils":[1.025,0.875,0.975,0.925,1.075,1.125]},{"id":"test","shape":"random","outlier_type":0,"choice":4,"outlierPosition":4,"success":true,"majorityOfMostRegularShapes":true,"rt":4754.89999999851,"rot1":15,"rot2":25,"rot3":-5,"rot4":-25,"rot5":5,"rot6":-15,"dil1":0.875,"dil2":1.125,"dil3":0.975,"dil4":0.925,"dil5":1.025,"dil6":1.075,"rots":[15,25,-5,-25,5,-15],"dils":[0.875,1.125,0.975,0.925,1.025,1.075]},{"id":"test","shape":"losange","outlier_type":1,"choice":5,"outlierPosition":5,"success":true,"majorityOfMostRegularShapes":true,"rt":2798.60000000149,"rot1":25,"rot2":-25,"rot3":5,"rot4":15,"rot5":-5,"rot6":-15,"dil1":1.125,"dil2":1.025,"dil3":1.075,"dil4":0.925,"dil5":0.875,"dil6":0.975,"rots":[25,-25,5,15,-5,-15],"dils":[1.125,1.025,1.075,0.925,0.875,0.975]},{"id":"test","shape":"isoTrapezoid","outlier_type":2,"choice":2,"outlierPosition":0,"success":false,"majorityOfMostRegularShapes":false,"rt":2351.7000000029802,"rot1":-5,"rot2":5,"rot3":15,"rot4":25,"rot5":-15,"rot6":-25,"dil1":0.975,"dil2":1.025,"dil3":0.875,"dil4":1.125,"dil5":1.075,"dil6":0.925,"rots":[-5,5,15,25,-15,-25],"dils":[0.975,1.025,0.875,1.125,1.075,0.925]},{"id":"test","shape":"trapezoid","outlier_type":1,"choice":0,"outlierPosition":0,"success":true,"majorityOfMostRegularShapes":true,"rt":2715.10000000149,"rot1":-25,"rot2":15,"rot3":-5,"rot4":25,"rot5":-15,"rot6":5,"dil1":1.125,"dil2":0.875,"dil3":0.975,"dil4":0.925,"dil5":1.075,"dil6":1.025,"rots":[-25,15,-5,25,-15,5],"dils":[1.125,0.875,0.975,0.925,1.075,1.025]},{"id":"test","shape":"square","outlier_type":2,"choice":1,"outlierPosition":1,"success":true,"majorityOfMostRegularShapes":true,"rt":1618.6000000014901,"rot1":-15,"rot2":25,"rot3":-5,"rot4":5,"rot5":-25,"rot6":15,"dil1":0.975,"dil2":1.075,"dil3":0.925,"dil4":0.875,"dil5":1.125,"dil6":1.025,"rots":[-15,25,-5,5,-25,15],"dils":[0.975,1.075,0.925,0.875,1.125,1.025]},{"id":"test","shape":"random","outlier_type":3,"choice":5,"outlierPosition":2,"success":false,"majorityOfMostRegularShapes":false,"rt":3085.9000000059605,"rot1":-15,"rot2":-25,"rot3":15,"rot4":5,"rot5":-5,"rot6":25,"dil1":1.075,"dil2":0.975,"dil3":0.925,"dil4":1.125,"dil5":0.875,"dil6":1.025,"rots":[-15,-25,15,5,-5,25],"dils":[1.075,0.975,0.925,1.125,0.875,1.025]},{"id":"test","shape":"parallelogram","outlier_type":2,"choice":4,"outlierPosition":4,"success":true,"majorityOfMostRegularShapes":true,"rt":2568.5,"rot1":-5,"rot2":5,"rot3":25,"rot4":15,"rot5":-15,"rot6":-25,"dil1":0.925,"dil2":1.025,"dil3":1.075,"dil4":0.975,"dil5":1.125,"dil6":0.875,"rots":[-5,5,25,15,-15,-25],"dils":[0.925,1.025,1.075,0.975,1.125,0.875]},{"id":"test","shape":"random","outlier_type":3,"choice":3,"outlierPosition":0,"success":false,"majorityOfMostRegularShapes":true,"rt":3229.9000000059605,"rot1":15,"rot2":25,"rot3":-15,"rot4":-25,"rot5":5,"rot6":-5,"dil1":0.975,"dil2":1.075,"dil3":0.875,"dil4":1.125,"dil5":1.025,"dil6":0.925,"rots":[15,25,-15,-25,5,-5],"dils":[0.975,1.075,0.875,1.125,1.025,0.925]},{"id":"test","shape":"isoTrapezoid","outlier_type":2,"choice":5,"outlierPosition":5,"success":true,"majorityOfMostRegularShapes":true,"rt":2259,"rot1":5,"rot2":-5,"rot3":15,"rot4":-25,"rot5":25,"rot6":-15,"dil1":0.925,"dil2":0.975,"dil3":1.125,"dil4":1.025,"dil5":0.875,"dil6":1.075,"rots":[5,-5,15,-25,25,-15],"dils":[0.925,0.975,1.125,1.025,0.875,1.075]},{"id":"test","shape":"parallelogram","outlier_type":0,"choice":0,"outlierPosition":0,"success":true,"majorityOfMostRegularShapes":true,"rt":4135.10000000149,"rot1":-25,"rot2":5,"rot3":15,"rot4":-15,"rot5":-5,"rot6":25,"dil1":1.125,"dil2":0.925,"dil3":1.025,"dil4":0.975,"dil5":1.075,"dil6":0.875,"rots":[-25,5,15,-15,-5,25],"dils":[1.125,0.925,1.025,0.975,1.075,0.875]},{"id":"test","shape":"rustedHinge","outlier_type":3,"choice":4,"outlierPosition":4,"success":true,"majorityOfMostRegularShapes":true,"rt":5489.19999999553,"rot1":-5,"rot2":15,"rot3":-15,"rot4":5,"rot5":25,"rot6":-25,"dil1":1.025,"dil2":1.125,"dil3":0.975,"dil4":1.075,"dil5":0.925,"dil6":0.875,"rots":[-5,15,-15,5,25,-25],"dils":[1.025,1.125,0.975,1.075,0.925,0.875]},{"id":"test","shape":"rectangle","outlier_type":2,"choice":5,"outlierPosition":5,"success":true,"majorityOfMostRegularShapes":false,"rt":1711.3000000044703,"rot1":-15,"rot2":-25,"rot3":25,"rot4":5,"rot5":-5,"rot6":15,"dil1":0.975,"dil2":0.875,"dil3":0.925,"dil4":1.025,"dil5":1.075,"dil6":1.125,"rots":[-15,-25,25,5,-5,15],"dils":[0.975,0.875,0.925,1.025,1.075,1.125]},{"id":"test","shape":"trapezoid","outlier_type":1,"choice":1,"outlierPosition":1,"success":true,"majorityOfMostRegularShapes":false,"rt":3571.1999999955297,"rot1":5,"rot2":15,"rot3":-25,"rot4":25,"rot5":-15,"rot6":-5,"dil1":0.875,"dil2":0.975,"dil3":1.075,"dil4":0.925,"dil5":1.125,"dil6":1.025,"rots":[5,15,-25,25,-15,-5],"dils":[0.875,0.975,1.075,0.925,1.125,1.025]},{"id":"test","shape":"square","outlier_type":0,"choice":1,"outlierPosition":1,"success":true,"majorityOfMostRegularShapes":false,"rt":2674,"rot1":15,"rot2":-15,"rot3":-25,"rot4":25,"rot5":5,"rot6":-5,"dil1":0.875,"dil2":0.925,"dil3":1.025,"dil4":0.975,"dil5":1.075,"dil6":1.125,"rots":[15,-15,-25,25,5,-5],"dils":[0.875,0.925,1.025,0.975,1.075,1.125]},{"id":"test","shape":"trapezoid","outlier_type":2,"choice":3,"outlierPosition":3,"success":true,"majorityOfMostRegularShapes":true,"rt":5218.80000000447,"rot1":-5,"rot2":-15,"rot3":25,"rot4":5,"rot5":-25,"rot6":15,"dil1":1.125,"dil2":1.075,"dil3":0.925,"dil4":1.025,"dil5":0.875,"dil6":0.975,"rots":[-5,-15,25,5,-25,15],"dils":[1.125,1.075,0.925,1.025,0.875,0.975]},{"id":"test","shape":"kite","outlier_type":0,"choice":2,"outlierPosition":5,"success":false,"majorityOfMostRegularShapes":true,"rt":3894.89999999851,"rot1":-15,"rot2":-25,"rot3":15,"rot4":5,"rot5":25,"rot6":-5,"dil1":1.125,"dil2":0.925,"dil3":1.075,"dil4":1.025,"dil5":0.875,"dil6":0.975,"rots":[-15,-25,15,5,25,-5],"dils":[1.125,0.925,1.075,1.025,0.875,0.975]},{"id":"test","shape":"hinge","outlier_type":1,"choice":0,"outlierPosition":0,"success":true,"majorityOfMostRegularShapes":true,"rt":3056.2999999970198,"rot1":-15,"rot2":-5,"rot3":-25,"rot4":25,"rot5":15,"rot6":5,"dil1":1.125,"dil2":0.975,"dil3":1.075,"dil4":0.875,"dil5":0.925,"dil6":1.025,"rots":[-15,-5,-25,25,15,5],"dils":[1.125,0.975,1.075,0.875,0.925,1.025]},{"id":"test","shape":"kite","outlier_type":3,"choice":2,"outlierPosition":2,"success":true,"majorityOfMostRegularShapes":false,"rt":2021.5,"rot1":5,"rot2":-5,"rot3":-25,"rot4":25,"rot5":-15,"rot6":15,"dil1":1.075,"dil2":1.025,"dil3":0.975,"dil4":1.125,"dil5":0.875,"dil6":0.925,"rots":[5,-5,-25,25,-15,15],"dils":[1.075,1.025,0.975,1.125,0.875,0.925]},{"id":"test","shape":"kite","outlier_type":2,"choice":4,"outlierPosition":4,"success":true,"majorityOfMostRegularShapes":false,"rt":1170.8000000044703,"rot1":5,"rot2":-5,"rot3":-25,"rot4":25,"rot5":15,"rot6":-15,"dil1":1.025,"dil2":0.925,"dil3":1.075,"dil4":0.975,"dil5":0.875,"dil6":1.125,"rots":[5,-5,-25,25,15,-15],"dils":[1.025,0.925,1.075,0.975,0.875,1.125]},{"id":"test","shape":"parallelogram","outlier_type":1,"choice":2,"outlierPosition":2,"success":true,"majorityOfMostRegularShapes":false,"rt":2352.3000000044703,"rot1":-5,"rot2":-15,"rot3":5,"rot4":15,"rot5":-25,"rot6":25,"dil1":1.125,"dil2":0.925,"dil3":1.025,"dil4":1.075,"dil5":0.875,"dil6":0.975,"rots":[-5,-15,5,15,-25,25],"dils":[1.125,0.925,1.025,1.075,0.875,0.975]},{"id":"test","shape":"rustedHinge","outlier_type":2,"choice":4,"outlierPosition":4,"success":true,"majorityOfMostRegularShapes":false,"rt":2270.89999999851,"rot1":-25,"rot2":-5,"rot3":5,"rot4":25,"rot5":-15,"rot6":15,"dil1":1.025,"dil2":1.125,"dil3":0.975,"dil4":1.075,"dil5":0.925,"dil6":0.875,"rots":[-25,-5,5,25,-15,15],"dils":[1.025,1.125,0.975,1.075,0.925,0.875]},{"id":"test","shape":"isoTrapezoid","outlier_type":1,"choice":5,"outlierPosition":5,"success":true,"majorityOfMostRegularShapes":true,"rt":1531.3999999985099,"rot1":-5,"rot2":-15,"rot3":25,"rot4":15,"rot5":-25,"rot6":5,"dil1":0.875,"dil2":1.025,"dil3":0.975,"dil4":1.075,"dil5":1.125,"dil6":0.925,"rots":[-5,-15,25,15,-25,5],"dils":[0.875,1.025,0.975,1.075,1.125,0.925]},{"id":"test","shape":"rustedHinge","outlier_type":3,"choice":4,"outlierPosition":4,"success":true,"majorityOfMostRegularShapes":false,"rt":4412.79999999702,"rot1":25,"rot2":5,"rot3":-5,"rot4":-25,"rot5":-15,"rot6":15,"dil1":1.125,"dil2":0.875,"dil3":0.925,"dil4":1.075,"dil5":0.975,"dil6":1.025,"rots":[25,5,-5,-25,-15,15],"dils":[1.125,0.875,0.925,1.075,0.975,1.025]},{"id":"test","shape":"random","outlier_type":1,"choice":3,"outlierPosition":3,"success":true,"majorityOfMostRegularShapes":false,"rt":4088.9000000059605,"rot1":-5,"rot2":25,"rot3":15,"rot4":-25,"rot5":5,"rot6":-15,"dil1":1.025,"dil2":0.925,"dil3":0.975,"dil4":0.875,"dil5":1.075,"dil6":1.125,"rots":[-5,25,15,-25,5,-15],"dils":[1.025,0.925,0.975,0.875,1.075,1.125]},{"id":"test","shape":"losange","outlier_type":0,"choice":2,"outlierPosition":2,"success":true,"majorityOfMostRegularShapes":true,"rt":2415.2000000029802,"rot1":25,"rot2":5,"rot3":15,"rot4":-5,"rot5":-25,"rot6":-15,"dil1":1.025,"dil2":1.075,"dil3":1.125,"dil4":0.925,"dil5":0.875,"dil6":0.975,"rots":[25,5,15,-5,-25,-15],"dils":[1.025,1.075,1.125,0.925,0.875,0.975]},{"id":"test","shape":"square","outlier_type":1,"choice":3,"outlierPosition":3,"success":true,"majorityOfMostRegularShapes":false,"rt":1286.4000000059605,"rot1":15,"rot2":-5,"rot3":-15,"rot4":-25,"rot5":25,"rot6":5,"dil1":0.875,"dil2":1.025,"dil3":1.125,"dil4":1.075,"dil5":0.975,"dil6":0.925,"rots":[15,-5,-15,-25,25,5],"dils":[0.875,1.025,1.125,1.075,0.975,0.925]},{"id":"test","shape":"rustedHinge","outlier_type":2,"choice":1,"outlierPosition":2,"success":false,"majorityOfMostRegularShapes":true,"rt":4234.60000000149,"rot1":25,"rot2":15,"rot3":-25,"rot4":5,"rot5":-15,"rot6":-5,"dil1":1.125,"dil2":1.025,"dil3":0.925,"dil4":0.975,"dil5":1.075,"dil6":0.875,"rots":[25,15,-25,5,-15,-5],"dils":[1.125,1.025,0.925,0.975,1.075,0.875]},{"id":"test","shape":"losange","outlier_type":0,"choice":0,"outlierPosition":1,"success":false,"majorityOfMostRegularShapes":false,"rt":4169.29999999702,"rot1":25,"rot2":5,"rot3":-5,"rot4":-15,"rot5":-25,"rot6":15,"dil1":0.975,"dil2":0.925,"dil3":1.075,"dil4":1.125,"dil5":0.875,"dil6":1.025,"rots":[25,5,-5,-15,-25,15],"dils":[0.975,0.925,1.075,1.125,0.875,1.025]},{"id":"test","shape":"hinge","outlier_type":3,"choice":2,"outlierPosition":2,"success":true,"majorityOfMostRegularShapes":true,"rt":2217.89999999851,"rot1":15,"rot2":-15,"rot3":-5,"rot4":25,"rot5":-25,"rot6":5,"dil1":0.875,"dil2":1.025,"dil3":0.925,"dil4":1.075,"dil5":1.125,"dil6":0.975,"rots":[15,-15,-5,25,-25,5],"dils":[0.875,1.025,0.925,1.075,1.125,0.975]},{"id":"test","shape":"rectangle","outlier_type":2,"choice":5,"outlierPosition":5,"success":true,"majorityOfMostRegularShapes":true,"rt":1661.7999999970198,"rot1":-25,"rot2":5,"rot3":-15,"rot4":25,"rot5":15,"rot6":-5,"dil1":0.875,"dil2":0.925,"dil3":0.975,"dil4":1.025,"dil5":1.075,"dil6":1.125,"rots":[-25,5,-15,25,15,-5],"dils":[0.875,0.925,0.975,1.025,1.075,1.125]},{"id":"test","shape":"isoTrapezoid","outlier_type":3,"choice":0,"outlierPosition":0,"success":true,"majorityOfMostRegularShapes":true,"rt":3896.2000000029802,"rot1":-25,"rot2":-5,"rot3":25,"rot4":-15,"rot5":15,"rot6":5,"dil1":1.075,"dil2":0.925,"dil3":1.025,"dil4":0.875,"dil5":0.975,"dil6":1.125,"rots":[-25,-5,25,-15,15,5],"dils":[1.075,0.925,1.025,0.875,0.975,1.125]},{"id":"test","shape":"parallelogram","outlier_type":1,"choice":4,"outlierPosition":4,"success":true,"majorityOfMostRegularShapes":true,"rt":4707.60000000149,"rot1":-5,"rot2":-25,"rot3":-15,"rot4":5,"rot5":15,"rot6":25,"dil1":0.875,"dil2":1.125,"dil3":0.975,"dil4":1.075,"dil5":1.025,"dil6":0.925,"rots":[-5,-25,-15,5,15,25],"dils":[0.875,1.125,0.975,1.075,1.025,0.925]},{"id":"test","shape":"isoTrapezoid","outlier_type":0,"choice":2,"outlierPosition":2,"success":true,"majorityOfMostRegularShapes":false,"rt":3085.60000000149,"rot1":-5,"rot2":-25,"rot3":5,"rot4":25,"rot5":15,"rot6":-15,"dil1":1.125,"dil2":1.075,"dil3":0.875,"dil4":0.975,"dil5":0.925,"dil6":1.025,"rots":[-5,-25,5,25,15,-15],"dils":[1.125,1.075,0.875,0.975,0.925,1.025]},{"id":"test","shape":"parallelogram","outlier_type":2,"choice":3,"outlierPosition":3,"success":true,"majorityOfMostRegularShapes":false,"rt":4893.70000000298,"rot1":25,"rot2":-15,"rot3":5,"rot4":15,"rot5":-5,"rot6":-25,"dil1":1.075,"dil2":0.875,"dil3":1.025,"dil4":1.125,"dil5":0.975,"dil6":0.925,"rots":[25,-15,5,15,-5,-25],"dils":[1.075,0.875,1.025,1.125,0.975,0.925]},{"id":"test","shape":"isoTrapezoid","outlier_type":1,"choice":1,"outlierPosition":1,"success":true,"majorityOfMostRegularShapes":false,"rt":4933.5,"rot1":5,"rot2":15,"rot3":-25,"rot4":25,"rot5":-15,"rot6":-5,"dil1":1.025,"dil2":0.925,"dil3":1.075,"dil4":1.125,"dil5":0.975,"dil6":0.875,"rots":[5,15,-25,25,-15,-5],"dils":[1.025,0.925,1.075,1.125,0.975,0.875]},{"id":"test","shape":"hinge","outlier_type":0,"choice":0,"outlierPosition":0,"success":true,"majorityOfMostRegularShapes":false,"rt":3705,"rot1":-25,"rot2":5,"rot3":15,"rot4":-5,"rot5":25,"rot6":-15,"dil1":1.025,"dil2":0.975,"dil3":0.875,"dil4":0.925,"dil5":1.075,"dil6":1.125,"rots":[-25,5,15,-5,25,-15],"dils":[1.025,0.975,0.875,0.925,1.075,1.125]},{"id":"test","shape":"random","outlier_type":1,"choice":5,"outlierPosition":0,"success":false,"majorityOfMostRegularShapes":true,"rt":6163.19999999553,"rot1":-15,"rot2":5,"rot3":-5,"rot4":-25,"rot5":15,"rot6":25,"dil1":0.875,"dil2":1.125,"dil3":0.925,"dil4":1.025,"dil5":0.975,"dil6":1.075,"rots":[-15,5,-5,-25,15,25],"dils":[0.875,1.125,0.925,1.025,0.975,1.075]},{"id":"test","shape":"kite","outlier_type":2,"choice":5,"outlierPosition":5,"success":true,"majorityOfMostRegularShapes":true,"rt":3618.2000000029802,"rot1":-5,"rot2":-15,"rot3":-25,"rot4":25,"rot5":15,"rot6":5,"dil1":1.075,"dil2":0.975,"dil3":1.125,"dil4":0.875,"dil5":1.025,"dil6":0.925,"rots":[-5,-15,-25,25,15,5],"dils":[1.075,0.975,1.125,0.875,1.025,0.925]},{"id":"test","shape":"trapezoid","outlier_type":0,"choice":4,"outlierPosition":1,"success":false,"majorityOfMostRegularShapes":false,"rt":4951.5,"rot1":15,"rot2":-5,"rot3":-15,"rot4":25,"rot5":-25,"rot6":5,"dil1":0.925,"dil2":1.025,"dil3":0.975,"dil4":1.075,"dil5":0.875,"dil6":1.125,"rots":[15,-5,-15,25,-25,5],"dils":[0.925,1.025,0.975,1.075,0.875,1.125]},{"id":"test","shape":"hinge","outlier_type":2,"choice":0,"outlierPosition":0,"success":true,"majorityOfMostRegularShapes":false,"rt":4864.79999999702,"rot1":-5,"rot2":-25,"rot3":5,"rot4":15,"rot5":-15,"rot6":25,"dil1":0.925,"dil2":1.125,"dil3":1.025,"dil4":1.075,"dil5":0.975,"dil6":0.875,"rots":[-5,-25,5,15,-15,25],"dils":[0.925,1.125,1.025,1.075,0.975,0.875]},{"id":"test","shape":"losange","outlier_type":3,"choice":5,"outlierPosition":5,"success":true,"majorityOfMostRegularShapes":true,"rt":2002,"rot1":-15,"rot2":15,"rot3":-5,"rot4":5,"rot5":-25,"rot6":25,"dil1":0.925,"dil2":0.975,"dil3":0.875,"dil4":1.025,"dil5":1.075,"dil6":1.125,"rots":[-15,15,-5,5,-25,25],"dils":[0.925,0.975,0.875,1.025,1.075,1.125]},{"id":"test","shape":"trapezoid","outlier_type":0,"choice":4,"outlierPosition":2,"success":false,"majorityOfMostRegularShapes":true,"rt":5838.5,"rot1":25,"rot2":-15,"rot3":-25,"rot4":15,"rot5":5,"rot6":-5,"dil1":0.925,"dil2":1.025,"dil3":0.875,"dil4":0.975,"dil5":1.075,"dil6":1.125,"rots":[25,-15,-25,15,5,-5],"dils":[0.925,1.025,0.875,0.975,1.075,1.125]},{"id":"test","shape":"rightKite","outlier_type":1,"choice":4,"outlierPosition":4,"success":true,"majorityOfMostRegularShapes":false,"rt":2636,"rot1":5,"rot2":25,"rot3":-25,"rot4":-5,"rot5":-15,"rot6":15,"dil1":0.925,"dil2":1.025,"dil3":0.975,"dil4":0.875,"dil5":1.125,"dil6":1.075,"rots":[5,25,-25,-5,-15,15],"dils":[0.925,1.025,0.975,0.875,1.125,1.075]},{"id":"test","shape":"square","outlier_type":3,"choice":5,"outlierPosition":5,"success":true,"majorityOfMostRegularShapes":true,"rt":1315.2000000029802,"rot1":-25,"rot2":15,"rot3":25,"rot4":5,"rot5":-15,"rot6":-5,"dil1":0.975,"dil2":0.875,"dil3":0.925,"dil4":1.125,"dil5":1.075,"dil6":1.025,"rots":[-25,15,25,5,-15,-5],"dils":[0.975,0.875,0.925,1.125,1.075,1.025]},{"id":"test","shape":"rightKite","outlier_type":0,"choice":5,"outlierPosition":5,"success":true,"majorityOfMostRegularShapes":false,"rt":3585.5,"rot1":-15,"rot2":5,"rot3":-25,"rot4":-5,"rot5":25,"rot6":15,"dil1":0.925,"dil2":0.975,"dil3":1.025,"dil4":1.125,"dil5":0.875,"dil6":1.075,"rots":[-15,5,-25,-5,25,15],"dils":[0.925,0.975,1.025,1.125,0.875,1.075]},{"id":"test","shape":"hinge","outlier_type":2,"choice":2,"outlierPosition":2,"success":true,"majorityOfMostRegularShapes":true,"rt":1998.4000000059605,"rot1":-5,"rot2":-25,"rot3":5,"rot4":15,"rot5":-15,"rot6":25,"dil1":0.875,"dil2":0.925,"dil3":1.125,"dil4":1.075,"dil5":1.025,"dil6":0.975,"rots":[-5,-25,5,15,-15,25],"dils":[0.875,0.925,1.125,1.075,1.025,0.975]},{"id":"test","shape":"losange","outlier_type":1,"choice":0,"outlierPosition":0,"success":true,"majorityOfMostRegularShapes":false,"rt":3182.4000000059605,"rot1":25,"rot2":-5,"rot3":15,"rot4":-25,"rot5":-15,"rot6":5,"dil1":1.125,"dil2":1.075,"dil3":0.875,"dil4":0.975,"dil5":0.925,"dil6":1.025,"rots":[25,-5,15,-25,-15,5],"dils":[1.125,1.075,0.875,0.975,0.925,1.025]},{"id":"test","shape":"rectangle","outlier_type":0,"choice":4,"outlierPosition":4,"success":true,"majorityOfMostRegularShapes":true,"rt":1611.1000000014901,"rot1":5,"rot2":-15,"rot3":25,"rot4":-5,"rot5":-25,"rot6":15,"dil1":1.025,"dil2":1.075,"dil3":1.125,"dil4":0.975,"dil5":0.925,"dil6":0.875,"rots":[5,-15,25,-5,-25,15],"dils":[1.025,1.075,1.125,0.975,0.925,0.875]},{"id":"test","shape":"kite","outlier_type":1,"choice":2,"outlierPosition":2,"success":true,"majorityOfMostRegularShapes":true,"rt":1821.8000000044703,"rot1":25,"rot2":15,"rot3":-15,"rot4":-25,"rot5":5,"rot6":-5,"dil1":1.125,"dil2":1.025,"dil3":0.925,"dil4":1.075,"dil5":0.975,"dil6":0.875,"rots":[25,15,-15,-25,5,-5],"dils":[1.125,1.025,0.925,1.075,0.975,0.875]},{"id":"test","shape":"losange","outlier_type":3,"choice":1,"outlierPosition":2,"success":false,"majorityOfMostRegularShapes":false,"rt":3735.7000000029802,"rot1":-25,"rot2":-15,"rot3":-5,"rot4":25,"rot5":15,"rot6":5,"dil1":1.125,"dil2":0.875,"dil3":0.975,"dil4":1.025,"dil5":0.925,"dil6":1.075,"rots":[-25,-15,-5,25,15,5],"dils":[1.125,0.875,0.975,1.025,0.925,1.075]},{"id":"test","shape":"rustedHinge","outlier_type":0,"choice":2,"outlierPosition":2,"success":true,"majorityOfMostRegularShapes":false,"rt":3131.89999999851,"rot1":15,"rot2":-5,"rot3":-15,"rot4":-25,"rot5":25,"rot6":5,"dil1":1.125,"dil2":0.875,"dil3":1.075,"dil4":1.025,"dil5":0.925,"dil6":0.975,"rots":[15,-5,-15,-25,25,5],"dils":[1.125,0.875,1.075,1.025,0.925,0.975]},{"id":"test","shape":"square","outlier_type":3,"choice":2,"outlierPosition":2,"success":true,"majorityOfMostRegularShapes":false,"rt":1116.3999999985099,"rot1":-25,"rot2":15,"rot3":25,"rot4":5,"rot5":-15,"rot6":-5,"dil1":1.075,"dil2":1.125,"dil3":0.875,"dil4":1.025,"dil5":0.975,"dil6":0.925,"rots":[-25,15,25,5,-15,-5],"dils":[1.075,1.125,0.875,1.025,0.975,0.925]},{"id":"test","shape":"isoTrapezoid","outlier_type":0,"choice":1,"outlierPosition":1,"success":true,"majorityOfMostRegularShapes":true,"rt":2918.39999999851,"rot1":15,"rot2":25,"rot3":-25,"rot4":-5,"rot5":5,"rot6":-15,"dil1":0.975,"dil2":0.925,"dil3":1.025,"dil4":1.075,"dil5":1.125,"dil6":0.875,"rots":[15,25,-25,-5,5,-15],"dils":[0.975,0.925,1.025,1.075,1.125,0.875]},{"id":"test","shape":"random","outlier_type":2,"choice":5,"outlierPosition":3,"success":false,"majorityOfMostRegularShapes":false,"rt":4930.70000000298,"rot1":-5,"rot2":-15,"rot3":5,"rot4":15,"rot5":-25,"rot6":25,"dil1":1.025,"dil2":1.075,"dil3":0.975,"dil4":1.125,"dil5":0.925,"dil6":0.875,"rots":[-5,-15,5,15,-25,25],"dils":[1.025,1.075,0.975,1.125,0.925,0.875]},{"id":"test","shape":"rightKite","outlier_type":3,"choice":4,"outlierPosition":4,"success":true,"majorityOfMostRegularShapes":true,"rt":2238.10000000149,"rot1":15,"rot2":-25,"rot3":-5,"rot4":-15,"rot5":5,"rot6":25,"dil1":0.925,"dil2":1.025,"dil3":1.125,"dil4":0.975,"dil5":1.075,"dil6":0.875,"rots":[15,-25,-5,-15,5,25],"dils":[0.925,1.025,1.125,0.975,1.075,0.875]},{"id":"test","shape":"kite","outlier_type":3,"choice":2,"outlierPosition":2,"success":true,"majorityOfMostRegularShapes":true,"rt":3761.5999999940395,"rot1":15,"rot2":5,"rot3":-15,"rot4":25,"rot5":-25,"rot6":-5,"dil1":1.075,"dil2":0.925,"dil3":0.975,"dil4":1.025,"dil5":0.875,"dil6":1.125,"rots":[15,5,-15,25,-25,-5],"dils":[1.075,0.925,0.975,1.025,0.875,1.125]},{"id":"test","shape":"losange","outlier_type":2,"choice":4,"outlierPosition":4,"success":true,"majorityOfMostRegularShapes":true,"rt":2065.4000000059605,"rot1":-15,"rot2":15,"rot3":-25,"rot4":5,"rot5":25,"rot6":-5,"dil1":0.875,"dil2":1.125,"dil3":1.025,"dil4":0.925,"dil5":0.975,"dil6":1.075,"rots":[-15,15,-25,5,25,-5],"dils":[0.875,1.125,1.025,0.925,0.975,1.075]},{"id":"test","shape":"rightKite","outlier_type":3,"choice":1,"outlierPosition":1,"success":true,"majorityOfMostRegularShapes":false,"rt":1733.6000000014901,"rot1":5,"rot2":-25,"rot3":-5,"rot4":25,"rot5":15,"rot6":-15,"dil1":1.125,"dil2":0.925,"dil3":0.875,"dil4":0.975,"dil5":1.075,"dil6":1.025,"rots":[5,-25,-5,25,15,-15],"dils":[1.125,0.925,0.875,0.975,1.075,1.025]},{"id":"test","shape":"random","outlier_type":2,"choice":2,"outlierPosition":0,"success":false,"majorityOfMostRegularShapes":true,"rt":4247.79999999702,"rot1":-5,"rot2":-15,"rot3":25,"rot4":-25,"rot5":15,"rot6":5,"dil1":1.125,"dil2":1.075,"dil3":0.975,"dil4":0.925,"dil5":1.025,"dil6":0.875,"rots":[-5,-15,25,-25,15,5],"dils":[1.125,1.075,0.975,0.925,1.025,0.875]},{"id":"test","shape":"rectangle","outlier_type":1,"choice":0,"outlierPosition":0,"success":true,"majorityOfMostRegularShapes":false,"rt":1333.3999999985099,"rot1":5,"rot2":25,"rot3":-25,"rot4":-5,"rot5":15,"rot6":-15,"dil1":0.875,"dil2":0.925,"dil3":0.975,"dil4":1.025,"dil5":1.075,"dil6":1.125,"rots":[5,25,-25,-5,15,-15],"dils":[0.875,0.925,0.975,1.025,1.075,1.125]},{"id":"test","shape":"rightKite","outlier_type":0,"choice":4,"outlierPosition":4,"success":true,"majorityOfMostRegularShapes":true,"rt":4334.70000000298,"rot1":-25,"rot2":25,"rot3":-15,"rot4":-5,"rot5":15,"rot6":5,"dil1":1.075,"dil2":0.925,"dil3":1.125,"dil4":0.975,"dil5":1.025,"dil6":0.875,"rots":[-25,25,-15,-5,15,5],"dils":[1.075,0.925,1.125,0.975,1.025,0.875]},{"id":"test","shape":"trapezoid","outlier_type":3,"choice":1,"outlierPosition":5,"success":false,"majorityOfMostRegularShapes":true,"rt":8612,"rot1":-25,"rot2":5,"rot3":-5,"rot4":15,"rot5":-15,"rot6":25,"dil1":1.125,"dil2":0.975,"dil3":1.075,"dil4":1.025,"dil5":0.875,"dil6":0.925,"rots":[-25,5,-5,15,-15,25],"dils":[1.125,0.975,1.075,1.025,0.875,0.925]},{"id":"test","shape":"hinge","outlier_type":1,"choice":5,"outlierPosition":2,"success":false,"majorityOfMostRegularShapes":false,"rt":8009.89999999851,"rot1":-25,"rot2":25,"rot3":-5,"rot4":5,"rot5":15,"rot6":-15,"dil1":0.925,"dil2":0.975,"dil3":0.875,"dil4":1.025,"dil5":1.125,"dil6":1.075,"rots":[-25,25,-5,5,15,-15],"dils":[0.925,0.975,0.875,1.025,1.125,1.075]},{"id":"test","shape":"kite","outlier_type":0,"choice":3,"outlierPosition":1,"success":false,"majorityOfMostRegularShapes":false,"rt":7337.70000000298,"rot1":-5,"rot2":-15,"rot3":15,"rot4":5,"rot5":-25,"rot6":25,"dil1":0.975,"dil2":0.925,"dil3":0.875,"dil4":1.125,"dil5":1.025,"dil6":1.075,"rots":[-5,-15,15,5,-25,25],"dils":[0.975,0.925,0.875,1.125,1.025,1.075]},{"id":"test","shape":"rustedHinge","outlier_type":1,"choice":3,"outlierPosition":3,"success":true,"majorityOfMostRegularShapes":false,"rt":4855,"rot1":-15,"rot2":-25,"rot3":-5,"rot4":25,"rot5":5,"rot6":15,"dil1":1.125,"dil2":0.975,"dil3":1.075,"dil4":1.025,"dil5":0.875,"dil6":0.925,"rots":[-15,-25,-5,25,5,15],"dils":[1.125,0.975,1.075,1.025,0.875,0.925]},{"id":"test","shape":"square","outlier_type":2,"choice":1,"outlierPosition":1,"success":true,"majorityOfMostRegularShapes":false,"rt":4273.20000000298,"rot1":5,"rot2":15,"rot3":-25,"rot4":25,"rot5":-5,"rot6":-15,"dil1":1.075,"dil2":0.875,"dil3":0.925,"dil4":0.975,"dil5":1.125,"dil6":1.025,"rots":[5,15,-25,25,-5,-15],"dils":[1.075,0.875,0.925,0.975,1.125,1.025]},{"id":"test","shape":"hinge","outlier_type":3,"choice":4,"outlierPosition":4,"success":true,"majorityOfMostRegularShapes":false,"rt":3192.10000000149,"rot1":15,"rot2":-15,"rot3":-5,"rot4":-25,"rot5":25,"rot6":5,"dil1":1.125,"dil2":1.025,"dil3":0.875,"dil4":0.975,"dil5":0.925,"dil6":1.075,"rots":[15,-15,-5,-25,25,5],"dils":[1.125,1.025,0.875,0.975,0.925,1.075]},{"id":"test","shape":"rustedHinge","outlier_type":1,"choice":0,"outlierPosition":0,"success":true,"majorityOfMostRegularShapes":true,"rt":4752,"rot1":15,"rot2":5,"rot3":-5,"rot4":-15,"rot5":25,"rot6":-25,"dil1":1.125,"dil2":1.025,"dil3":1.075,"dil4":0.875,"dil5":0.925,"dil6":0.975,"rots":[15,5,-5,-15,25,-25],"dils":[1.125,1.025,1.075,0.875,0.925,0.975]},{"id":"test","shape":"trapezoid","outlier_type":3,"choice":4,"outlierPosition":3,"success":false,"majorityOfMostRegularShapes":false,"rt":1455.2000000029802,"rot1":-5,"rot2":-25,"rot3":15,"rot4":5,"rot5":25,"rot6":-15,"dil1":1.075,"dil2":0.875,"dil3":0.975,"dil4":1.025,"dil5":0.925,"dil6":1.125,"rots":[-5,-25,15,5,25,-15],"dils":[1.075,0.875,0.975,1.025,0.925,1.125]},{"id":"test","shape":"parallelogram","outlier_type":0,"choice":0,"outlierPosition":0,"success":true,"majorityOfMostRegularShapes":false,"rt":2303.10000000149,"rot1":25,"rot2":-5,"rot3":5,"rot4":-15,"rot5":-25,"rot6":15,"dil1":1.075,"dil2":0.925,"dil3":1.025,"dil4":0.975,"dil5":0.875,"dil6":1.125,"rots":[25,-5,5,-15,-25,15],"dils":[1.075,0.925,1.025,0.975,0.875,1.125]},{"id":"test","shape":"rectangle","outlier_type":3,"choice":3,"outlierPosition":3,"success":true,"majorityOfMostRegularShapes":false,"rt":1130.8999999985099,"rot1":-25,"rot2":15,"rot3":-5,"rot4":-15,"rot5":25,"rot6":5,"dil1":0.925,"dil2":1.125,"dil3":1.025,"dil4":0.875,"dil5":0.975,"dil6":1.075,"rots":[-25,15,-5,-15,25,5],"dils":[0.925,1.125,1.025,0.875,0.975,1.075]},{"id":"test","shape":"rightKite","outlier_type":1,"choice":4,"outlierPosition":4,"success":true,"majorityOfMostRegularShapes":true,"rt":2371.7000000029802,"rot1":25,"rot2":-5,"rot3":-15,"rot4":5,"rot5":-25,"rot6":15,"dil1":1.025,"dil2":0.875,"dil3":0.925,"dil4":1.075,"dil5":0.975,"dil6":1.125,"rots":[25,-5,-15,5,-25,15],"dils":[1.025,0.875,0.925,1.075,0.975,1.125]},{"id":"test","shape":"trapezoid","outlier_type":2,"choice":5,"outlierPosition":5,"success":true,"majorityOfMostRegularShapes":false,"rt":1712.7999999970198,"rot1":15,"rot2":25,"rot3":-5,"rot4":-25,"rot5":-15,"rot6":5,"dil1":0.875,"dil2":1.025,"dil3":0.975,"dil4":0.925,"dil5":1.075,"dil6":1.125,"rots":[15,25,-5,-25,-15,5],"dils":[0.875,1.025,0.975,0.925,1.075,1.125]},{"id":"test","shape":"parallelogram","outlier_type":3,"choice":3,"outlierPosition":3,"success":true,"majorityOfMostRegularShapes":false,"rt":4388.5,"rot1":15,"rot2":5,"rot3":25,"rot4":-15,"rot5":-25,"rot6":-5,"dil1":0.925,"dil2":1.025,"dil3":0.975,"dil4":0.875,"dil5":1.075,"dil6":1.125,"rots":[15,5,25,-15,-25,-5],"dils":[0.925,1.025,0.975,0.875,1.075,1.125]}],"desiredDistance":0.3,"trial_type":"oddball-grid","trial_index":5,"time_elapsed":769186,"internal_node_id":"0.0-5.0","score":0.7954545454545454,"early_termination":false}]